{"exchange-flows": [{"id": "622a08341ef01949d467d4dc", "name": "exchange-reserve"}, {"id": "622a08341ef01949d467d4fe", "name": "exchange-reserve-usd"}, {"id": "622a08341ef01949d467d544", "name": "exchange-inflow-total"}, {"id": "622a08341ef01949d467d5cd", "name": "exchange-outflow-total"}, {"id": "622a08341ef01949d467d521", "name": "exchange-netflow-total"}, {"id": "622a08341ef01949d467d588", "name": "exchange-inflow-mean"}, {"id": "622a08341ef01949d467d611", "name": "exchange-outflow-mean"}, {"id": "622a08341ef01949d467d566", "name": "exchange-inflow-top10"}, {"id": "622a08341ef01949d467d5ef", "name": "exchange-outflow-top10"}, {"id": "622a08341ef01949d467d633", "name": "exchange-outflow-mean-ma7"}, {"id": "622a08341ef01949d467d5aa", "name": "exchange-inflow-mean-ma7"}, {"id": "622a08351ef01949d467d656", "name": "exchange-depositing-transactions"}, {"id": "622a08351ef01949d467d678", "name": "exchange-withdrawing-transactions"}, {"id": "622a08351ef01949d467d69b", "name": "exchange-depositing-addresses"}, {"id": "622a08351ef01949d467d6bd", "name": "exchange-withdrawing-addresses"}], "market-data": [{"id": "61ca73d7def50741844a0e27", "name": "price-volume"}], "addresses": [{"id": "625e23dde3a6f37be8d2cadf", "name": "active-addresses"}, {"id": "625e23dde3a6f37be8d2cae2", "name": "active-sending-addresses"}, {"id": "625e23dde3a6f37be8d2cae5", "name": "active-receiving-addresses"}], "supply": [{"id": "625e23dde3a6f37be8d2caea", "name": "total-supply"}, {"id": "625e23dde3a6f37be8d2caf4", "name": "velocity"}, {"id": "625e23dde3a6f37be8d2caed", "name": "minted-supply"}, {"id": "625e23dde3a6f37be8d2caf0", "name": "burned-supply"}], "transactions": [{"id": "625e23dde3a6f37be8d2caf9", "name": "transaction-count-total"}, {"id": "625e23dde3a6f37be8d2cafc", "name": "transaction-count-mean"}, {"id": "625e23dde3a6f37be8d2cb00", "name": "transfer-count-total"}, {"id": "625e23dde3a6f37be8d2cb03", "name": "transfer-count-mean"}, {"id": "625e23dde3a6f37be8d2cb07", "name": "tokens-transferred-total"}, {"id": "625e23dde3a6f37be8d2cb0a", "name": "tokens-transferred-mean"}, {"id": "625e23dde3a6f37be8d2cb0d", "name": "tokens-transferred-median"}]}