{"exchange-flows": [{"id": "61b308311688d16782a8768f", "name": "exchange-reserve"}, {"id": "61b308371688d16782a87690", "name": "exchange-reserve-usd"}, {"id": "61b3084b1688d16782a87692", "name": "exchange-inflow-total"}, {"id": "61b308a01688d16782a87696", "name": "exchange-outflow-total"}, {"id": "61b308431688d16782a87691", "name": "exchange-netflow-total"}, {"id": "61b308551688d16782a87694", "name": "exchange-inflow-mean"}, {"id": "61b308b81688d16782a87698", "name": "exchange-outflow-mean"}, {"id": "61b308501688d16782a87693", "name": "exchange-inflow-top10"}, {"id": "61b308a61688d16782a87697", "name": "exchange-outflow-top10"}, {"id": "61b308961688d16782a87695", "name": "exchange-inflow-mean-ma7"}, {"id": "61b308bc1688d16782a87699", "name": "exchange-outflow-mean-ma7"}, {"id": "61b308c51688d16782a8769a", "name": "exchange-depositing-transactions"}, {"id": "61b308ca1688d16782a8769b", "name": "exchange-withdrawing-transactions"}, {"id": "61b308ef1688d16782a8769c", "name": "exchange-depositing-addresses"}, {"id": "61b308f31688d16782a8769d", "name": "exchange-withdrawing-addresses"}], "flow-indicator": [{"id": "625fb941a09f3d33d55ed815", "name": "exchange-supply-ratio"}], "market-data": [{"id": "61c0135662b04c1286a3ff08", "name": "price-volume"}], "addresses": [{"id": "620e1e632e920f5f0b276fe5", "name": "active-addresses"}, {"id": "620e1e682e920f5f0b276fe8", "name": "active-sending-addresses"}, {"id": "620e1e6d2e920f5f0b276feb", "name": "active-receiving-addresses"}], "supply": [{"id": "620e1e2c2e920f5f0b276fc0", "name": "total-supply"}, {"id": "620e1e372e920f5f0b276fc7", "name": "velocity"}, {"id": "620e2e0ccdc76f4e17ed21b4", "name": "minted-supply"}, {"id": "620e2e11cdc76f4e17ed21b7", "name": "burned-supply"}], "transactions": [{"id": "620e1e3d2e920f5f0b276fcc", "name": "transaction-count-total"}, {"id": "620e1e422e920f5f0b276fcf", "name": "transaction-count-mean"}, {"id": "620e1e482e920f5f0b276fd3", "name": "transfer-count-total"}, {"id": "620e1e4d2e920f5f0b276fd6", "name": "transfer-count-mean"}, {"id": "620e1e532e920f5f0b276fda", "name": "tokens-transferred-total"}, {"id": "620e1e572e920f5f0b276fdd", "name": "tokens-transferred-mean"}, {"id": "620e1e5c2e920f5f0b276fe0", "name": "tokens-transferred-median"}]}