{"addresses": [{"id": "625e23d2e3a6f37be8d2c508", "name": "active-addresses"}, {"id": "625e23d2e3a6f37be8d2c50b", "name": "active-sending-addresses"}, {"id": "625e23d2e3a6f37be8d2c50e", "name": "active-receiving-addresses"}], "supply": [{"id": "625e23d2e3a6f37be8d2c513", "name": "total-supply"}, {"id": "625e23d2e3a6f37be8d2c51d", "name": "velocity"}, {"id": "625e23d2e3a6f37be8d2c516", "name": "minted-supply"}, {"id": "625e23d2e3a6f37be8d2c519", "name": "burned-supply"}], "transactions": [{"id": "625e23d2e3a6f37be8d2c522", "name": "transaction-count-total"}, {"id": "625e23d2e3a6f37be8d2c525", "name": "transaction-count-mean"}, {"id": "625e23d2e3a6f37be8d2c529", "name": "transfer-count-total"}, {"id": "625e23d2e3a6f37be8d2c52c", "name": "transfer-count-mean"}, {"id": "625e23d2e3a6f37be8d2c530", "name": "tokens-transferred-total"}, {"id": "625e23d2e3a6f37be8d2c533", "name": "tokens-transferred-mean"}, {"id": "625e23d2e3a6f37be8d2c536", "name": "tokens-transferred-median"}]}