{"exchange-flows": [{"id": "622a08191ef01949d467b5ba", "name": "exchange-reserve"}, {"id": "622a08191ef01949d467b5d0", "name": "exchange-reserve-usd"}, {"id": "622a08191ef01949d467b5fe", "name": "exchange-inflow-total"}, {"id": "622a08191ef01949d467b657", "name": "exchange-outflow-total"}, {"id": "622a08191ef01949d467b5e7", "name": "exchange-netflow-total"}, {"id": "622a08191ef01949d467b62a", "name": "exchange-inflow-mean"}, {"id": "622a08191ef01949d467b683", "name": "exchange-outflow-mean"}, {"id": "622a08191ef01949d467b614", "name": "exchange-inflow-top10"}, {"id": "622a08191ef01949d467b66d", "name": "exchange-outflow-top10"}, {"id": "622a08191ef01949d467b640", "name": "exchange-inflow-mean-ma7"}, {"id": "622a081a1ef01949d467b699", "name": "exchange-outflow-mean-ma7"}, {"id": "622a081a1ef01949d467b6b0", "name": "exchange-depositing-transactions"}, {"id": "622a081a1ef01949d467b6c6", "name": "exchange-withdrawing-transactions"}, {"id": "622a081a1ef01949d467b6dd", "name": "exchange-depositing-addresses"}, {"id": "622a081a1ef01949d467b6f3", "name": "exchange-withdrawing-addresses"}], "flow-indicator": [{"id": "625fb9d8a09f3d33d55edb1d", "name": "exchange-supply-ratio"}], "market-data": [{"id": "61ca73d3def50741844a0d5f", "name": "price-volume"}], "addresses": [{"id": "620e252c2e920f5f0b277495", "name": "active-addresses"}, {"id": "620e25302e920f5f0b277498", "name": "active-sending-addresses"}, {"id": "620e25352e920f5f0b27749b", "name": "active-receiving-addresses"}], "supply": [{"id": "620e24f82e920f5f0b277470", "name": "total-supply"}, {"id": "620e25022e920f5f0b277477", "name": "velocity"}, {"id": "620e2f53cdc76f4e17ed224a", "name": "minted-supply"}, {"id": "620e2f58cdc76f4e17ed224d", "name": "burned-supply"}], "transactions": [{"id": "620e25082e920f5f0b27747c", "name": "transaction-count-total"}, {"id": "620e250d2e920f5f0b27747f", "name": "transaction-count-mean"}, {"id": "620e25122e920f5f0b277483", "name": "transfer-count-total"}, {"id": "620e25172e920f5f0b277486", "name": "transfer-count-mean"}, {"id": "620e251c2e920f5f0b27748a", "name": "tokens-transferred-total"}, {"id": "620e25212e920f5f0b27748d", "name": "tokens-transferred-mean"}, {"id": "620e25252e920f5f0b277490", "name": "tokens-transferred-median"}]}