{"exchange-flows": [{"id": "622a082b1ef01949d467cab4", "name": "exchange-reserve"}, {"id": "622a082b1ef01949d467cac4", "name": "exchange-reserve-usd"}, {"id": "622a082c1ef01949d467cae6", "name": "exchange-inflow-total"}, {"id": "622a082c1ef01949d467cb27", "name": "exchange-outflow-total"}, {"id": "622a082c1ef01949d467cad5", "name": "exchange-netflow-total"}, {"id": "622a082c1ef01949d467cb06", "name": "exchange-inflow-mean"}, {"id": "622a082c1ef01949d467cb47", "name": "exchange-outflow-mean"}, {"id": "622a082c1ef01949d467caf6", "name": "exchange-inflow-top10"}, {"id": "622a082c1ef01949d467cb37", "name": "exchange-outflow-top10"}, {"id": "622a082c1ef01949d467cb57", "name": "exchange-outflow-mean-ma7"}, {"id": "622a082c1ef01949d467cb16", "name": "exchange-inflow-mean-ma7"}, {"id": "622a082c1ef01949d467cb68", "name": "exchange-depositing-transactions"}, {"id": "622a082c1ef01949d467cb78", "name": "exchange-withdrawing-transactions"}, {"id": "622a082c1ef01949d467cb89", "name": "exchange-depositing-addresses"}, {"id": "622a082c1ef01949d467cb99", "name": "exchange-withdrawing-addresses"}], "flow-indicator": [{"id": "625fb980a09f3d33d55ed96f", "name": "exchange-supply-ratio"}], "market-data": [{"id": "61ca73d6def50741844a0df5", "name": "price-volume"}], "addresses": [{"id": "620e212f2e920f5f0b2771c5", "name": "active-addresses"}, {"id": "620e21342e920f5f0b2771c8", "name": "active-sending-addresses"}, {"id": "620e21392e920f5f0b2771cb", "name": "active-receiving-addresses"}], "supply": [{"id": "620e20f82e920f5f0b2771a0", "name": "total-supply"}, {"id": "620e21032e920f5f0b2771a7", "name": "velocity"}, {"id": "620e2e8fcdc76f4e17ed21f0", "name": "minted-supply"}, {"id": "620e2e94cdc76f4e17ed21f3", "name": "burned-supply"}], "transactions": [{"id": "620e21092e920f5f0b2771ac", "name": "transaction-count-total"}, {"id": "620e210e2e920f5f0b2771af", "name": "transaction-count-mean"}, {"id": "620e21142e920f5f0b2771b3", "name": "transfer-count-total"}, {"id": "620e21192e920f5f0b2771b6", "name": "transfer-count-mean"}, {"id": "620e211f2e920f5f0b2771ba", "name": "tokens-transferred-total"}, {"id": "620e21242e920f5f0b2771bd", "name": "tokens-transferred-mean"}, {"id": "620e21292e920f5f0b2771c0", "name": "tokens-transferred-median"}]}