{"exchange-flows": [{"id": "622a081e1ef01949d467bbf5", "name": "exchange-reserve"}, {"id": "622a081e1ef01949d467bc0b", "name": "exchange-reserve-usd"}, {"id": "622a081f1ef01949d467bc39", "name": "exchange-inflow-total"}, {"id": "622a081f1ef01949d467bc92", "name": "exchange-outflow-total"}, {"id": "622a081f1ef01949d467bc22", "name": "exchange-netflow-total"}, {"id": "622a081f1ef01949d467bc65", "name": "exchange-inflow-mean"}, {"id": "622a081f1ef01949d467bcbe", "name": "exchange-outflow-mean"}, {"id": "622a081f1ef01949d467bc4f", "name": "exchange-inflow-top10"}, {"id": "622a081f1ef01949d467bca8", "name": "exchange-outflow-top10"}, {"id": "622a081f1ef01949d467bcd4", "name": "exchange-outflow-mean-ma7"}, {"id": "622a081f1ef01949d467bc7b", "name": "exchange-inflow-mean-ma7"}, {"id": "622a081f1ef01949d467bceb", "name": "exchange-depositing-transactions"}, {"id": "622a081f1ef01949d467bd01", "name": "exchange-withdrawing-transactions"}, {"id": "622a081f1ef01949d467bd18", "name": "exchange-depositing-addresses"}, {"id": "622a081f1ef01949d467bd2e", "name": "exchange-withdrawing-addresses"}], "flow-indicator": [{"id": "625fb9c8a09f3d33d55edacc", "name": "exchange-supply-ratio"}], "market-data": [{"id": "61ca73d4def50741844a0d91", "name": "price-volume"}], "addresses": [{"id": "625e23d5e3a6f37be8d2c6a7", "name": "active-addresses"}, {"id": "625e23d5e3a6f37be8d2c6aa", "name": "active-sending-addresses"}, {"id": "625e23d5e3a6f37be8d2c6ad", "name": "active-receiving-addresses"}], "supply": [{"id": "625e23d5e3a6f37be8d2c6b2", "name": "total-supply"}, {"id": "625e23d5e3a6f37be8d2c6bc", "name": "velocity"}, {"id": "625e23d5e3a6f37be8d2c6b5", "name": "minted-supply"}, {"id": "625e23d5e3a6f37be8d2c6b8", "name": "burned-supply"}], "transactions": [{"id": "625e23d5e3a6f37be8d2c6c1", "name": "transaction-count-total"}, {"id": "625e23d5e3a6f37be8d2c6c4", "name": "transaction-count-mean"}, {"id": "625e23d5e3a6f37be8d2c6c8", "name": "transfer-count-total"}, {"id": "625e23d5e3a6f37be8d2c6cb", "name": "transfer-count-mean"}, {"id": "625e23d5e3a6f37be8d2c6cf", "name": "tokens-transferred-total"}, {"id": "625e23d5e3a6f37be8d2c6d2", "name": "tokens-transferred-mean"}, {"id": "625e23d5e3a6f37be8d2c6d5", "name": "tokens-transferred-median"}]}