{"BTC": [{"metric_id": "61762641142904287d6a7ecb", "metric_full_name": "BTC_exchange-reserve", "chart_id": "61a5fb0c45de34521f1dcaad", "chart_name": "Bitcoin - Exchange Reserve - All Exchanges"}, {"metric_id": "617627af142904287d6a7efd", "metric_full_name": "BTC_exchange-reserve-usd", "chart_id": "61a5fb8145de34521f1dcab9", "chart_name": "Bitcoin - Exchange Reserve USD - All Exchanges"}, {"metric_id": "61762cae142904287d6a7f39", "metric_full_name": "BTC_exchange-inflow-total", "chart_id": "61a5fbc145de34521f1dcae9", "chart_name": "Bitcoin - Exchange Inflow (Total) - All Exchanges"}, {"metric_id": "61762e8d142904287d6a7fa1", "metric_full_name": "BTC_exchange-outflow-total", "chart_id": "61a5fbf145de34521f1dcb49", "chart_name": "Bitcoin - Exchange Outflow (Total) - All Exchanges"}, {"metric_id": "61762aa9142904287d6a7f18", "metric_full_name": "BTC_exchange-netflow-total", "chart_id": "61a5fbaf45de34521f1dcad1", "chart_name": "Bitcoin - Exchange Netflow (Total) - All Exchanges"}, {"metric_id": "61762d11142904287d6a7f3a", "metric_full_name": "BTC_exchange-inflow-mean", "chart_id": "61a5fbce45de34521f1dcb02", "chart_name": "Bitcoin - Exchange Inflow (Mean) - All Exchanges"}, {"metric_id": "61762e99142904287d6a7fa2", "metric_full_name": "BTC_exchange-outflow-mean", "chart_id": "61a5fbfc45de34521f1dcb63", "chart_name": "Bitcoin - Exchange Outflow (Mean) - All Exchanges"}, {"metric_id": "61762d71142904287d6a7f3b", "metric_full_name": "BTC_exchange-inflow-top10", "chart_id": "61a5fbda45de34521f1dcb1a", "chart_name": "Bitcoin - Exchange Inflow (Top10) - All Exchanges"}, {"metric_id": "61762ea5142904287d6a7fa3", "metric_full_name": "BTC_exchange-outflow-top10", "chart_id": "61a5fc0545de34521f1dcb7a", "chart_name": "Bitcoin - Exchange Outflow (Top10) - All Exchanges"}, {"metric_id": "61762d80142904287d6a7f3c", "metric_full_name": "BTC_exchange-inflow-mean-ma7", "chart_id": "61a5fbe645de34521f1dcb31", "chart_name": "Bitcoin - Exchange Inflow (Mean, MA7) - All Exchanges"}, {"metric_id": "61762eb5142904287d6a7fa4", "metric_full_name": "BTC_exchange-outflow-mean-ma7", "chart_id": "61a5fc0d45de34521f1dcb91", "chart_name": "Bitcoin - Exchange Outflow (Mean, MA7) - All Exchanges"}, {"metric_id": "61763009142904287d6a8009", "metric_full_name": "BTC_exchange-depositing-transactions", "chart_id": "61a5fc1545de34521f1dcba9", "chart_name": "Bitcoin - Exchange Depositing Transactions - All Exchanges"}, {"metric_id": "61763017142904287d6a800a", "metric_full_name": "BTC_exchange-withdrawing-transactions", "chart_id": "61a5fc1f45de34521f1dcbc1", "chart_name": "Bitcoin - Exchange Withdrawing Transactions - All Exchanges"}, {"metric_id": "61763035142904287d6a800b", "metric_full_name": "BTC_exchange-depositing-addresses", "chart_id": "61a5fc2745de34521f1dcbda", "chart_name": "Bitcoin - Exchange Depositing Addresses - All Exchanges"}, {"metric_id": "61763048142904287d6a800c", "metric_full_name": "BTC_exchange-withdrawing-addresses", "chart_id": "61a5fc2f45de34521f1dcbf2", "chart_name": "Bitcoin - Exchange Withdrawing Addresses - All Exchanges"}, {"metric_id": "61a602faa46ca1128e34df63", "metric_full_name": "BTC_exchange-in-house-flow-total", "chart_id": "61a6040ba46ca1128e34df82", "chart_name": "Bitcoin - Exchange In-House Flow (Total) - All Exchanges"}, {"metric_id": "61a603d8a46ca1128e34df68", "metric_full_name": "BTC_exchange-in-house-flow-mean", "chart_id": "61a60428a46ca1128e34df9a", "chart_name": "Bitcoin - Exchange In-House Flow (Mean) - All Exchanges"}, {"metric_id": "61a603eba46ca1128e34df6a", "metric_full_name": "BTC_exchange-in-house-transactions", "chart_id": "61a60431a46ca1128e34dfb2", "chart_name": "Bitcoin - Exchange In-House Transactions - All Exchanges"}, {"metric_id": "6176337d142904287d6a8074", "metric_full_name": "BTC_miners-position-index-mpi", "chart_id": "61a6012745de34521f1dcc0e", "chart_name": "Bitcoin - Miners' Position Index (MPI)"}, {"metric_id": "617635b5142904287d6a8094", "metric_full_name": "BTC_exchange-whale-ratio", "chart_id": "61a6017c45de34521f1dcc28", "chart_name": "Bitcoin - Exchange Whale Ratio - All Exchanges"}, {"metric_id": "617635f3142904287d6a8095", "metric_full_name": "BTC_fund-flow-ratio", "chart_id": "61a6018a45de34521f1dcc3f", "chart_name": "Bitcoin - Fund Flow Ratio - All Exchanges"}, {"metric_id": "61763639142904287d6a8096", "metric_full_name": "BTC_exchange-stablecoins-ratio", "chart_id": "61a6019445de34521f1dcc64", "chart_name": "Bitcoin - Exchange Stablecoins Ratio - All Exchanges"}, {"metric_id": "6176364b142904287d6a8097", "metric_full_name": "BTC_exchange-stablecoins-ratio-usd", "chart_id": "61a601a145de34521f1dcc65", "chart_name": "Bitcoin - Exchange Stablecoins Ratio USD - All Exchanges"}, {"metric_id": "6176346b142904287d6a8077", "metric_full_name": "BTC_exchange-shutdown-index", "chart_id": "61a6016245de34521f1dcc26", "chart_name": "Bitcoin - Exchange Shutdown Index - All Exchanges"}, {"metric_id": "6217368d3bde403580faf25e", "metric_full_name": "BTC_exchange-inflow-cdd", "chart_id": "6217368d3bde403580faf268", "chart_name": "Bitcoin - Exchange Inflow CDD - All Exchanges"}, {"metric_id": "621736973bde403580faf285", "metric_full_name": "BTC_exchange-inflow-spent-output-age-bands", "chart_id": "621736973bde403580faf28f", "chart_name": "Bitcoin - Exchange Inflow - Spent Output Age Bands - All Exchanges"}, {"metric_id": "621736a23bde403580faf2ab", "metric_full_name": "BTC_exchange-inflow-spent-output-age-bands-percent", "chart_id": "621736a23bde403580faf2b5", "chart_name": "Bitcoin - Exchange Inflow - Spent Output Age Bands (%) - All Exchanges"}, {"metric_id": "621736ac3bde403580faf2cd", "metric_full_name": "BTC_exchange-inflow-spent-output-value-bands", "chart_id": "621736ac3bde403580faf2d7", "chart_name": "Bitcoin - Exchange Inflow - Spent Output Value Bands - All Exchanges"}, {"metric_id": "621736b53bde403580faf2ee", "metric_full_name": "BTC_exchange-inflow-spent-output-value-bands-percent", "chart_id": "621736b53bde403580faf2f8", "chart_name": "Bitcoin - Exchange Inflow - Spent Output Value Bands (%) - All Exchanges"}, {"metric_id": "625fb828a09f3d33d55ed2cb", "metric_full_name": "BTC_exchange-supply-ratio", "chart_id": "625fb832a09f3d33d55ed2f2", "chart_name": "Bitcoin - Exchange Supply Ratio - All Exchanges"}, {"metric_id": "625fb834a09f3d33d55ed2f7", "metric_full_name": "BTC_miner-supply-ratio", "chart_id": "625fb834a09f3d33d55ed30f", "chart_name": "Bitcoin - Miner Supply Ratio - All Miners"}, {"metric_id": "625fb834a09f3d33d55ed312", "metric_full_name": "BTC_bank-supply-ratio", "chart_id": "625fb835a09f3d33d55ed314", "chart_name": "Bitcoin - Bank Supply Ratio - BlockFi"}, {"metric_id": "61764161142904287d6a80f8", "metric_full_name": "BTC_estimated-leverage-ratio", "chart_id": "61a601ac45de34521f1dcc78", "chart_name": "Bitcoin - Estimated Leverage Ratio - All Exchanges"}, {"metric_id": "6176430d142904287d6a80fd", "metric_full_name": "BTC_short-term-holder-sopr", "chart_id": "61a601d445de34521f1dcc7d", "chart_name": "Bitcoin - Short Term Holder SOPR"}, {"metric_id": "61764317142904287d6a80fe", "metric_full_name": "BTC_long-term-holder-sopr", "chart_id": "61a601d845de34521f1dcc7e", "chart_name": "Bitcoin - Long Term Holder SOPR"}, {"metric_id": "617642f2142904287d6a80fc", "metric_full_name": "BTC_adjusted-sopr-asopr", "chart_id": "61a601d045de34521f1dcc7c", "chart_name": "Bitcoin - Adjusted SOPR (aSOPR)"}, {"metric_id": "61ade674b535b9646cab7c69", "metric_full_name": "BTC_sopr-ratio-lth-sopr-sth-sopr", "chart_id": "61ade689b535b9646cab7c6a", "chart_name": "Bitcoin - SOPR Ratio (LTH-SOPR/STH-SOPR)"}, {"metric_id": "617642ca142904287d6a80fb", "metric_full_name": "BTC_spent-output-profit-ratio-sopr", "chart_id": "61a601ca45de34521f1dcc7b", "chart_name": "Bitcoin - Spent Output Profit Ratio (SOPR)"}, {"metric_id": "61764227142904287d6a80fa", "metric_full_name": "BTC_mvrv-ratio", "chart_id": "61a601c545de34521f1dcc7a", "chart_name": "Bitcoin - MVRV Ratio"}, {"metric_id": "61764192142904287d6a80f9", "metric_full_name": "BTC_stablecoin-supply-ratio-ssr", "chart_id": "61a601ba45de34521f1dcc79", "chart_name": "Bitcoin - Stablecoin Supply Ratio (SSR)"}, {"metric_id": "625d2e7439ebbe4f21fd9b46", "metric_full_name": "BTC_realized-price", "chart_id": "625d2e7439ebbe4f21fd9b47", "chart_name": "Bitcoin - Realized Price"}, {"metric_id": "625d2e7439ebbe4f21fd9b56", "metric_full_name": "BTC_realized-price-utxo-age-bands", "chart_id": "625d2e7439ebbe4f21fd9b57", "chart_name": "Bitcoin - Realized Price - UTXO Age Bands"}, {"metric_id": "617665e5142904287d6a815d", "metric_full_name": "BTC_net-unrealized-profit-loss-nupl", "chart_id": "61a607dca46ca1128e34dfb7", "chart_name": "Bitcoin - Net Unrealized Profit/Loss (NUPL)"}, {"metric_id": "617667db142904287d6a815e", "metric_full_name": "BTC_net-unrealized-profit-nup", "chart_id": "61a607e2a46ca1128e34dfb8", "chart_name": "Bitcoin - Net Unrealized Profit (NUP)"}, {"metric_id": "617667ee142904287d6a815f", "metric_full_name": "BTC_net-unrealized-loss-nul", "chart_id": "61a607e6a46ca1128e34dfb9", "chart_name": "Bitcoin - Net Unrealized Loss (NUL)"}, {"metric_id": "61765efc142904287d6a8156", "metric_full_name": "BTC_supply-adjusted-cdd", "chart_id": "61a6022945de34521f1dcc86", "chart_name": "Bitcoin - Supply-Adjusted CDD"}, {"metric_id": "61765da7142904287d6a8153", "metric_full_name": "BTC_coin-days-destroyed-cdd", "chart_id": "61a6022245de34521f1dcc85", "chart_name": "Bitcoin - Coin Days Destroyed (CDD)"}, {"metric_id": "61765dff142904287d6a8154", "metric_full_name": "BTC_average-supply-adjusted-cdd", "chart_id": "61a6022d45de34521f1dcc87", "chart_name": "Bitcoin - Average Supply-Adjusted CDD"}, {"metric_id": "61765e0c142904287d6a8155", "metric_full_name": "BTC_binary-cdd", "chart_id": "61a6023445de34521f1dcc88", "chart_name": "Bitcoin - Binary CDD"}, {"metric_id": "61766982142904287d6a8169", "metric_full_name": "BTC_supply-adjusted-dormancy", "chart_id": "61a60813a46ca1128e34dfc3", "chart_name": "Bitcoin - Supply Adjusted Dormancy"}, {"metric_id": "6176696b142904287d6a8168", "metric_full_name": "BTC_average-dormancy", "chart_id": "61a6080fa46ca1128e34dfc2", "chart_name": "Bitcoin - Average Dormancy"}, {"metric_id": "61765d41142904287d6a8150", "metric_full_name": "BTC_nvt-golden-cross", "chart_id": "61a6020d45de34521f1dcc82", "chart_name": "Bitcoin - NVT Golden Cross"}, {"metric_id": "61765d7c142904287d6a8152", "metric_full_name": "BTC_puell-multiple", "chart_id": "61a6021745de34521f1dcc84", "chart_name": "Bitcoin - Puell Multiple"}, {"metric_id": "61765d2b142904287d6a814f", "metric_full_name": "BTC_nvt-ratio", "chart_id": "61a6020845de34521f1dcc81", "chart_name": "Bitcoin - NVT Ratio"}, {"metric_id": "61765d60142904287d6a8151", "metric_full_name": "BTC_nvm-ratio", "chart_id": "61a6021245de34521f1dcc83", "chart_name": "Bitcoin - NVM Ratio"}, {"metric_id": "61765cf0142904287d6a814d", "metric_full_name": "BTC_stock-to-flow-ratio", "chart_id": "61a601f945de34521f1dcc7f", "chart_name": "Bitcoin - Stock-to-Flow Ratio"}, {"metric_id": "61765d07142904287d6a814e", "metric_full_name": "BTC_stock-to-flow-reversion", "chart_id": "61a6020245de34521f1dcc80", "chart_name": "Bitcoin - Stock-to-Flow Reversion"}, {"metric_id": "61765f3c142904287d6a8157", "metric_full_name": "BTC_mean-coin-age", "chart_id": "61a6023a45de34521f1dcc89", "chart_name": "Bitcoin - Mean Coin Age"}, {"metric_id": "61765f48142904287d6a8158", "metric_full_name": "BTC_mean-coin-dollar-age", "chart_id": "61a6023f45de34521f1dcc8a", "chart_name": "Bitcoin - Mean Coin Dollar Age"}, {"metric_id": "61765f6a142904287d6a8159", "metric_full_name": "BTC_sum-coin-age", "chart_id": "61a6024545de34521f1dcc8b", "chart_name": "Bitcoin - Sum Coin Age"}, {"metric_id": "61765f76142904287d6a815a", "metric_full_name": "BTC_sum-coin-dollar-age", "chart_id": "61a6024945de34521f1dcc8c", "chart_name": "Bitcoin - Sum Coin Dollar Age"}, {"metric_id": "6176620f142904287d6a815b", "metric_full_name": "BTC_sum-coin-age-distribution", "chart_id": "61adccdd6bc0e955292d7321", "chart_name": "Bitcoin - Sum Coin Age Distribution"}, {"metric_id": "6176658e142904287d6a815c", "metric_full_name": "BTC_sum-coin-age-distribution-percent", "chart_id": "61adcce16bc0e955292d7322", "chart_name": "Bitcoin - Sum Coin Age Distribution (%)"}, {"metric_id": "61766828142904287d6a8160", "metric_full_name": "BTC_utxos-in-profit-percent", "chart_id": "61a607eaa46ca1128e34dfba", "chart_name": "Bitcoin - UTXOs in Profit (%)"}, {"metric_id": "61766841142904287d6a8161", "metric_full_name": "BTC_utxos-in-loss-percent", "chart_id": "61a607efa46ca1128e34dfbb", "chart_name": "Bitcoin - UTXOs in Loss (%)"}, {"metric_id": "61766852142904287d6a8162", "metric_full_name": "BTC_utxos-in-profit", "chart_id": "61a607f3a46ca1128e34dfbc", "chart_name": "Bitcoin - UTXOs in Profit"}, {"metric_id": "6176685e142904287d6a8163", "metric_full_name": "BTC_utxos-in-loss", "chart_id": "61a607f9a46ca1128e34dfbd", "chart_name": "Bitcoin - UTXOs in Loss"}, {"metric_id": "6176692b142904287d6a8164", "metric_full_name": "BTC_supply-in-profit-percent", "chart_id": "61a607fda46ca1128e34dfbe", "chart_name": "Bitcoin - Supply in Profit (%)"}, {"metric_id": "61766936142904287d6a8165", "metric_full_name": "BTC_supply-in-loss-percent", "chart_id": "61a60802a46ca1128e34dfbf", "chart_name": "Bitcoin - Supply in Loss (%)"}, {"metric_id": "61766946142904287d6a8166", "metric_full_name": "BTC_supply-in-profit", "chart_id": "61a60806a46ca1128e34dfc0", "chart_name": "Bitcoin - Supply in Profit"}, {"metric_id": "6176694f142904287d6a8167", "metric_full_name": "BTC_supply-in-loss", "chart_id": "61a6080ba46ca1128e34dfc1", "chart_name": "Bitcoin - Supply in Loss"}, {"metric_id": "62186e5761aa6b64f8a94853", "metric_full_name": "BTC_utxo-age-bands", "chart_id": "62186e5861aa6b64f8a94854", "chart_name": "Bitcoin - UTXO Age Bands"}, {"metric_id": "62186e5b61aa6b64f8a94862", "metric_full_name": "BTC_utxo-age-bands-usd", "chart_id": "62186e5b61aa6b64f8a94863", "chart_name": "Bitcoin - UTXO Age Bands USD"}, {"metric_id": "62186e6061aa6b64f8a94871", "metric_full_name": "BTC_utxo-age-bands-percent", "chart_id": "62186e6061aa6b64f8a94872", "chart_name": "Bitcoin - UTXO Age Bands (%)"}, {"metric_id": "62186e6461aa6b64f8a94881", "metric_full_name": "BTC_realized-cap-utxo-age-bands-usd", "chart_id": "62186e6561aa6b64f8a94882", "chart_name": "Bitcoin - Realized Cap - UTXO Age Bands USD"}, {"metric_id": "62186e6861aa6b64f8a94890", "metric_full_name": "BTC_realized-cap-utxo-age-bands-percent", "chart_id": "62186e6961aa6b64f8a94891", "chart_name": "Bitcoin - Realized Cap - UTXO Age Bands (%)"}, {"metric_id": "62186e7d61aa6b64f8a948a0", "metric_full_name": "BTC_utxo-count-age-bands", "chart_id": "62186e7d61aa6b64f8a948a1", "chart_name": "Bitcoin - UTXO Count - Age Bands"}, {"metric_id": "62186e8161aa6b64f8a948af", "metric_full_name": "BTC_utxo-count-age-bands-percent", "chart_id": "62186e8161aa6b64f8a948b0", "chart_name": "Bitcoin - UTXO Count - Age Bands (%)"}, {"metric_id": "62186e8561aa6b64f8a948bf", "metric_full_name": "BTC_spent-output-age-bands", "chart_id": "62186e8661aa6b64f8a948c0", "chart_name": "Bitcoin - Spent Output Age Bands"}, {"metric_id": "62186e8a61aa6b64f8a948ce", "metric_full_name": "BTC_spent-output-age-bands-usd", "chart_id": "62186e8a61aa6b64f8a948cf", "chart_name": "Bitcoin - Spent Output Age Bands USD"}, {"metric_id": "62186e8e61aa6b64f8a948dd", "metric_full_name": "BTC_spent-output-age-bands-percent", "chart_id": "62186e8e61aa6b64f8a948de", "chart_name": "Bitcoin - Spent Output Age Bands (%)"}, {"metric_id": "62186e9f61aa6b64f8a948e8", "metric_full_name": "BTC_utxo-value-bands", "chart_id": "62186e9f61aa6b64f8a948e9", "chart_name": "Bitcoin - UTXO Value Bands"}, {"metric_id": "62186ea261aa6b64f8a948f2", "metric_full_name": "BTC_utxo-value-bands-percent", "chart_id": "62186ea261aa6b64f8a948f3", "chart_name": "Bitcoin - UTXO Value Bands (%)"}, {"metric_id": "62186ea561aa6b64f8a948fd", "metric_full_name": "BTC_realized-cap-utxo-value-bands-usd", "chart_id": "62186ea561aa6b64f8a948fe", "chart_name": "Bitcoin - Realized Cap - UTXO Value Bands USD"}, {"metric_id": "62186ea861aa6b64f8a94907", "metric_full_name": "BTC_realized-cap-utxo-value-bands-percent", "chart_id": "62186ea861aa6b64f8a94908", "chart_name": "Bitcoin - Realized Cap - UTXO Value Bands (%)"}, {"metric_id": "62186ebe61aa6b64f8a94912", "metric_full_name": "BTC_utxo-count-value-bands", "chart_id": "62186ebe61aa6b64f8a94913", "chart_name": "Bitcoin - UTXO Count - Value Bands"}, {"metric_id": "62186ec461aa6b64f8a94927", "metric_full_name": "BTC_spent-output-value-bands", "chart_id": "62186ec461aa6b64f8a94928", "chart_name": "Bitcoin - Spent Output Value Bands"}, {"metric_id": "62186ec161aa6b64f8a9491c", "metric_full_name": "BTC_utxo-count-value-bands-percent", "chart_id": "62186ec161aa6b64f8a9491d", "chart_name": "Bitcoin - UTXO Count - Value Bands (%)"}, {"metric_id": "62186ec761aa6b64f8a94931", "metric_full_name": "BTC_spent-output-value-bands-usd", "chart_id": "62186ec761aa6b64f8a94932", "chart_name": "Bitcoin - Spent Output Value Bands USD"}, {"metric_id": "62186eca61aa6b64f8a9493b", "metric_full_name": "BTC_spent-output-value-bands-percent", "chart_id": "62186eca61aa6b64f8a9493c", "chart_name": "Bitcoin - Spent Output Value Bands (%)"}, {"metric_id": "617790caf1dd564bd71c69e2", "metric_full_name": "BTC_miner-reserve", "chart_id": "61adbeb7f25fa84ece615127", "chart_name": "Bitcoin - Miner Reserve - All Miners"}, {"metric_id": "617790dff1dd564bd71c69e3", "metric_full_name": "BTC_miner-reserve-usd", "chart_id": "61adbebdf25fa84ece61513f", "chart_name": "Bitcoin - Miner Reserve USD - All Miners"}, {"metric_id": "61779153f1dd564bd71c69e9", "metric_full_name": "BTC_miner-outflow-total", "chart_id": "61adbedcf25fa84ece6151ff", "chart_name": "Bitcoin - Miner Outflow (Total) - All Miners"}, {"metric_id": "61779120f1dd564bd71c69e5", "metric_full_name": "BTC_miner-inflow-total", "chart_id": "61adbec6f25fa84ece61516f", "chart_name": "Bitcoin - Miner Inflow (Total) - All Miners"}, {"metric_id": "617790fcf1dd564bd71c69e4", "metric_full_name": "BTC_miner-netflow-total", "chart_id": "61adbec1f25fa84ece615157", "chart_name": "Bitcoin - Miner Netflow Total - All Miners"}, {"metric_id": "61779161f1dd564bd71c69eb", "metric_full_name": "BTC_miner-outflow-mean", "chart_id": "61adbedff25fa84ece615217", "chart_name": "Bitcoin - Miner Outflow (Mean) - All Miners"}, {"metric_id": "61779134f1dd564bd71c69e7", "metric_full_name": "BTC_miner-inflow-mean", "chart_id": "61adbecdf25fa84ece61519f", "chart_name": "Bitcoin - Miner Inflow (Mean) - All Miners"}, {"metric_id": "6177915af1dd564bd71c69ea", "metric_full_name": "BTC_miner-outflow-top10", "chart_id": "61adbed5f25fa84ece6151cf", "chart_name": "Bitcoin - Miner Outflow (Top10) - All Miners"}, {"metric_id": "6177912cf1dd564bd71c69e6", "metric_full_name": "BTC_miner-inflow-top10", "chart_id": "61adbecaf25fa84ece615187", "chart_name": "Bitcoin - Miner Inflow (Top10) - All Miners"}, {"metric_id": "61779169f1dd564bd71c69ec", "metric_full_name": "BTC_miner-outflow-mean-ma7", "chart_id": "61adbed8f25fa84ece6151e7", "chart_name": "Bitcoin - Miner Outflow (Mean, MA7) - All Miners"}, {"metric_id": "6177913df1dd564bd71c69e8", "metric_full_name": "BTC_miner-inflow-mean-ma7", "chart_id": "61adbed1f25fa84ece6151b7", "chart_name": "Bitcoin - Miner Inflow (Mean, MA7) - All Miners"}, {"metric_id": "61779190f1dd564bd71c69ee", "metric_full_name": "BTC_miner-withdrawing-transactions", "chart_id": "61adbee7f25fa84ece615247", "chart_name": "Bitcoin - Miner Withdrawing Transactions - All Miners"}, {"metric_id": "61779187f1dd564bd71c69ed", "metric_full_name": "BTC_miner-depositing-transactions", "chart_id": "61adbee4f25fa84ece61522f", "chart_name": "Bitcoin - Miner Depositing Transactions - All Miners"}, {"metric_id": "617791b2f1dd564bd71c69f0", "metric_full_name": "BTC_miner-withdrawing-addresses", "chart_id": "61adbeeef25fa84ece615277", "chart_name": "Bitcoin - Miner Withdrawing Addresses - All Miners"}, {"metric_id": "617791aaf1dd564bd71c69ef", "metric_full_name": "BTC_miner-depositing-addresses", "chart_id": "61adbeebf25fa84ece61525f", "chart_name": "Bitcoin - Miner Depositing Addresses - All Miners"}, {"metric_id": "61add32a6bc0e955292d732c", "metric_full_name": "BTC_miner-in-house-flow-total", "chart_id": "61add34d6bc0e955292d7330", "chart_name": "Bitcoin - Miner In-House Flow (Total) - All Miners"}, {"metric_id": "61add3326bc0e955292d732d", "metric_full_name": "BTC_miner-in-house-flow-mean", "chart_id": "61add3506bc0e955292d7346", "chart_name": "Bitcoin - Miner In-House Flow (Mean) - All Miners"}, {"metric_id": "61add3396bc0e955292d732e", "metric_full_name": "BTC_miner-in-house-transactions", "chart_id": "61add3536bc0e955292d735d", "chart_name": "Bitcoin - Miner In-House Transactions - All Miners"}, {"metric_id": "61822e3e636af2229bbd4be0", "metric_full_name": "BTC_open-interest", "chart_id": "61adc2916bc0e955292d727b", "chart_name": "Bitcoin - Open Interest - All Exchanges, All Symbol"}, {"metric_id": "61822eeb636af2229bbd4be1", "metric_full_name": "BTC_funding-rates", "chart_id": "61adc2ab6bc0e955292d7291", "chart_name": "Bitcoin - Funding Rates - All Exchanges"}, {"metric_id": "61822fc7a0753a1fc06de9a2", "metric_full_name": "BTC_long-liquidations", "chart_id": "61adc2c66bc0e955292d72b5", "chart_name": "Bitcoin - Long Liquidations - All Exchanges, All Symbol"}, {"metric_id": "61822fcf636af2229bbd4be4", "metric_full_name": "BTC_short-liquidations", "chart_id": "61adc2cb6bc0e955292d72c6", "chart_name": "Bitcoin - Short Liquidations - All Exchanges, All Symbol"}, {"metric_id": "61822fd7636af2229bbd4be5", "metric_full_name": "BTC_long-liquidations-usd", "chart_id": "61adc2cf6bc0e955292d72d7", "chart_name": "Bitcoin - Long Liquidations USD - All Exchanges, All Symbol"}, {"metric_id": "61822fe3a0753a1fc06de9a3", "metric_full_name": "BTC_short-liquidations-usd", "chart_id": "61adc2d36bc0e955292d72e8", "chart_name": "Bitcoin - Short Liquidations USD - All Exchanges, All Symbol"}, {"metric_id": "61822f9c636af2229bbd4be3", "metric_full_name": "BTC_taker-buy-sell-ratio", "chart_id": "61adc2c26bc0e955292d72b4", "chart_name": "Bitcoin - Taker Buy Sell Ratio - All Exchanges"}, {"metric_id": "61822f88a0753a1fc06de9a0", "metric_full_name": "BTC_taker-buy-ratio", "chart_id": "61adc2b86bc0e955292d72a6", "chart_name": "Bitcoin - Taker Buy Ratio - All Exchanges"}, {"metric_id": "61822f90a0753a1fc06de9a1", "metric_full_name": "BTC_taker-sell-ratio", "chart_id": "61adc2bc6bc0e955292d72ad", "chart_name": "Bitcoin - Taker Sell Ratio - All Exchanges"}, {"metric_id": "61822f5ea0753a1fc06de99f", "metric_full_name": "BTC_taker-buy-volume", "chart_id": "61adc2b06bc0e955292d7298", "chart_name": "Bitcoin - Taker Buy Volume - All Exchanges"}, {"metric_id": "61822f6d636af2229bbd4be2", "metric_full_name": "BTC_taker-sell-volume", "chart_id": "61adc2b56bc0e955292d729f", "chart_name": "Bitcoin - Taker Sell Volume - All Exchanges"}, {"metric_id": "618213a8a0753a1fc06de98b", "metric_full_name": "BTC_fund-market-premium", "chart_id": "61adc1e66bc0e955292d726e", "chart_name": "Bitcoin - Fund Market Premium - All Symbol"}, {"metric_id": "618213ca636af2229bbd4bd4", "metric_full_name": "BTC_fund-holdings", "chart_id": "61adc1ea6bc0e955292d7274", "chart_name": "Bitcoin - Fund Holdings - All Symbol"}, {"metric_id": "61821390636af2229bbd4bd3", "metric_full_name": "BTC_fund-volume", "chart_id": "61adc1e26bc0e955292d7268", "chart_name": "Bitcoin - Fund Volume - All Symbol"}, {"metric_id": "6182133da0753a1fc06de98a", "metric_full_name": "BTC_fund-price-usd", "chart_id": "61adc1a3f25fa84ece6167c5", "chart_name": "Bitcoin - Fund Price (USD) - GBTC"}, {"metric_id": "61823101636af2229bbd4be9", "metric_full_name": "BTC_coinbase-premium-index", "chart_id": "61adc2ed6bc0e955292d72ff", "chart_name": "Bitcoin - Coinbase Premium Index"}, {"metric_id": "618230f8636af2229bbd4be8", "metric_full_name": "BTC_coinbase-premium-gap", "chart_id": "61adc2e96bc0e955292d72fe", "chart_name": "Bitcoin - Coinbase Premium Gap"}, {"metric_id": "61823152a0753a1fc06de9a7", "metric_full_name": "BTC_korea-premium-index", "chart_id": "61adc2f26bc0e955292d7300", "chart_name": "Bitcoin - Korea Premium Index"}, {"metric_id": "61823074636af2229bbd4be6", "metric_full_name": "BTC_market-cap", "chart_id": "61adc2d56bc0e955292d72f9", "chart_name": "Bitcoin - Market Cap"}, {"metric_id": "6182307da0753a1fc06de9a4", "metric_full_name": "BTC_realized-cap", "chart_id": "61adc2d96bc0e955292d72fa", "chart_name": "Bitcoin - Realized Cap"}, {"metric_id": "61823088636af2229bbd4be7", "metric_full_name": "BTC_average-cap", "chart_id": "61adc2de6bc0e955292d72fb", "chart_name": "Bitcoin - Average Cap"}, {"metric_id": "61823093a0753a1fc06de9a5", "metric_full_name": "BTC_delta-cap", "chart_id": "61adc2e16bc0e955292d72fc", "chart_name": "Bitcoin - Delta Cap"}, {"metric_id": "6182309ba0753a1fc06de9a6", "metric_full_name": "BTC_thermo-cap", "chart_id": "61adc2e56bc0e955292d72fd", "chart_name": "Bitcoin - Thermo Cap"}, {"metric_id": "61bc3f1a9b4e7c4acf3c6d86", "metric_full_name": "BTC_price-volume", "chart_id": "61bc43e19b4e7c4acf3c6d87", "chart_name": "Bitcoin - Price & Volume - Spot, All Exchanges, BTC-USD"}, {"metric_id": "628f4cd97873706f2e4c6b79", "metric_full_name": "BTC_price-volume-krw", "chart_id": "628f4dc17873706f2e4c6b7a", "chart_name": "Bitcoin - Price & Volume KRW - Spot"}, {"metric_id": "618272b7ae105e3e76032c16", "metric_full_name": "BTC_active-addresses", "chart_id": "61adc75d6bc0e955292d7307", "chart_name": "Bitcoin - Active Addresses"}, {"metric_id": "618272c0335cb6263f55b76c", "metric_full_name": "BTC_active-sending-addresses", "chart_id": "61adc7616bc0e955292d7308", "chart_name": "Bitcoin - Active Sending Addresses"}, {"metric_id": "618272c6335cb6263f55b76d", "metric_full_name": "BTC_active-receiving-addresses", "chart_id": "61adc7646bc0e955292d7309", "chart_name": "Bitcoin - Active Receiving Addresses"}, {"metric_id": "6182751b335cb6263f55b774", "metric_full_name": "BTC_fees-per-transaction-mean", "chart_id": "61adc7936bc0e955292d7315", "chart_name": "Bitcoin - Fees per Transaction (Mean)"}, {"metric_id": "61827523ae105e3e76032c1e", "metric_full_name": "BTC_fees-per-transaction-usd-mean", "chart_id": "61adc7976bc0e955292d7316", "chart_name": "Bitcoin - Fees per Transaction USD (Mean)"}, {"metric_id": "6182745fae105e3e76032c1c", "metric_full_name": "BTC_fees-total", "chart_id": "61adc7896bc0e955292d7312", "chart_name": "Bitcoin - Fees (Total)"}, {"metric_id": "61827523ae105e3e76032c1f", "metric_full_name": "BTC_fees-per-transaction-median", "chart_id": "61adc7e36bc0e955292d7317", "chart_name": "Bitcoin - Fees per Transaction (Median)"}, {"metric_id": "6182746a335cb6263f55b773", "metric_full_name": "BTC_fees-usd-total", "chart_id": "61adc78c6bc0e955292d7313", "chart_name": "Bitcoin - Fees USD (Total)"}, {"metric_id": "6182744aae105e3e76032c1b", "metric_full_name": "BTC_fees-per-block-mean", "chart_id": "61adc7806bc0e955292d7310", "chart_name": "Bitcoin - Fees per Block (Mean)"}, {"metric_id": "61827523ae105e3e76032c1g", "metric_full_name": "BTC_fees-per-transaction-usd-median", "chart_id": "61adc7ef6bc0e955292d7318", "chart_name": "Bitcoin - Fees per Transaction USD (Median)"}, {"metric_id": "61827454335cb6263f55b772", "metric_full_name": "BTC_fees-per-block-usd-mean", "chart_id": "61adc7856bc0e955292d7311", "chart_name": "Bitcoin - Fees per Block USD (Mean)"}, {"metric_id": "61827474ae105e3e76032c1d", "metric_full_name": "BTC_fees-to-reward-ratio", "chart_id": "61adc7906bc0e955292d7314", "chart_name": "Bitcoin - Fees to Reward Ratio"}, {"metric_id": "6182753d335cb6263f55b775", "metric_full_name": "BTC_block-rewards", "chart_id": "61adc7f66bc0e955292d7319", "chart_name": "Bitcoin - Block Rewards"}, {"metric_id": "61827545ae105e3e76032c1f", "metric_full_name": "BTC_block-rewards-usd", "chart_id": "61adc7fa6bc0e955292d731a", "chart_name": "Bitcoin - Block Rewards USD"}, {"metric_id": "618273eaae105e3e76032c1a", "metric_full_name": "BTC_blocks-mined", "chart_id": "61adc7766bc0e955292d730d", "chart_name": "Bitcoin - Blocks Mined"}, {"metric_id": "618273b8335cb6263f55b76f", "metric_full_name": "BTC_block-size-mean", "chart_id": "61adc7726bc0e955292d730c", "chart_name": "Bitcoin - Block Size (Mean)"}, {"metric_id": "61827411335cb6263f55b770", "metric_full_name": "BTC_block-interval-mean", "chart_id": "61adc7796bc0e955292d730e", "chart_name": "Bitcoin - Block Interval (Mean)"}, {"metric_id": "61827578335cb6263f55b776", "metric_full_name": "BTC_hashrate", "chart_id": "61adc8016bc0e955292d731c", "chart_name": "Bitcoin - Hashrate"}, {"metric_id": "6182755fae105e3e76032c20", "metric_full_name": "BTC_difficulty", "chart_id": "61adc7fe6bc0e955292d731b", "chart_name": "Bitcoin - Difficulty"}, {"metric_id": "61827431335cb6263f55b771", "metric_full_name": "BTC_utxo-count", "chart_id": "61adc77d6bc0e955292d730f", "chart_name": "Bitcoin - UTXO Count"}, {"metric_id": "6182724d335cb6263f55b769", "metric_full_name": "BTC_total-supply", "chart_id": "61adc71a6bc0e955292d7302", "chart_name": "Bitcoin - Total Supply"}, {"metric_id": "61827257ae105e3e76032c14", "metric_full_name": "BTC_new-supply", "chart_id": "61adc7206bc0e955292d7303", "chart_name": "Bitcoin - New Supply"}, {"metric_id": "61827277335cb6263f55b76a", "metric_full_name": "BTC_velocity", "chart_id": "61adc7256bc0e955292d7304", "chart_name": "Bitcoin - Velocity"}, {"metric_id": "61827291335cb6263f55b76b", "metric_full_name": "BTC_transaction-count-total", "chart_id": "61adc7556bc0e955292d7305", "chart_name": "Bitcoin - Transaction Count (Total)"}, {"metric_id": "61827298ae105e3e76032c15", "metric_full_name": "BTC_transaction-count-mean", "chart_id": "61adc7596bc0e955292d7306", "chart_name": "Bitcoin - Transaction Count (Mean)"}, {"metric_id": "618272e3ae105e3e76032c17", "metric_full_name": "BTC_tokens-transferred-total", "chart_id": "61adc7676bc0e955292d730a", "chart_name": "Bitcoin - Tokens Transferred (Total)"}, {"metric_id": "618272f5335cb6263f55b76e", "metric_full_name": "BTC_tokens-transferred-mean", "chart_id": "61adc76a6bc0e955292d730b", "chart_name": "Bitcoin - Tokens Transferred (Mean)"}, {"metric_id": "61827385ae105e3e76032c19", "metric_full_name": "BTC_tokens-transferred-median", "chart_id": "61adc8326bc0e955292d731e", "chart_name": "Bitcoin - Tokens Transferred (Median)"}, {"metric_id": "6178a6f88654f056e6ea14d4", "metric_full_name": "BTC_exchange-to-exchange-flow-total", "chart_id": "61adbf69f25fa84ece6152a1", "chart_name": "Bitcoin - Exchange to Exchange Flow (Total) - All Exchanges, Spot Exchanges"}, {"metric_id": "6178a7188654f056e6ea14d6", "metric_full_name": "BTC_exchange-to-exchange-transactions", "chart_id": "61adbf87f25fa84ece6156df", "chart_name": "Bitcoin - Exchange to Exchange Transactions - All Exchanges, Spot Exchanges"}, {"metric_id": "6178a7038654f056e6ea14d5", "metric_full_name": "BTC_exchange-to-exchange-flow-mean", "chart_id": "61adbf78f25fa84ece6154b7", "chart_name": "Bitcoin - Exchange to Exchange Flow (Mean) - All Exchanges, Spot Exchanges"}, {"metric_id": "6178a8568654f056e6ea14dd", "metric_full_name": "BTC_miner-to-exchange-flow-total", "chart_id": "61adc02ff25fa84ece61600f", "chart_name": "Bitcoin - Miner to Exchange Flow (Total) - All Miners, All Exchanges"}, {"metric_id": "6178a8768654f056e6ea14df", "metric_full_name": "BTC_miner-to-exchange-transactions", "chart_id": "61adc06ef25fa84ece61648f", "chart_name": "Bitcoin - Miner to Exchange Transactions - All Miners, All Exchanges"}, {"metric_id": "6178a8648654f056e6ea14de", "metric_full_name": "BTC_miner-to-exchange-flow-mean", "chart_id": "61adc066f25fa84ece61624f", "chart_name": "Bitcoin - Miner to Exchange Flow (Mean) - All Miners, All Exchanges"}, {"metric_id": "6178a8d18654f056e6ea14e3", "metric_full_name": "BTC_bank-to-exchange-flow-total", "chart_id": "61adc0a9f25fa84ece61672e", "chart_name": "Bitcoin - Bank to Exchange Flow (Total) - BlockFi, All Exchanges"}, {"metric_id": "6178a8e78654f056e6ea14e5", "metric_full_name": "BTC_bank-to-exchange-transactions", "chart_id": "61adc0b0f25fa84ece61675e", "chart_name": "Bitcoin - Bank to Exchange Transactions - BlockFi, All Exchanges"}, {"metric_id": "6178a8da8654f056e6ea14e4", "metric_full_name": "BTC_bank-to-exchange-flow-mean", "chart_id": "61adc0adf25fa84ece616746", "chart_name": "Bitcoin - Bank to Exchange Flow (Mean) - BlockFi, All Exchanges"}, {"metric_id": "6178a75c8654f056e6ea14d7", "metric_full_name": "BTC_exchange-to-miner-flow-total", "chart_id": "61adbfeaf25fa84ece615907", "chart_name": "Bitcoin - Exchange to Miner Flow (Total) - All Exchanges, All Miners"}, {"metric_id": "6178a77f8654f056e6ea14d9", "metric_full_name": "BTC_exchange-to-miner-transactions", "chart_id": "61adbffef25fa84ece615d87", "chart_name": "Bitcoin - Exchange to Miner Transactions - All Exchanges, All Miners"}, {"metric_id": "6178a7678654f056e6ea14d8", "metric_full_name": "BTC_exchange-to-miner-flow-mean", "chart_id": "61adbff5f25fa84ece615b47", "chart_name": "Bitcoin - Exchange to Miner Flow (Mean) - All Exchanges, All Miners"}, {"metric_id": "6178a7af8654f056e6ea14da", "metric_full_name": "BTC_exchange-to-bank-flow-total", "chart_id": "61adc00af25fa84ece615fde", "chart_name": "Bitcoin - Exchange to Bank Flow (Total) - All Exchanges, BlockFi"}, {"metric_id": "6178a7c68654f056e6ea14dc", "metric_full_name": "BTC_exchange-to-bank-transactions", "chart_id": "61adc011f25fa84ece61600e", "chart_name": "Bitcoin - Exchange to Bank Transactions - All Exchanges, BlockFi"}, {"metric_id": "6178a7b98654f056e6ea14db", "metric_full_name": "BTC_exchange-to-bank-flow-mean", "chart_id": "61adc00ef25fa84ece615ff6", "chart_name": "Bitcoin - Exchange to Bank Flow (Mean) - All Exchanges, BlockFi"}, {"metric_id": "6178a9078654f056e6ea14e6", "metric_full_name": "BTC_bank-to-miner-flow-total", "chart_id": "61adc0b3f25fa84ece616770", "chart_name": "Bitcoin - Bank to Miner Flow (Total) - BlockFi, All Miners"}, {"metric_id": "6178a91c8654f056e6ea14e8", "metric_full_name": "BTC_bank-to-miner-transactions", "chart_id": "61adc0b7f25fa84ece616788", "chart_name": "Bitcoin - Bank to Miner Transactions - BlockFi, All Miners"}, {"metric_id": "6178a9128654f056e6ea14e7", "metric_full_name": "BTC_bank-to-miner-flow-mean", "chart_id": "61adc0baf25fa84ece6167a0", "chart_name": "Bitcoin - Bank to Miner Flow (Mean) - BlockFi, All Miners"}, {"metric_id": "6178a8968654f056e6ea14e0", "metric_full_name": "BTC_miner-to-bank-flow-total", "chart_id": "61adc08df25fa84ece6166e0", "chart_name": "Bitcoin - Miner to Bank Flow (Total) - All Miners, BlockFi"}, {"metric_id": "6178a8ab8654f056e6ea14e2", "metric_full_name": "BTC_miner-to-bank-transactions", "chart_id": "61adc093f25fa84ece616710", "chart_name": "Bitcoin - Miner to Bank Transactions - All Miners, BlockFi"}, {"metric_id": "6178a8a18654f056e6ea14e1", "metric_full_name": "BTC_miner-to-bank-flow-mean", "chart_id": "61adc090f25fa84ece6166f8", "chart_name": "Bitcoin - Miner to Bank Flow (Mean) - All Miners, BlockFi"}, {"metric_id": "6178d6a18654f056e6ea2a17", "metric_full_name": "BTC_bank-reserve", "chart_id": "61adc133f25fa84ece6167a7", "chart_name": "Bitcoin - Bank Reserve - BlockFi"}, {"metric_id": "6178d8a28654f056e6ea2a1a", "metric_full_name": "BTC_bank-inflow-total", "chart_id": "61adc13ef25fa84ece6167ad", "chart_name": "Bitcoin - Bank Inflow (Total) - BlockFi"}, {"metric_id": "6178e0148654f056e6ea2a1e", "metric_full_name": "BTC_bank-outflow-total", "chart_id": "61adc14df25fa84ece6167b5", "chart_name": "Bitcoin - Bank Outflow (Total) - BlockFi"}, {"metric_id": "6178dfbc8654f056e6ea2a1c", "metric_full_name": "BTC_bank-inflow-mean", "chart_id": "61adc147f25fa84ece6167b1", "chart_name": "Bitcoin - Bank Inflow (Mean) - BlockFi"}, {"metric_id": "6178e0278654f056e6ea2a20", "metric_full_name": "BTC_bank-outflow-mean", "chart_id": "61adc154f25fa84ece6167b9", "chart_name": "Bitcoin - Bank Outflow (Mean) - BlockFi"}, {"metric_id": "6178d8ae8654f056e6ea2a1b", "metric_full_name": "BTC_bank-inflow-top10", "chart_id": "61adc143f25fa84ece6167af", "chart_name": "Bitcoin - Bank Inflow (Top10) - BlockFi"}, {"metric_id": "6178e0208654f056e6ea2a1f", "metric_full_name": "BTC_bank-outflow-top10", "chart_id": "61adc151f25fa84ece6167b7", "chart_name": "Bitcoin - Bank Outflow (Top10) - BlockFi"}, {"metric_id": "6178d6b58654f056e6ea2a18", "metric_full_name": "BTC_bank-reserve-usd", "chart_id": "61adc137f25fa84ece6167a9", "chart_name": "Bitcoin - Bank Reserve USD - BlockFi"}, {"metric_id": "6178dfc58654f056e6ea2a1d", "metric_full_name": "BTC_bank-inflow-mean-ma7", "chart_id": "61adc14af25fa84ece6167b3", "chart_name": "Bitcoin - Bank Inflow (Mean, MA7) - BlockFi"}, {"metric_id": "6178e0308654f056e6ea2a21", "metric_full_name": "BTC_bank-outflow-mean-ma7", "chart_id": "61adc157f25fa84ece6167bb", "chart_name": "Bitcoin - Bank Outflow (Mean, MA7) - BlockFi"}, {"metric_id": "6178d88b8654f056e6ea2a19", "metric_full_name": "BTC_bank-netflow-total", "chart_id": "61adc13af25fa84ece6167ab", "chart_name": "Bitcoin - Bank Netflow (Total) - BlockFi"}, {"metric_id": "6178e0f88654f056e6ea2a22", "metric_full_name": "BTC_bank-depositing-transactions", "chart_id": "61adc15cf25fa84ece6167bd", "chart_name": "Bitcoin - Bank Depositing Transactions - BlockFi"}, {"metric_id": "6178e1048654f056e6ea2a23", "metric_full_name": "BTC_bank-withdrawing-transactions", "chart_id": "61adc15ff25fa84ece6167bf", "chart_name": "Bitcoin - Bank Withdrawing Transactions - BlockFi"}, {"metric_id": "6178e1198654f056e6ea2a24", "metric_full_name": "BTC_bank-depositing-addresses", "chart_id": "61adc162f25fa84ece6167c1", "chart_name": "Bitcoin - Bank Depositing Addresses - BlockFi"}, {"metric_id": "6178e1238654f056e6ea2a25", "metric_full_name": "BTC_bank-withdrawing-addresses", "chart_id": "61adc166f25fa84ece6167c3", "chart_name": "Bitcoin - Bank Withdrawing Addresses - BlockFi"}, {"metric_id": "6357850ec65700523d4aca38", "metric_full_name": "BTC_geographical-supply-distribution-by-entities", "chart_id": "6357850ec65700523d4aca39", "chart_name": "Bitcoin - Geographical Supply Distribution by Entities"}, {"metric_id": "6357850ec65700523d4aca41", "metric_full_name": "BTC_exchange-supply", "chart_id": "6357850ec65700523d4aca42", "chart_name": "Bitcoin - Exchange Supply"}, {"metric_id": "6357850ec65700523d4aca45", "metric_full_name": "BTC_us-to-the-rest-reserve-ratio", "chart_id": "6357850ec65700523d4aca46", "chart_name": "Bitcoin - U.S. to The Rest Reserve Ratio"}, {"metric_id": "6357850ec65700523d4aca49", "metric_full_name": "BTC_exchange-reserve-ratio-kyc-vs-non-kyc", "chart_id": "6357850ec65700523d4aca4a", "chart_name": "Bitcoin - Exchange Reserve Ratio (KYC vs. Non-KYC)"}, {"metric_id": "6357850ec65700523d4aca4c", "metric_full_name": "BTC_exchange-reserve-ratio-us-vs-off-shore", "chart_id": "6357850ec65700523d4aca4d", "chart_name": "Bitcoin - Exchange Reserve Ratio (U.S. vs. Off-Shore)"}, {"metric_id": "6357850ec65700523d4aca50", "metric_full_name": "BTC_fund-to-all-exchange-reserve-ratio", "chart_id": "6357850ec65700523d4aca51", "chart_name": "Bitcoin - Fund to All Exchange Reserve Ratio"}, {"metric_id": "6357850ec65700523d4aca53", "metric_full_name": "BTC_fund-to-kycd-exchange-reserve-ratio", "chart_id": "6357850ec65700523d4aca54", "chart_name": "Bitcoin - Fund to KYC'd Exchange Reserve Ratio"}, {"metric_id": "6357850ec65700523d4aca56", "metric_full_name": "BTC_fund-to-non-kycd-exchange-reserve-ratio", "chart_id": "6357850ec65700523d4aca57", "chart_name": "Bitcoin - Fund to Non-KYC'd Exchange Reserve Ratio"}, {"metric_id": "6357850ec65700523d4aca5c", "metric_full_name": "BTC_plustoken-reserve-analysis", "chart_id": "6357850ec65700523d4aca5d", "chart_name": "Bitcoin - PlusToken Reserve Analysis"}, {"metric_id": "6357850ec65700523d4aca62", "metric_full_name": "BTC_plustoken-interflow-analysis", "chart_id": "6357850ec65700523d4aca63", "chart_name": "Bitcoin - PlusToken Interflow Analysis"}, {"metric_id": "6357850ec65700523d4aca66", "metric_full_name": "BTC_miner-selling-power-log-scaled", "chart_id": "6357850ec65700523d4aca67", "chart_name": "Bitcoin - Miner Selling Power (log-scaled)"}, {"metric_id": "6357850fc65700523d4aca6c", "metric_full_name": "BTC_number-of-entities", "chart_id": "6357850fc65700523d4aca6d", "chart_name": "Bitcoin - Number of Entities"}, {"metric_id": "6357850fc65700523d4aca7e", "metric_full_name": "BTC_all-entities-supply", "chart_id": "6357850fc65700523d4aca7f", "chart_name": "Bitcoin - All Entities Supply"}, {"metric_id": "6357850fc65700523d4aca90", "metric_full_name": "BTC_exchange-miner-supply", "chart_id": "6357850fc65700523d4aca91", "chart_name": "Bitcoin - Exchange Miner Supply"}, {"metric_id": "6357850fc65700523d4aca99", "metric_full_name": "BTC_exchange-token-transferred-log-scaled", "chart_id": "6357850fc65700523d4aca9a", "chart_name": "Bitcoin - Exchange Token Transferred (Log-scaled)"}, {"metric_id": "6357850fc65700523d4acaa2", "metric_full_name": "BTC_exchange-active-sender-addresses-log-scaled", "chart_id": "6357850fc65700523d4acaa3", "chart_name": "Bitcoin - Exchange Active Sender Addresses (Log-scaled)"}, {"metric_id": "6357850fc65700523d4acaab", "metric_full_name": "BTC_exchange-active-receiver-addresses-log-scaled", "chart_id": "6357850fc65700523d4acaac", "chart_name": "Bitcoin - Exchange Active Receiver Addresses (Log-scaled)"}, {"metric_id": "6357850fc65700523d4acaaf", "metric_full_name": "BTC_exchange-token-transferred-ratio-kyc-vs-non-kyc", "chart_id": "6357850fc65700523d4acab0", "chart_name": "Bitcoin - Exchange Token Transferred Ratio (KYC VS. Non-KYC)"}, {"metric_id": "6357850fc65700523d4acab2", "metric_full_name": "BTC_exchange-token-transferred-ratio-us-vs-off-shore", "chart_id": "6357850fc65700523d4acab3", "chart_name": "Bitcoin - Exchange Token Transferred Ratio (US VS. Off-shore)"}, {"metric_id": "6357850fc65700523d4acab7", "metric_full_name": "BTC_trading-volume-spot-vs-derivative", "chart_id": "6357850fc65700523d4acab8", "chart_name": "Bitcoin - Trading Volume (Spot VS. Derivative)"}, {"metric_id": "6357850fc65700523d4acabb", "metric_full_name": "BTC_trading-volume-kyc-vs-non-kyc", "chart_id": "6357850fc65700523d4acabc", "chart_name": "Bitcoin - Trading Volume (KYC VS. Non-KYC)"}, {"metric_id": "6357850fc65700523d4acabf", "metric_full_name": "BTC_trading-volume-ratio-spot-vs-derivative", "chart_id": "6357850fc65700523d4acac0", "chart_name": "Bitcoin - Trading Volume Ratio (Spot VS. Derivative)"}, {"metric_id": "6357850fc65700523d4acac2", "metric_full_name": "BTC_trading-volume-ratio-kyc-vs-non-kyc", "chart_id": "6357850fc65700523d4acac3", "chart_name": "Bitcoin - Trading Volume Ratio (KYC VS. Non-KYC)"}], "ETH": [{"metric_id": "61adeb9e56f85872fa84f89f", "metric_full_name": "ETH_exchange-reserve", "chart_id": "61adee8256f85872fa84f8c1", "chart_name": "Ethereum - Exchange Reserve - All Exchanges"}, {"metric_id": "61adebab56f85872fa84f8a0", "metric_full_name": "ETH_exchange-reserve-usd", "chart_id": "61adee9656f85872fa84f8de", "chart_name": "Ethereum - Exchange Reserve USD - All Exchanges"}, {"metric_id": "61adec4356f85872fa84f8a2", "metric_full_name": "ETH_exchange-inflow-total", "chart_id": "61adef4156f85872fa84f91b", "chart_name": "Ethereum - Exchange Inflow (Total) - All Exchanges"}, {"metric_id": "61adec7a56f85872fa84f8a6", "metric_full_name": "ETH_exchange-outflow-total", "chart_id": "61adef5756f85872fa84f99f", "chart_name": "Ethereum - Exchange Outflow (Total) - All Exchanges"}, {"metric_id": "61adebec56f85872fa84f8a1", "metric_full_name": "ETH_exchange-netflow-total", "chart_id": "61adef2a56f85872fa84f8fc", "chart_name": "Ethereum - Exchange Netflow (Total) - All Exchanges"}, {"metric_id": "61adec5456f85872fa84f8a4", "metric_full_name": "ETH_exchange-inflow-mean", "chart_id": "61adef4856f85872fa84f957", "chart_name": "Ethereum - Exchange Inflow (Mean) - All Exchanges"}, {"metric_id": "61adec8756f85872fa84f8a8", "metric_full_name": "ETH_exchange-outflow-mean", "chart_id": "61adef5c56f85872fa84f9ce", "chart_name": "Ethereum - Exchange Outflow (Mean) - All Exchanges"}, {"metric_id": "61adec4d56f85872fa84f8a3", "metric_full_name": "ETH_exchange-inflow-top10", "chart_id": "61adef4456f85872fa84f939", "chart_name": "Ethereum - Exchange Inflow (Top10) - All Exchanges"}, {"metric_id": "61adec7f56f85872fa84f8a7", "metric_full_name": "ETH_exchange-outflow-top10", "chart_id": "61adef5a56f85872fa84f9b0", "chart_name": "Ethereum - Exchange Outflow (Top10) - All Exchanges"}, {"metric_id": "61adec5b56f85872fa84f8a5", "metric_full_name": "ETH_exchange-inflow-mean-ma7", "chart_id": "61adef4b56f85872fa84f975", "chart_name": "Ethereum - Exchange Inflow (Mean, MA7) - All Exchanges"}, {"metric_id": "61adec8e56f85872fa84f8a9", "metric_full_name": "ETH_exchange-outflow-mean-ma7", "chart_id": "61adef5f56f85872fa84f9ec", "chart_name": "Ethereum - Exchange Outflow (Mean, MA7) - All Exchanges"}, {"metric_id": "61adeca956f85872fa84f8aa", "metric_full_name": "ETH_exchange-depositing-transactions", "chart_id": "61adef6d56f85872fa84fa0a", "chart_name": "Ethereum - Exchange Depositing Transactions - All Exchanges"}, {"metric_id": "61adecb256f85872fa84f8ab", "metric_full_name": "ETH_exchange-withdrawing-transactions", "chart_id": "61adef7056f85872fa84fa28", "chart_name": "Ethereum - Exchange Withdrawing Transactions - All Exchanges"}, {"metric_id": "61adeccb56f85872fa84f8ac", "metric_full_name": "ETH_exchange-depositing-addresses", "chart_id": "61adef7e56f85872fa84fa4b", "chart_name": "Ethereum - Exchange Depositing Addresses - All Exchanges"}, {"metric_id": "61adecd356f85872fa84f8ad", "metric_full_name": "ETH_exchange-withdrawing-addresses", "chart_id": "61adef8056f85872fa84fa69", "chart_name": "Ethereum - Exchange Withdrawing Addresses - All Exchanges"}, {"metric_id": "625fb835a09f3d33d55ed318", "metric_full_name": "ETH_exchange-supply-ratio", "chart_id": "625fb841a09f3d33d55ed355", "chart_name": "Ethereum - Exchange Supply Ratio - All Exchanges"}, {"metric_id": "61aded7d56f85872fa84f8af", "metric_full_name": "ETH_estimated-leverage-ratio", "chart_id": "61adf00856f85872fa84fa85", "chart_name": "Ethereum - Estimated Leverage Ratio - All Exchanges"}, {"metric_id": "61adf4f856f85872fa84facb", "metric_full_name": "ETH_open-interest", "chart_id": "61adf6e056f85872fa84fadb", "chart_name": "Ethereum - Open Interest - All Exchanges, All Symbol"}, {"metric_id": "61adf50f56f85872fa84facc", "metric_full_name": "ETH_funding-rates", "chart_id": "61adf6e356f85872fa84fafa", "chart_name": "Ethereum - Funding Rates - All Exchanges"}, {"metric_id": "61adf5b456f85872fa84fad2", "metric_full_name": "ETH_long-liquidations", "chart_id": "61adf6f656f85872fa84fb1f", "chart_name": "Ethereum - Long Liquidations - All Exchanges, All Symbol"}, {"metric_id": "61adf5ba56f85872fa84fad3", "metric_full_name": "ETH_short-liquidations", "chart_id": "61adf6f956f85872fa84fb2f", "chart_name": "Ethereum - Short Liquidations - All Exchanges, All Symbol"}, {"metric_id": "61adf5c756f85872fa84fad4", "metric_full_name": "ETH_long-liquidations-usd", "chart_id": "61adf6fb56f85872fa84fb3f", "chart_name": "Ethereum - Long Liquidations USD - All Exchanges, All Symbol"}, {"metric_id": "61adf5ce56f85872fa84fad5", "metric_full_name": "ETH_short-liquidations-usd", "chart_id": "61adf6ff56f85872fa84fb4f", "chart_name": "Ethereum - Short Liquidations USD - All Exchanges, All Symbol"}, {"metric_id": "61adf59856f85872fa84fad1", "metric_full_name": "ETH_taker-buy-sell-ratio", "chart_id": "61adf6f256f85872fa84fb1d", "chart_name": "Ethereum - Taker Buy Sell Ratio - All Exchanges"}, {"metric_id": "61adf58956f85872fa84facf", "metric_full_name": "ETH_taker-buy-ratio", "chart_id": "61adf6ec56f85872fa84fb0f", "chart_name": "Ethereum - Taker Buy Ratio - All Exchanges"}, {"metric_id": "61adf59056f85872fa84fad0", "metric_full_name": "ETH_taker-sell-ratio", "chart_id": "61adf6ef56f85872fa84fb16", "chart_name": "Ethereum - Taker Sell Ratio - All Exchanges"}, {"metric_id": "61adf57256f85872fa84facd", "metric_full_name": "ETH_taker-buy-volume", "chart_id": "61adf6e656f85872fa84fb01", "chart_name": "Ethereum - Taker Buy Volume - All Exchanges"}, {"metric_id": "61adf58156f85872fa84face", "metric_full_name": "ETH_taker-sell-volume", "chart_id": "61adf6e956f85872fa84fb08", "chart_name": "Ethereum - Taker Sell Volume - All Exchanges"}, {"metric_id": "61adf35856f85872fa84faa4", "metric_full_name": "ETH_fund-market-premium", "chart_id": "61adf38656f85872fa84fabc", "chart_name": "Ethereum - Fund Market Premium - All Symbol"}, {"metric_id": "61adf36656f85872fa84faa5", "metric_full_name": "ETH_fund-holdings", "chart_id": "61adf38456f85872fa84fab7", "chart_name": "Ethereum - Fund Holdings - All Symbol"}, {"metric_id": "61adf34556f85872fa84faa3", "metric_full_name": "ETH_fund-volume", "chart_id": "61adf38156f85872fa84fab2", "chart_name": "Ethereum - Fund Volume - All Symbol"}, {"metric_id": "61adf32a56f85872fa84faa2", "metric_full_name": "ETH_fund-price-usd", "chart_id": "61adf37e56f85872fa84faaa", "chart_name": "Ethereum - Fund Price (USD) - ETHE"}, {"metric_id": "61adf5f056f85872fa84fad7", "metric_full_name": "ETH_coinbase-premium-index", "chart_id": "61adf70856f85872fa84fb60", "chart_name": "Ethereum - Coinbase Premium Index"}, {"metric_id": "61adf5ea56f85872fa84fad6", "metric_full_name": "ETH_coinbase-premium-gap", "chart_id": "61adf70456f85872fa84fb5f", "chart_name": "Ethereum - Coinbase Premium Gap"}, {"metric_id": "61adf61a56f85872fa84fad8", "metric_full_name": "ETH_korea-premium-index", "chart_id": "61adf70b56f85872fa84fb61", "chart_name": "Ethereum - Korea Premium Index"}, {"metric_id": "61bc51b1390ee207915d127c", "metric_full_name": "ETH_price-volume", "chart_id": "61bc5292390ee207915d127f", "chart_name": "Ethereum - Price & Volume - Spot, All Exchanges, ETH-USD"}, {"metric_id": "628f50007873706f2e4c6b82", "metric_full_name": "ETH_price-volume-krw", "chart_id": "628f500b7873706f2e4c6b83", "chart_name": "Ethereum - Price & Volume KRW - Spot"}, {"metric_id": "61adf14456f85872fa84fa8e", "metric_full_name": "ETH_total-value-staked", "chart_id": "61adf26d56f85872fa84fa96", "chart_name": "Ethereum - Total Value Staked"}, {"metric_id": "61adf16856f85872fa84fa8f", "metric_full_name": "ETH_staking-inflow-total", "chart_id": "61adf27056f85872fa84fa97", "chart_name": "Ethereum - Staking Inflow Total"}, {"metric_id": "61adf19156f85872fa84fa91", "metric_full_name": "ETH_cumulative-txs-to-eth-20-contract", "chart_id": "61adf27656f85872fa84fa99", "chart_name": "Ethereum - Cumulative TXs to ETH 2.0 Contract"}, {"metric_id": "61adf17c56f85872fa84fa90", "metric_full_name": "ETH_number-of-eth-20-deposits", "chart_id": "61adf27356f85872fa84fa98", "chart_name": "Ethereum - Number of ETH 2.0 Deposits"}, {"metric_id": "61adf1a756f85872fa84fa92", "metric_full_name": "ETH_number-of-unique-depositors", "chart_id": "61adf27a56f85872fa84fa9a", "chart_name": "Ethereum - Number of Unique Depositors"}, {"metric_id": "61adf1b656f85872fa84fa93", "metric_full_name": "ETH_new-depositors", "chart_id": "61adf27c56f85872fa84fa9b", "chart_name": "Ethereum - New Depositors"}, {"metric_id": "61adf1ce56f85872fa84fa94", "metric_full_name": "ETH_eth-20-staking-rate-percent", "chart_id": "61adf27f56f85872fa84fa9c", "chart_name": "Ethereum - ETH 2.0 Staking Rate (%)"}, {"metric_id": "61adf1e456f85872fa84fa95", "metric_full_name": "ETH_phase-0-success-rate-percent", "chart_id": "61adf28356f85872fa84fa9d", "chart_name": "Ethereum - Phase 0 Success Rate (%)"}, {"metric_id": "61adfa8e56f85872fa84fb98", "metric_full_name": "ETH_active-addresses", "chart_id": "61adfd3e56f85872fa84fbc7", "chart_name": "Ethereum - Active Addresses"}, {"metric_id": "61adfa9656f85872fa84fb99", "metric_full_name": "ETH_active-sending-addresses", "chart_id": "61adfd4156f85872fa84fbc8", "chart_name": "Ethereum - Active Sending Addresses"}, {"metric_id": "61adfa9c56f85872fa84fb9a", "metric_full_name": "ETH_active-receiving-addresses", "chart_id": "61adfd4456f85872fa84fbc9", "chart_name": "Ethereum - Active Receiving Addresses"}, {"metric_id": "61b97bbe52f1b35a8e2c73c2", "metric_full_name": "ETH_number-of-contracts", "chart_id": "61b9861652f1b35a8e2c7422", "chart_name": "Ethereum - Number of Contracts"}, {"metric_id": "61b97bae52f1b35a8e2c73c0", "metric_full_name": "ETH_new-contracts", "chart_id": "61b9861052f1b35a8e2c7420", "chart_name": "Ethereum - New Contracts"}, {"metric_id": "61b97bb852f1b35a8e2c73c1", "metric_full_name": "ETH_destroyed-contracts", "chart_id": "61b9861352f1b35a8e2c7421", "chart_name": "Ethereum - Destroyed Contracts"}, {"metric_id": "61b97d1e52f1b35a8e2c73cd", "metric_full_name": "ETH_active-addresses-internal-external-eoa", "chart_id": "61b9863952f1b35a8e2c742d", "chart_name": "Ethereum - Active Addresses - Internal, External, EOA"}, {"metric_id": "61b97d2752f1b35a8e2c73ce", "metric_full_name": "ETH_active-sending-addresses-internal-external-eoa", "chart_id": "61b9863c52f1b35a8e2c742e", "chart_name": "Ethereum - Active Sending Addresses - Internal, External, EOA"}, {"metric_id": "61b97d2d52f1b35a8e2c73cf", "metric_full_name": "ETH_active-receiving-addresses-internal-external-eoa", "chart_id": "61b9863f52f1b35a8e2c742f", "chart_name": "Ethereum - Active Receiving Addresses - Internal, External, EOA"}, {"metric_id": "61adfb3956f85872fa84fba3", "metric_full_name": "ETH_fees-burnt-total", "chart_id": "61adfd6456f85872fa84fbd2", "chart_name": "Ethereum - Fees Burnt (Total)"}, {"metric_id": "61adfb4f56f85872fa84fba4", "metric_full_name": "ETH_fees-burnt-usd-total", "chart_id": "61adfd6756f85872fa84fbd3", "chart_name": "Ethereum - Fees Burnt USD (Total)"}, {"metric_id": "61adfba956f85872fa84fbab", "metric_full_name": "ETH_fees-burnt-per-transaction-mean", "chart_id": "61adfd7e56f85872fa84fbda", "chart_name": "Ethereum - Fees Burnt per Transaction (Mean)"}, {"metric_id": "61adfbb056f85872fa84fbac", "metric_full_name": "ETH_fees-burnt-per-transaction-usd-mean", "chart_id": "61adfd8156f85872fa84fbdb", "chart_name": "Ethereum - Fees Burnt per Transaction USD (Mean)"}, {"metric_id": "61adfbb656f85872fa84fbad", "metric_full_name": "ETH_fees-burnt-per-transaction-median", "chart_id": "61adfd8556f85872fa84fbdc", "chart_name": "Ethereum - Fees Burnt per Transaction (Median)"}, {"metric_id": "61adfbbc56f85872fa84fbae", "metric_full_name": "ETH_fees-burnt-per-transaction-usd-median", "chart_id": "61adfd8756f85872fa84fbdd", "chart_name": "Ethereum - Fees Burnt per Transaction USD (Median)"}, {"metric_id": "61adfb7f56f85872fa84fba7", "metric_full_name": "ETH_fees-per-transaction-mean", "chart_id": "61adfd7056f85872fa84fbd6", "chart_name": "Ethereum - Fees per Transaction (Mean)"}, {"metric_id": "61adfb8656f85872fa84fba8", "metric_full_name": "ETH_fees-per-transaction-usd-mean", "chart_id": "61adfd7556f85872fa84fbd7", "chart_name": "Ethereum - Fees per Transaction USD (Mean)"}, {"metric_id": "61adfb0a56f85872fa84fba0", "metric_full_name": "ETH_fees-total", "chart_id": "61adfd5856f85872fa84fbcf", "chart_name": "Ethereum - Fees (Total)"}, {"metric_id": "61adfb8c56f85872fa84fba9", "metric_full_name": "ETH_fees-per-transaction-median", "chart_id": "61adfd7856f85872fa84fbd8", "chart_name": "Ethereum - Fees per Transaction (Median)"}, {"metric_id": "61adfb1156f85872fa84fba1", "metric_full_name": "ETH_fees-usd-total", "chart_id": "61adfd5c56f85872fa84fbd0", "chart_name": "Ethereum - Fees USD (Total)"}, {"metric_id": "61adfaf556f85872fa84fb9e", "metric_full_name": "ETH_fees-per-block-mean", "chart_id": "61adfd5256f85872fa84fbcd", "chart_name": "Ethereum - Fees per Block (Mean)"}, {"metric_id": "61adfb9256f85872fa84fbaa", "metric_full_name": "ETH_fees-per-transaction-usd-median", "chart_id": "61adfd7a56f85872fa84fbd9", "chart_name": "Ethereum - Fees per Transaction USD (Median)"}, {"metric_id": "61adfafe56f85872fa84fb9f", "metric_full_name": "ETH_fees-per-block-usd-mean", "chart_id": "61adfd5556f85872fa84fbce", "chart_name": "Ethereum - Fees per Block USD (Mean)"}, {"metric_id": "61adfb6156f85872fa84fba5", "metric_full_name": "ETH_priority-fees-total", "chart_id": "61adfd6a56f85872fa84fbd4", "chart_name": "Ethereum - Priority Fees (Total)"}, {"metric_id": "61adfb6656f85872fa84fba6", "metric_full_name": "ETH_priority-fees-usd-total", "chart_id": "61adfd6d56f85872fa84fbd5", "chart_name": "Ethereum - Priority Fees USD (Total)"}, {"metric_id": "61adfbcd56f85872fa84fbaf", "metric_full_name": "ETH_priority-fees-per-transaction-mean", "chart_id": "61adfd8a56f85872fa84fbde", "chart_name": "Ethereum - Priority Fees per Transaction (Mean)"}, {"metric_id": "61adfbd256f85872fa84fbb0", "metric_full_name": "ETH_priority-fees-per-transaction-usd-mean", "chart_id": "61adfd8e56f85872fa84fbdf", "chart_name": "Ethereum - Priority Fees per Transaction USD (Mean)"}, {"metric_id": "61adfbd856f85872fa84fbb1", "metric_full_name": "ETH_priority-fees-per-transaction-median", "chart_id": "61adfd9156f85872fa84fbe0", "chart_name": "Ethereum - Priority Fees per Transaction (Median)"}, {"metric_id": "61adfbdd56f85872fa84fbb2", "metric_full_name": "ETH_priority-fees-per-transaction-usd-median", "chart_id": "61adfd9456f85872fa84fbe1", "chart_name": "Ethereum - Priority Fees per Transaction USD (Median)"}, {"metric_id": "61adfc2356f85872fa84fbb7", "metric_full_name": "ETH_gas-used-total", "chart_id": "61adfda356f85872fa84fbe6", "chart_name": "Ethereum - Gas Used (Total)"}, {"metric_id": "61adfc2f56f85872fa84fbb8", "metric_full_name": "ETH_gas-used-mean", "chart_id": "61adfda756f85872fa84fbe7", "chart_name": "Ethereum - Gas Used (Mean)"}, {"metric_id": "61adfc3756f85872fa84fbb9", "metric_full_name": "ETH_gas-price-mean", "chart_id": "61adfdaa56f85872fa84fbe8", "chart_name": "Ethereum - Gas Price (Mean)"}, {"metric_id": "61adfc3e56f85872fa84fbba", "metric_full_name": "ETH_gas-limit-mean", "chart_id": "61adfdae56f85872fa84fbe9", "chart_name": "Ethereum - Gas Limit (Mean)"}, {"metric_id": "61adfc7856f85872fa84fbbb", "metric_full_name": "ETH_base-fee-per-gas-mean", "chart_id": "61adfdb056f85872fa84fbea", "chart_name": "Ethereum - Base Fee per Gas (Mean)"}, {"metric_id": "61adfc8d56f85872fa84fbbc", "metric_full_name": "ETH_max-fee-per-gas-mean", "chart_id": "61adfdb356f85872fa84fbeb", "chart_name": "Ethereum - Max Fee per Gas (Mean)"}, {"metric_id": "61adfca056f85872fa84fbbd", "metric_full_name": "ETH_max-priority-fee-per-gas-mean", "chart_id": "61adfdb656f85872fa84fbec", "chart_name": "Ethereum - Max Priority Fee per Gas (Mean)"}, {"metric_id": "61adfb1956f85872fa84fba2", "metric_full_name": "ETH_fees-to-reward-ratio", "chart_id": "61adfd6056f85872fa84fbd1", "chart_name": "Ethereum - Fees to Reward Ratio"}, {"metric_id": "61adfbef56f85872fa84fbb3", "metric_full_name": "ETH_block-rewards", "chart_id": "61adfd9756f85872fa84fbe2", "chart_name": "Ethereum - Block Rewards"}, {"metric_id": "61adfbf556f85872fa84fbb4", "metric_full_name": "ETH_block-rewards-usd", "chart_id": "61adfd9a56f85872fa84fbe3", "chart_name": "Ethereum - Block Rewards USD"}, {"metric_id": "61adfc0656f85872fa84fbb5", "metric_full_name": "ETH_block-rewards-except-uncle-blocks", "chart_id": "61adfd9d56f85872fa84fbe4", "chart_name": "Ethereum - Block Rewards (Except Uncle Blocks)"}, {"metric_id": "61adfc0e56f85872fa84fbb6", "metric_full_name": "ETH_block-rewards-usd-except-uncle-blocks", "chart_id": "61adfda056f85872fa84fbe5", "chart_name": "Ethereum - Block Rewards USD (Except Uncle Blocks)"}, {"metric_id": "61adfce556f85872fa84fbc1", "metric_full_name": "ETH_uncle-block-rewards", "chart_id": "61adfdc556f85872fa84fbf0", "chart_name": "Ethereum - Uncle Block Rewards"}, {"metric_id": "61adfced56f85872fa84fbc2", "metric_full_name": "ETH_uncle-block-rewards-usd", "chart_id": "61adfdc856f85872fa84fbf1", "chart_name": "Ethereum - Uncle Block Rewards USD"}, {"metric_id": "61adfac156f85872fa84fb9c", "metric_full_name": "ETH_blocks-mined", "chart_id": "61adfd4b56f85872fa84fbcb", "chart_name": "Ethereum - Blocks Mined"}, {"metric_id": "61adfaad56f85872fa84fb9b", "metric_full_name": "ETH_block-size-mean", "chart_id": "61adfd4756f85872fa84fbca", "chart_name": "Ethereum - Block Size (Mean)"}, {"metric_id": "61adfae156f85872fa84fb9d", "metric_full_name": "ETH_block-interval-mean", "chart_id": "61adfd4f56f85872fa84fbcc", "chart_name": "Ethereum - Block Interval (Mean)"}, {"metric_id": "61adfcc356f85872fa84fbbf", "metric_full_name": "ETH_hashrate", "chart_id": "61adfdbe56f85872fa84fbee", "chart_name": "Ethereum - Hashrate"}, {"metric_id": "61adfcb556f85872fa84fbbe", "metric_full_name": "ETH_difficulty", "chart_id": "61adfdbb56f85872fa84fbed", "chart_name": "Ethereum - Difficulty"}, {"metric_id": "61adfcd456f85872fa84fbc0", "metric_full_name": "ETH_uncle-blocks-mined", "chart_id": "61adfdc256f85872fa84fbef", "chart_name": "Ethereum - Uncle Blocks Mined"}, {"metric_id": "61adfa4d56f85872fa84fb94", "metric_full_name": "ETH_total-supply", "chart_id": "61adfd2c56f85872fa84fbc3", "chart_name": "Ethereum - Total Supply"}, {"metric_id": "61adfa5556f85872fa84fb95", "metric_full_name": "ETH_new-supply", "chart_id": "61adfd3556f85872fa84fbc4", "chart_name": "Ethereum - New Supply"}, {"metric_id": "61b97b9752f1b35a8e2c73bf", "metric_full_name": "ETH_velocity", "chart_id": "61b9860c52f1b35a8e2c741f", "chart_name": "Ethereum - Velocity"}, {"metric_id": "61adfa6a56f85872fa84fb96", "metric_full_name": "ETH_transaction-count-total", "chart_id": "61adfd3856f85872fa84fbc5", "chart_name": "Ethereum - Transaction Count (Total)"}, {"metric_id": "61adfa7456f85872fa84fb97", "metric_full_name": "ETH_transaction-count-mean", "chart_id": "61adfd3b56f85872fa84fbc6", "chart_name": "Ethereum - Transaction Count (Mean)"}, {"metric_id": "61b97bd152f1b35a8e2c73c3", "metric_full_name": "ETH_transactions-between-eoa-total", "chart_id": "61b9861952f1b35a8e2c7423", "chart_name": "Ethereum - Transactions Between EOA (Total)"}, {"metric_id": "61b97bd852f1b35a8e2c73c4", "metric_full_name": "ETH_transactions-between-eoa-mean", "chart_id": "61b9861c52f1b35a8e2c7424", "chart_name": "Ethereum - Transactions Between EOA (Mean)"}, {"metric_id": "61b97cfb52f1b35a8e2c73cb", "metric_full_name": "ETH_transaction-count-internal-external-eoa-total", "chart_id": "61b9863252f1b35a8e2c742b", "chart_name": "Ethereum - Transaction Count - Internal, External, EOA (Total)"}, {"metric_id": "61b97d0152f1b35a8e2c73cc", "metric_full_name": "ETH_transaction-count-internal-external-eoa-mean", "chart_id": "61b9863552f1b35a8e2c742c", "chart_name": "Ethereum - Transaction Count - Internal, External, EOA (Mean)"}, {"metric_id": "61b97d4352f1b35a8e2c73d0", "metric_full_name": "ETH_transfer-count-total", "chart_id": "61b9864252f1b35a8e2c7430", "chart_name": "Ethereum - Transfer Count (Total)"}, {"metric_id": "61b97d4a52f1b35a8e2c73d1", "metric_full_name": "ETH_transfer-count-mean", "chart_id": "61b9864552f1b35a8e2c7431", "chart_name": "Ethereum - Transfer Count (Mean)"}, {"metric_id": "61b97d5b52f1b35a8e2c73d2", "metric_full_name": "ETH_transfers-between-eoa-total", "chart_id": "61b9864a52f1b35a8e2c7432", "chart_name": "Ethereum - Transfers Between EOA (Total)"}, {"metric_id": "61b97d6152f1b35a8e2c73d3", "metric_full_name": "ETH_transfers-between-eoa-mean", "chart_id": "61b9864d52f1b35a8e2c7433", "chart_name": "Ethereum - Transfers Between EOA (Mean)"}, {"metric_id": "61b97f9652f1b35a8e2c73dd", "metric_full_name": "ETH_transfer-count-internal-external-eoa-total", "chart_id": "61b9865f52f1b35a8e2c7439", "chart_name": "Ethereum - Transfer Count - Internal, External, EOA (Total)"}, {"metric_id": "61b97f9c52f1b35a8e2c73de", "metric_full_name": "ETH_transfer-count-internal-external-eoa-mean", "chart_id": "61b9866252f1b35a8e2c743a", "chart_name": "Ethereum - Transfer Count - Internal, External, EOA (Mean)"}, {"metric_id": "61b97fb852f1b35a8e2c73df", "metric_full_name": "ETH_tokens-transferred-total", "chart_id": "61b9866552f1b35a8e2c743b", "chart_name": "Ethereum - Tokens Transferred (Total)"}, {"metric_id": "61b97fc052f1b35a8e2c73e0", "metric_full_name": "ETH_tokens-transferred-mean", "chart_id": "61b9866952f1b35a8e2c743c", "chart_name": "Ethereum - Tokens Transferred (Mean)"}, {"metric_id": "61b97fc752f1b35a8e2c73e1", "metric_full_name": "ETH_tokens-transferred-median", "chart_id": "61b9866c52f1b35a8e2c743d", "chart_name": "Ethereum - Tokens Transferred (Median)"}, {"metric_id": "61b97fcd52f1b35a8e2c73e2", "metric_full_name": "ETH_tokens-transferred-usd-total", "chart_id": "61b9866f52f1b35a8e2c743e", "chart_name": "Ethereum - Tokens Transferred USD (Total)"}, {"metric_id": "61b97fd452f1b35a8e2c73e3", "metric_full_name": "ETH_tokens-transferred-usd-mean", "chart_id": "61b9867252f1b35a8e2c743f", "chart_name": "Ethereum - Tokens Transferred USD (Mean)"}, {"metric_id": "61b97fdb52f1b35a8e2c73e4", "metric_full_name": "ETH_tokens-transferred-usd-median", "chart_id": "61b9867552f1b35a8e2c7440", "chart_name": "Ethereum - Tokens Transferred USD (Median)"}, {"metric_id": "61b97fee52f1b35a8e2c73e5", "metric_full_name": "ETH_tokens-transferred-between-eoa-total", "chart_id": "61b9867752f1b35a8e2c7441", "chart_name": "Ethereum - Tokens Transferred Between EOA (Total)"}, {"metric_id": "61b97ff552f1b35a8e2c73e6", "metric_full_name": "ETH_tokens-transferred-between-eoa-mean", "chart_id": "61b9868252f1b35a8e2c7442", "chart_name": "Ethereum - Tokens Transferred Between EOA (Mean)"}, {"metric_id": "61b97ffb52f1b35a8e2c73e7", "metric_full_name": "ETH_tokens-transferred-between-eoa-median", "chart_id": "61b9868852f1b35a8e2c7443", "chart_name": "Ethereum - Tokens Transferred Between EOA (Median)"}, {"metric_id": "61b9800152f1b35a8e2c73e8", "metric_full_name": "ETH_tokens-transferred-between-eoa-usd-total", "chart_id": "61b9868a52f1b35a8e2c7444", "chart_name": "Ethereum - Tokens Transferred Between EOA USD (Total)"}, {"metric_id": "61b9800852f1b35a8e2c73e9", "metric_full_name": "ETH_tokens-transferred-between-eoa-usd-mean", "chart_id": "61b9869252f1b35a8e2c7445", "chart_name": "Ethereum - Tokens Transferred Between EOA USD (Mean)"}, {"metric_id": "61b9800f52f1b35a8e2c73ea", "metric_full_name": "ETH_tokens-transferred-between-eoa-usd-median", "chart_id": "61b9869552f1b35a8e2c7446", "chart_name": "Ethereum - Tokens Transferred Between EOA USD (Median)"}, {"metric_id": "61b9813052f1b35a8e2c7403", "metric_full_name": "ETH_tokens-transferred-internal-external-eoa-total", "chart_id": "61b986be52f1b35a8e2c7453", "chart_name": "Ethereum - Tokens Transferred - Internal, External, EOA (Total)"}, {"metric_id": "61b9813652f1b35a8e2c7404", "metric_full_name": "ETH_tokens-transferred-internal-external-eoa-mean", "chart_id": "61b986c152f1b35a8e2c7454", "chart_name": "Ethereum - Tokens Transferred - Internal, External, EOA (Mean)"}, {"metric_id": "61b9813c52f1b35a8e2c7405", "metric_full_name": "ETH_tokens-transferred-internal-external-eoa-median", "chart_id": "61b986c552f1b35a8e2c7455", "chart_name": "Ethereum - Tokens Transferred - Internal, External, EOA (Median)"}, {"metric_id": "61b9814252f1b35a8e2c7406", "metric_full_name": "ETH_tokens-transferred-usd-internal-external-eoa-total", "chart_id": "61b986c752f1b35a8e2c7456", "chart_name": "Ethereum - Tokens Transferred USD - Internal, External, EOA (Total)"}, {"metric_id": "61b9814852f1b35a8e2c7407", "metric_full_name": "ETH_tokens-transferred-usd-internal-external-eoa-mean", "chart_id": "61b986ca52f1b35a8e2c7457", "chart_name": "Ethereum - Tokens Transferred USD - Internal, External, EOA (Mean)"}, {"metric_id": "61b9814d52f1b35a8e2c7408", "metric_full_name": "ETH_tokens-transferred-usd-internal-external-eoa-median", "chart_id": "61b986ce52f1b35a8e2c7458", "chart_name": "Ethereum - Tokens Transferred USD - Internal, External, EOA (Median)"}, {"metric_id": "61b97cdc52f1b35a8e2c73c9", "metric_full_name": "ETH_contract-calls-total", "chart_id": "61b9862b52f1b35a8e2c7429", "chart_name": "Ethereum - Contract Calls (Total)"}, {"metric_id": "61b97ce552f1b35a8e2c73ca", "metric_full_name": "ETH_contract-calls-mean", "chart_id": "61b9862f52f1b35a8e2c742a", "chart_name": "Ethereum - Contract Calls (Mean)"}, {"metric_id": "61b97f7e52f1b35a8e2c73db", "metric_full_name": "ETH_transfers-by-contract-calls-total", "chart_id": "61b9865952f1b35a8e2c7437", "chart_name": "Ethereum - Transfers by Contract Calls (Total)"}, {"metric_id": "61b97f8452f1b35a8e2c73dc", "metric_full_name": "ETH_transfers-by-contract-calls-mean", "chart_id": "61b9865c52f1b35a8e2c7438", "chart_name": "Ethereum - Transfers by Contract Calls (Mean)"}, {"metric_id": "61b982c852f1b35a8e2c740f", "metric_full_name": "ETH_tokens-transferred-by-contract-calls-total", "chart_id": "61b986d152f1b35a8e2c7459", "chart_name": "Ethereum - Tokens Transferred by Contract Calls (Total)"}, {"metric_id": "61b982ce52f1b35a8e2c7410", "metric_full_name": "ETH_tokens-transferred-by-contract-calls-mean", "chart_id": "61b986d552f1b35a8e2c745a", "chart_name": "Ethereum - Tokens Transferred by Contract Calls (Mean)"}, {"metric_id": "61b982d352f1b35a8e2c7411", "metric_full_name": "ETH_tokens-transferred-by-contract-calls-median", "chart_id": "61b986d852f1b35a8e2c745b", "chart_name": "Ethereum - Tokens Transferred by Contract Calls (Median)"}, {"metric_id": "61b982da52f1b35a8e2c7412", "metric_full_name": "ETH_tokens-transferred-by-contract-calls-usd-total", "chart_id": "61b986db52f1b35a8e2c745c", "chart_name": "Ethereum - Tokens Transferred by Contract Calls USD (Total)"}, {"metric_id": "61b982e452f1b35a8e2c7413", "metric_full_name": "ETH_tokens-transferred-by-contract-calls-usd-mean", "chart_id": "61b986df52f1b35a8e2c745d", "chart_name": "Ethereum - Tokens Transferred by Contract Calls USD (Mean)"}, {"metric_id": "61b982ea52f1b35a8e2c7414", "metric_full_name": "ETH_tokens-transferred-by-contract-calls-usd-median", "chart_id": "61b986e252f1b35a8e2c745e", "chart_name": "Ethereum - Tokens Transferred by Contract Calls USD (Median)"}, {"metric_id": "61b97ca452f1b35a8e2c73c5", "metric_full_name": "ETH_external-contract-calls-total", "chart_id": "61b9861f52f1b35a8e2c7425", "chart_name": "Ethereum - External Contract Calls (Total)"}, {"metric_id": "61b97cab52f1b35a8e2c73c6", "metric_full_name": "ETH_external-contract-calls-mean", "chart_id": "61b9862252f1b35a8e2c7426", "chart_name": "Ethereum - External Contract Calls (Mean)"}, {"metric_id": "61b97f5652f1b35a8e2c73d8", "metric_full_name": "ETH_transfers-by-external-contract-calls-total", "chart_id": "61b9865052f1b35a8e2c7434", "chart_name": "Ethereum - Transfers by External Contract Calls (Total)"}, {"metric_id": "61b97f5c52f1b35a8e2c73d9", "metric_full_name": "ETH_transfers-by-external-contract-calls-mean", "chart_id": "61b9865352f1b35a8e2c7435", "chart_name": "Ethereum - Transfers by External Contract Calls (Mean)"}, {"metric_id": "61b980cb52f1b35a8e2c73f7", "metric_full_name": "ETH_tokens-transferred-by-external-contract-calls-total", "chart_id": "61b9869852f1b35a8e2c7447", "chart_name": "Ethereum - Tokens Transferred by External Contract Calls (Total)"}, {"metric_id": "61b980d252f1b35a8e2c73f8", "metric_full_name": "ETH_tokens-transferred-by-external-contract-calls-mean", "chart_id": "61b9869b52f1b35a8e2c7448", "chart_name": "Ethereum - Tokens Transferred by External Contract Calls (Mean)"}, {"metric_id": "61b980d752f1b35a8e2c73f9", "metric_full_name": "ETH_tokens-transferred-by-external-contract-calls-median", "chart_id": "61b9869f52f1b35a8e2c7449", "chart_name": "Ethereum - Tokens Transferred by External Contract Calls (Median)"}, {"metric_id": "61b980dd52f1b35a8e2c73fa", "metric_full_name": "ETH_tokens-transferred-by-external-contract-calls-usd-total", "chart_id": "61b986a252f1b35a8e2c744a", "chart_name": "Ethereum - Tokens Transferred by External Contract Calls USD (Total)"}, {"metric_id": "61b980e352f1b35a8e2c73fb", "metric_full_name": "ETH_tokens-transferred-by-external-contract-calls-usd-mean", "chart_id": "61b986a752f1b35a8e2c744b", "chart_name": "Ethereum - Tokens Transferred by External Contract Calls USD (Mean)"}, {"metric_id": "61b980e852f1b35a8e2c73fc", "metric_full_name": "ETH_tokens-transferred-by-external-contract-calls-usd-median", "chart_id": "61b986aa52f1b35a8e2c744c", "chart_name": "Ethereum - Tokens Transferred by External Contract Calls USD (Median)"}, {"metric_id": "61b97cbc52f1b35a8e2c73c7", "metric_full_name": "ETH_internal-contract-calls-total", "chart_id": "61b9862552f1b35a8e2c7427", "chart_name": "Ethereum - Internal Contract Calls (Total)"}, {"metric_id": "61b97cc452f1b35a8e2c73c8", "metric_full_name": "ETH_internal-contract-calls-mean", "chart_id": "61b9862752f1b35a8e2c7428", "chart_name": "Ethereum - Internal Contract Calls (Mean)"}, {"metric_id": "61b97f6d52f1b35a8e2c73da", "metric_full_name": "ETH_transfers-by-internal-contract-calls-total", "chart_id": "61b9865652f1b35a8e2c7436", "chart_name": "Ethereum - Transfers by Internal Contract Calls (Total)"}, {"metric_id": "61b9888352f1b35a8e2c7461", "metric_full_name": "ETH_transfers-by-internal-contract-calls-mean", "chart_id": "61b9888f52f1b35a8e2c7462", "chart_name": "Ethereum - Transfers by Internal Contract Calls (Mean)"}, {"metric_id": "61b980fb52f1b35a8e2c73fd", "metric_full_name": "ETH_tokens-transferred-by-internal-contract-calls-total", "chart_id": "61b986ad52f1b35a8e2c744d", "chart_name": "Ethereum - Tokens Transferred by Internal Contract Calls (Total)"}, {"metric_id": "61b9810152f1b35a8e2c73fe", "metric_full_name": "ETH_tokens-transferred-by-internal-contract-calls-mean", "chart_id": "61b986b052f1b35a8e2c744e", "chart_name": "Ethereum - Tokens Transferred by Internal Contract Calls (Mean)"}, {"metric_id": "61b9810652f1b35a8e2c73ff", "metric_full_name": "ETH_tokens-transferred-by-internal-contract-calls-median", "chart_id": "61b986b352f1b35a8e2c744f", "chart_name": "Ethereum - Tokens Transferred by Internal Contract Calls (Median)"}, {"metric_id": "61b9810f52f1b35a8e2c7400", "metric_full_name": "ETH_tokens-transferred-by-internal-contract-calls-usd-total", "chart_id": "61b986b652f1b35a8e2c7450", "chart_name": "Ethereum - Tokens Transferred by Internal Contract Calls USD (Total)"}, {"metric_id": "61b9811552f1b35a8e2c7401", "metric_full_name": "ETH_tokens-transferred-by-internal-contract-calls-usd-mean", "chart_id": "61b986b952f1b35a8e2c7451", "chart_name": "Ethereum - Tokens Transferred by Internal Contract Calls USD (Mean)"}, {"metric_id": "61b9811a52f1b35a8e2c7402", "metric_full_name": "ETH_tokens-transferred-by-internal-contract-calls-usd-median", "chart_id": "61b986bc52f1b35a8e2c7452", "chart_name": "Ethereum - Tokens Transferred by Internal Contract Calls USD (Median)"}, {"metric_id": "61b985cc52f1b35a8e2c741e", "metric_full_name": "ETH_failed-transaction-count-total", "chart_id": "61b986e852f1b35a8e2c7460", "chart_name": "Ethereum - Failed Transaction Count (Total)"}, {"metric_id": "61b9833852f1b35a8e2c741b", "metric_full_name": "ETH_failed-transfer-count-total", "chart_id": "61b986e552f1b35a8e2c745f", "chart_name": "Ethereum - Failed Transfer Count (Total)"}], "STABLE": [{"metric_id": "61af10e556f85872fa84fc34", "metric_full_name": "STABLE_exchange-reserve", "chart_id": "61af11a0cd2e77148b8a0118", "chart_name": "All Stablecoins(ERC20) - Exchange Reserve - All Exchanges"}, {"metric_id": "61af13a556f85872fa84fc3d", "metric_full_name": "STABLE_exchange-inflow-total", "chart_id": "61af1b6856e8456e3457bc59", "chart_name": "All Stablecoins(ERC20) - Exchange Inflow (Total) - All Exchanges"}, {"metric_id": "61af13cb56f85872fa84fc41", "metric_full_name": "STABLE_exchange-outflow-total", "chart_id": "61af1b7956e8456e3457bd0d", "chart_name": "All Stablecoins(ERC20) - Exchange Outflow (Total) - All Exchanges"}, {"metric_id": "61af138856f85872fa84fc3c", "metric_full_name": "STABLE_exchange-netflow-total", "chart_id": "61af1b5056e8456e3457bc2c", "chart_name": "All Stablecoins(ERC20) - Exchange Netflow (Total) - All Exchanges"}, {"metric_id": "61af13b256f85872fa84fc3f", "metric_full_name": "STABLE_exchange-inflow-mean", "chart_id": "61af1b7256e8456e3457bcb3", "chart_name": "All Stablecoins(ERC20) - Exchange Inflow (Mean) - All Exchanges"}, {"metric_id": "61af13d756f85872fa84fc43", "metric_full_name": "STABLE_exchange-outflow-mean", "chart_id": "61af1b8056e8456e3457bd67", "chart_name": "All Stablecoins(ERC20) - Exchange Outflow (Mean) - All Exchanges"}, {"metric_id": "61af13ab56f85872fa84fc3e", "metric_full_name": "STABLE_exchange-inflow-top10", "chart_id": "61af1b6e56e8456e3457bc86", "chart_name": "All Stablecoins(ERC20) - Exchange Inflow (Top10) - All Exchanges"}, {"metric_id": "61af13d056f85872fa84fc42", "metric_full_name": "STABLE_exchange-outflow-top10", "chart_id": "61af1b7d56e8456e3457bd3a", "chart_name": "All Stablecoins(ERC20) - Exchange Outflow (Top10) - All Exchanges"}, {"metric_id": "61af13b756f85872fa84fc40", "metric_full_name": "STABLE_exchange-inflow-mean-ma7", "chart_id": "61af1b7656e8456e3457bce0", "chart_name": "All Stablecoins(ERC20) - Exchange Inflow (Mean, MA7) - All Exchanges"}, {"metric_id": "61af13f256f85872fa84fc44", "metric_full_name": "STABLE_exchange-outflow-mean-ma7", "chart_id": "61af1b8356e8456e3457bd94", "chart_name": "All Stablecoins(ERC20) - Exchange Outflow (Mean, MA7) - All Exchanges"}, {"metric_id": "61af140a56f85872fa84fc45", "metric_full_name": "STABLE_exchange-depositing-transactions", "chart_id": "61af1b8756e8456e3457bdc1", "chart_name": "All Stablecoins(ERC20) - Exchange Depositing Transactions - All Exchanges"}, {"metric_id": "61af141056f85872fa84fc46", "metric_full_name": "STABLE_exchange-withdrawing-transactions", "chart_id": "61af1b8b56e8456e3457bdee", "chart_name": "All Stablecoins(ERC20) - Exchange Withdrawing Transactions - All Exchanges"}, {"metric_id": "61af142356f85872fa84fc47", "metric_full_name": "STABLE_exchange-depositing-addresses", "chart_id": "61af1b8d56e8456e3457be1b", "chart_name": "All Stablecoins(ERC20) - Exchange Depositing Addresses - All Exchanges"}, {"metric_id": "61af142756f85872fa84fc48", "metric_full_name": "STABLE_exchange-withdrawing-addresses", "chart_id": "61af1b8f56e8456e3457be48", "chart_name": "All Stablecoins(ERC20) - Exchange Withdrawing Addresses - All Exchanges"}, {"metric_id": "625fb844a09f3d33d55ed35c", "metric_full_name": "STABLE_exchange-supply-ratio", "chart_id": "625fb854a09f3d33d55ed38b", "chart_name": "All Stablecoins(ERC20) - Exchange Supply Ratio - All Exchanges"}, {"metric_id": "61af1ea756e8456e3457be97", "metric_full_name": "STABLE_active-addresses", "chart_id": "61af1f8d56e8456e3457bea9", "chart_name": "All Stablecoins(ERC20) - Active Addresses"}, {"metric_id": "61af1eb156e8456e3457be98", "metric_full_name": "STABLE_active-sending-addresses", "chart_id": "61af1f9056e8456e3457beaa", "chart_name": "All Stablecoins(ERC20) - Active Sending Addresses"}, {"metric_id": "61af1ebb56e8456e3457be99", "metric_full_name": "STABLE_active-receiving-addresses", "chart_id": "61af1f9356e8456e3457beab", "chart_name": "All Stablecoins(ERC20) - Active Receiving Addresses"}, {"metric_id": "61af1ec456e8456e3457be9a", "metric_full_name": "STABLE_active-sending-addresses-percent", "chart_id": "61af1f9656e8456e3457beac", "chart_name": "All Stablecoins(ERC20) - Active Sending Addresses (%)"}, {"metric_id": "61af1ecc56e8456e3457be9b", "metric_full_name": "STABLE_active-receiving-addresses-percent", "chart_id": "61af1f9a56e8456e3457bead", "chart_name": "All Stablecoins(ERC20) - Active Receiving Addresses (%)"}, {"metric_id": "61af1df056e8456e3457be8b", "metric_full_name": "STABLE_total-supply", "chart_id": "61af201056e8456e3457beae", "chart_name": "All Stablecoins(ERC20) - Total Supply"}, {"metric_id": "61af1e0a56e8456e3457be8e", "metric_full_name": "STABLE_circulating-supply", "chart_id": "61af1f6e56e8456e3457be9f", "chart_name": "All Stablecoins(ERC20) - Circulating Supply"}, {"metric_id": "61af1df956e8456e3457be8c", "metric_full_name": "STABLE_minted-supply", "chart_id": "61af1f6756e8456e3457be9d", "chart_name": "All Stablecoins(ERC20) - Minted Supply"}, {"metric_id": "61af1e0a56e8456e3457be8d", "metric_full_name": "STABLE_burned-supply", "chart_id": "61af1f6b56e8456e3457be9e", "chart_name": "All Stablecoins(ERC20) - Burned Supply"}, {"metric_id": "61af1e1156e8456e3457be8f", "metric_full_name": "STABLE_issued-supply", "chart_id": "61af1f7256e8456e3457bea0", "chart_name": "All Stablecoins(ERC20) - Issued Supply"}, {"metric_id": "61af1e1956e8456e3457be8g", "metric_full_name": "STABLE_redeemed-supply", "chart_id": "61af1f7556e8456e3457bea1", "chart_name": "All Stablecoins(ERC20) - Redeemed Supply"}, {"metric_id": "61af1e3956e8456e3457be91", "metric_full_name": "STABLE_mint-event-count", "chart_id": "61af1f7b56e8456e3457bea3", "chart_name": "All Stablecoins(ERC20) - Mint Event Count"}, {"metric_id": "61af1e4156e8456e3457be92", "metric_full_name": "STABLE_issue-event-count", "chart_id": "61af1f7e56e8456e3457bea4", "chart_name": "All Stablecoins(ERC20) - Issue Event Count"}, {"metric_id": "61af1e4956e8456e3457be93", "metric_full_name": "STABLE_burn-event-count", "chart_id": "61af1f8056e8456e3457bea5", "chart_name": "All Stablecoins(ERC20) - Burn Event Count"}, {"metric_id": "61af1e5456e8456e3457be94", "metric_full_name": "STABLE_redeem-event-count", "chart_id": "61af1f8356e8456e3457bea6", "chart_name": "All Stablecoins(ERC20) - Redeem Event Count"}, {"metric_id": "61af1e3156e8456e3457be90", "metric_full_name": "STABLE_transfer-event-count", "chart_id": "61af1f7856e8456e3457bea2", "chart_name": "All Stablecoins(ERC20) - Transfer Event Count"}, {"metric_id": "61af1e8e56e8456e3457be95", "metric_full_name": "STABLE_tokens-transferred-total", "chart_id": "61af1f8656e8456e3457bea7", "chart_name": "All Stablecoins(ERC20) - Tokens Transferred (Total)"}, {"metric_id": "61af1e9456e8456e3457be96", "metric_full_name": "STABLE_tokens-transferred-mean", "chart_id": "61af1f8956e8456e3457bea8", "chart_name": "All Stablecoins(ERC20) - Tokens Transferred (Mean)"}]}