{"exchange-flows": [{"id": "622a083e1ef01949d467e13d", "name": "exchange-reserve"}, {"id": "622a083e1ef01949d467e154", "name": "exchange-reserve-usd"}, {"id": "622a083e1ef01949d467e184", "name": "exchange-inflow-total"}, {"id": "622a083e1ef01949d467e1e1", "name": "exchange-outflow-total"}, {"id": "622a083e1ef01949d467e16c", "name": "exchange-netflow-total"}, {"id": "622a083e1ef01949d467e1b2", "name": "exchange-inflow-mean"}, {"id": "622a083e1ef01949d467e20f", "name": "exchange-outflow-mean"}, {"id": "622a083e1ef01949d467e19b", "name": "exchange-inflow-top10"}, {"id": "622a083e1ef01949d467e1f8", "name": "exchange-outflow-top10"}, {"id": "622a083e1ef01949d467e1c9", "name": "exchange-inflow-mean-ma7"}, {"id": "622a083e1ef01949d467e226", "name": "exchange-outflow-mean-ma7"}, {"id": "622a083e1ef01949d467e23e", "name": "exchange-depositing-transactions"}, {"id": "622a083e1ef01949d467e255", "name": "exchange-withdrawing-transactions"}, {"id": "622a083e1ef01949d467e26d", "name": "exchange-depositing-addresses"}, {"id": "622a083f1ef01949d467e284", "name": "exchange-withdrawing-addresses"}], "flow-indicator": [{"id": "625fb8a6a09f3d33d55ed510", "name": "exchange-supply-ratio"}], "market-data": [{"id": "61ca73d8def50741844a0e77", "name": "price-volume"}], "addresses": [{"id": "625e23dae3a6f37be8d2c977", "name": "active-addresses"}, {"id": "625e23dae3a6f37be8d2c97a", "name": "active-sending-addresses"}, {"id": "625e23dae3a6f37be8d2c97d", "name": "active-receiving-addresses"}], "supply": [{"id": "625e23dae3a6f37be8d2c982", "name": "total-supply"}, {"id": "625e23dae3a6f37be8d2c98c", "name": "velocity"}, {"id": "625e23dae3a6f37be8d2c985", "name": "minted-supply"}, {"id": "625e23dae3a6f37be8d2c988", "name": "burned-supply"}], "transactions": [{"id": "625e23dae3a6f37be8d2c991", "name": "transaction-count-total"}, {"id": "625e23dae3a6f37be8d2c994", "name": "transaction-count-mean"}, {"id": "625e23dae3a6f37be8d2c998", "name": "transfer-count-total"}, {"id": "625e23dae3a6f37be8d2c99b", "name": "transfer-count-mean"}, {"id": "625e23dae3a6f37be8d2c99f", "name": "tokens-transferred-total"}, {"id": "625e23dbe3a6f37be8d2c9a2", "name": "tokens-transferred-mean"}, {"id": "625e23dbe3a6f37be8d2c9a5", "name": "tokens-transferred-median"}]}