{"exchange-flows": [{"id": "622a083a1ef01949d467dcac", "name": "exchange-reserve"}, {"id": "622a083a1ef01949d467dcce", "name": "exchange-reserve-usd"}, {"id": "622a083a1ef01949d467dd14", "name": "exchange-inflow-total"}, {"id": "622a083b1ef01949d467dd9d", "name": "exchange-outflow-total"}, {"id": "622a083a1ef01949d467dcf1", "name": "exchange-netflow-total"}, {"id": "622a083b1ef01949d467dd58", "name": "exchange-inflow-mean"}, {"id": "622a083b1ef01949d467dde1", "name": "exchange-outflow-mean"}, {"id": "622a083b1ef01949d467dd36", "name": "exchange-inflow-top10"}, {"id": "622a083b1ef01949d467ddbf", "name": "exchange-outflow-top10"}, {"id": "622a083b1ef01949d467de03", "name": "exchange-outflow-mean-ma7"}, {"id": "622a083b1ef01949d467dd7a", "name": "exchange-inflow-mean-ma7"}, {"id": "622a083b1ef01949d467de26", "name": "exchange-depositing-transactions"}, {"id": "622a083b1ef01949d467de48", "name": "exchange-withdrawing-transactions"}, {"id": "622a083b1ef01949d467de6b", "name": "exchange-depositing-addresses"}, {"id": "622a083b1ef01949d467de8d", "name": "exchange-withdrawing-addresses"}], "flow-indicator": [{"id": "625fb974a09f3d33d55ed921", "name": "exchange-supply-ratio"}], "market-data": [{"id": "61ca73d7def50741844a0e63", "name": "price-volume"}], "addresses": [{"id": "625e23dae3a6f37be8d2c911", "name": "active-addresses"}, {"id": "625e23dae3a6f37be8d2c914", "name": "active-sending-addresses"}, {"id": "625e23dae3a6f37be8d2c917", "name": "active-receiving-addresses"}], "supply": [{"id": "625e23dae3a6f37be8d2c91c", "name": "total-supply"}, {"id": "625e23dae3a6f37be8d2c926", "name": "velocity"}, {"id": "625e23dae3a6f37be8d2c91f", "name": "minted-supply"}, {"id": "625e23dae3a6f37be8d2c922", "name": "burned-supply"}], "transactions": [{"id": "625e23dae3a6f37be8d2c92b", "name": "transaction-count-total"}, {"id": "625e23dae3a6f37be8d2c92e", "name": "transaction-count-mean"}, {"id": "625e23dae3a6f37be8d2c932", "name": "transfer-count-total"}, {"id": "625e23dae3a6f37be8d2c935", "name": "transfer-count-mean"}, {"id": "625e23dae3a6f37be8d2c939", "name": "tokens-transferred-total"}, {"id": "625e23dae3a6f37be8d2c93c", "name": "tokens-transferred-mean"}, {"id": "625e23dae3a6f37be8d2c93f", "name": "tokens-transferred-median"}]}