{"addresses": [{"id": "625e23d3e3a6f37be8d2c5d8", "name": "active-addresses"}, {"id": "625e23d3e3a6f37be8d2c5db", "name": "active-sending-addresses"}, {"id": "625e23d3e3a6f37be8d2c5de", "name": "active-receiving-addresses"}], "supply": [{"id": "625e23d3e3a6f37be8d2c5e3", "name": "total-supply"}, {"id": "625e23d3e3a6f37be8d2c5ed", "name": "velocity"}, {"id": "625e23d3e3a6f37be8d2c5e6", "name": "minted-supply"}, {"id": "625e23d3e3a6f37be8d2c5e9", "name": "burned-supply"}], "transactions": [{"id": "625e23d3e3a6f37be8d2c5f2", "name": "transaction-count-total"}, {"id": "625e23d3e3a6f37be8d2c5f5", "name": "transaction-count-mean"}, {"id": "625e23d3e3a6f37be8d2c5f9", "name": "transfer-count-total"}, {"id": "625e23d4e3a6f37be8d2c5fc", "name": "transfer-count-mean"}, {"id": "625e23d4e3a6f37be8d2c600", "name": "tokens-transferred-total"}, {"id": "625e23d4e3a6f37be8d2c603", "name": "tokens-transferred-mean"}, {"id": "625e23d4e3a6f37be8d2c606", "name": "tokens-transferred-median"}]}