{"exchange-flows": [{"id": "622a08101ef01949d467ab04", "name": "exchange-reserve"}, {"id": "622a08101ef01949d467ab23", "name": "exchange-reserve-usd"}, {"id": "622a08101ef01949d467ab63", "name": "exchange-inflow-total"}, {"id": "622a08101ef01949d467abe0", "name": "exchange-outflow-total"}, {"id": "622a08101ef01949d467ab43", "name": "exchange-netflow-total"}, {"id": "622a08101ef01949d467aba1", "name": "exchange-inflow-mean"}, {"id": "622a08111ef01949d467ac1e", "name": "exchange-outflow-mean"}, {"id": "622a08101ef01949d467ab82", "name": "exchange-inflow-top10"}, {"id": "622a08101ef01949d467abff", "name": "exchange-outflow-top10"}, {"id": "622a08111ef01949d467ac3d", "name": "exchange-outflow-mean-ma7"}, {"id": "622a08101ef01949d467abc0", "name": "exchange-inflow-mean-ma7"}, {"id": "622a08111ef01949d467ac5d", "name": "exchange-depositing-transactions"}, {"id": "622a08111ef01949d467ac7c", "name": "exchange-withdrawing-transactions"}, {"id": "622a08111ef01949d467ac9c", "name": "exchange-depositing-addresses"}, {"id": "622a08111ef01949d467acbb", "name": "exchange-withdrawing-addresses"}], "flow-indicator": [{"id": "625fb998a09f3d33d55ed9de", "name": "exchange-supply-ratio"}], "market-data": [{"id": "61ca73d2def50741844a0d23", "name": "price-volume"}], "addresses": [{"id": "620e223e2e920f5f0b277285", "name": "active-addresses"}, {"id": "620e22432e920f5f0b277288", "name": "active-sending-addresses"}, {"id": "620e22472e920f5f0b27728b", "name": "active-receiving-addresses"}], "supply": [{"id": "620e220b2e920f5f0b277260", "name": "total-supply"}, {"id": "620e22152e920f5f0b277267", "name": "velocity"}, {"id": "620e2ec3cdc76f4e17ed2208", "name": "minted-supply"}, {"id": "620e2ec8cdc76f4e17ed220b", "name": "burned-supply"}], "transactions": [{"id": "620e221b2e920f5f0b27726c", "name": "transaction-count-total"}, {"id": "620e221f2e920f5f0b27726f", "name": "transaction-count-mean"}, {"id": "620e22252e920f5f0b277273", "name": "transfer-count-total"}, {"id": "620e22292e920f5f0b277276", "name": "transfer-count-mean"}, {"id": "620e222f2e920f5f0b27727a", "name": "tokens-transferred-total"}, {"id": "620e22332e920f5f0b27727d", "name": "tokens-transferred-mean"}, {"id": "620e22382e920f5f0b277280", "name": "tokens-transferred-median"}]}