{"exchange-flows": [{"id": "622a08401ef01949d467e3df", "name": "exchange-reserve"}, {"id": "622a08401ef01949d467e403", "name": "exchange-reserve-usd"}, {"id": "622a08401ef01949d467e44d", "name": "exchange-inflow-total"}, {"id": "622a08411ef01949d467e4de", "name": "exchange-outflow-total"}, {"id": "622a08401ef01949d467e428", "name": "exchange-netflow-total"}, {"id": "622a08401ef01949d467e495", "name": "exchange-inflow-mean"}, {"id": "622a08411ef01949d467e526", "name": "exchange-outflow-mean"}, {"id": "622a08401ef01949d467e471", "name": "exchange-inflow-top10"}, {"id": "622a08411ef01949d467e502", "name": "exchange-outflow-top10"}, {"id": "622a08411ef01949d467e54a", "name": "exchange-outflow-mean-ma7"}, {"id": "622a08401ef01949d467e4b9", "name": "exchange-inflow-mean-ma7"}, {"id": "622a08411ef01949d467e56f", "name": "exchange-depositing-transactions"}, {"id": "622a08411ef01949d467e593", "name": "exchange-withdrawing-transactions"}, {"id": "622a08411ef01949d467e5b8", "name": "exchange-depositing-addresses"}, {"id": "622a08411ef01949d467e5dc", "name": "exchange-withdrawing-addresses"}], "flow-indicator": [{"id": "625fb913a09f3d33d55ed721", "name": "exchange-supply-ratio"}], "market-data": [{"id": "61ca73d8def50741844a0e8b", "name": "price-volume"}], "addresses": [{"id": "620e1ef22e920f5f0b277045", "name": "active-addresses"}, {"id": "620e1ef72e920f5f0b277048", "name": "active-sending-addresses"}, {"id": "620e1efb2e920f5f0b27704b", "name": "active-receiving-addresses"}], "supply": [{"id": "620e1ebb2e920f5f0b277020", "name": "total-supply"}, {"id": "620e1ec52e920f5f0b277027", "name": "velocity"}, {"id": "620e2e26cdc76f4e17ed21c0", "name": "minted-supply"}, {"id": "620e2e2bcdc76f4e17ed21c3", "name": "burned-supply"}], "transactions": [{"id": "620e1ecc2e920f5f0b27702c", "name": "transaction-count-total"}, {"id": "620e1ed12e920f5f0b27702f", "name": "transaction-count-mean"}, {"id": "620e1ed72e920f5f0b277033", "name": "transfer-count-total"}, {"id": "620e1edb2e920f5f0b277036", "name": "transfer-count-mean"}, {"id": "620e1ee12e920f5f0b27703a", "name": "tokens-transferred-total"}, {"id": "620e1ee62e920f5f0b27703d", "name": "tokens-transferred-mean"}, {"id": "620e1eeb2e920f5f0b277040", "name": "tokens-transferred-median"}]}