{"exchange-flows": [{"id": "61b6d2071688d16782a88010", "name": "exchange-reserve"}, {"id": "61b6d20e1688d16782a88011", "name": "exchange-reserve-usd"}, {"id": "61b6d21d1688d16782a88013", "name": "exchange-inflow-total"}, {"id": "61b6d2371688d16782a88017", "name": "exchange-outflow-total"}, {"id": "61b6d2161688d16782a88012", "name": "exchange-netflow-total"}, {"id": "61b6d2291688d16782a88015", "name": "exchange-inflow-mean"}, {"id": "61b6d2421688d16782a88019", "name": "exchange-outflow-mean"}, {"id": "61b6d2231688d16782a88014", "name": "exchange-inflow-top10"}, {"id": "61b6d23d1688d16782a88018", "name": "exchange-outflow-top10"}, {"id": "61b6d22e1688d16782a88016", "name": "exchange-inflow-mean-ma7"}, {"id": "61b6d2481688d16782a8801a", "name": "exchange-outflow-mean-ma7"}, {"id": "61b6d2621688d16782a8801b", "name": "exchange-depositing-transactions"}, {"id": "61b6d2681688d16782a8801c", "name": "exchange-withdrawing-transactions"}, {"id": "61b6d5761688d16782a88244", "name": "exchange-depositing-addresses"}, {"id": "61b6d57c1688d16782a88245", "name": "exchange-withdrawing-addresses"}], "flow-indicator": [{"id": "625fb965a09f3d33d55ed8d4", "name": "exchange-supply-ratio"}], "market-data": [{"id": "61c014d562b04c1286a3ff35", "name": "price-volume"}], "addresses": [{"id": "625e23dbe3a6f37be8d2c9dd", "name": "active-addresses"}, {"id": "625e23dbe3a6f37be8d2c9e0", "name": "active-sending-addresses"}, {"id": "625e23dbe3a6f37be8d2c9e3", "name": "active-receiving-addresses"}], "supply": [{"id": "625e23dbe3a6f37be8d2c9e8", "name": "total-supply"}, {"id": "625e23dbe3a6f37be8d2c9f2", "name": "velocity"}, {"id": "625e23dbe3a6f37be8d2c9eb", "name": "minted-supply"}, {"id": "625e23dbe3a6f37be8d2c9ee", "name": "burned-supply"}], "transactions": [{"id": "625e23dbe3a6f37be8d2c9f7", "name": "transaction-count-total"}, {"id": "625e23dbe3a6f37be8d2c9fa", "name": "transaction-count-mean"}, {"id": "625e23dbe3a6f37be8d2c9fe", "name": "transfer-count-total"}, {"id": "625e23dbe3a6f37be8d2ca01", "name": "transfer-count-mean"}, {"id": "625e23dbe3a6f37be8d2ca05", "name": "tokens-transferred-total"}, {"id": "625e23dbe3a6f37be8d2ca08", "name": "tokens-transferred-mean"}, {"id": "625e23dbe3a6f37be8d2ca0b", "name": "tokens-transferred-median"}]}