{"exchange-flows": [{"id": "622a08291ef01949d467c78b", "name": "exchange-reserve"}, {"id": "622a08291ef01949d467c79f", "name": "exchange-reserve-usd"}, {"id": "622a08291ef01949d467c7c9", "name": "exchange-inflow-total"}, {"id": "622a08291ef01949d467c81a", "name": "exchange-outflow-total"}, {"id": "622a08291ef01949d467c7b4", "name": "exchange-netflow-total"}, {"id": "622a08291ef01949d467c7f1", "name": "exchange-inflow-mean"}, {"id": "622a08291ef01949d467c842", "name": "exchange-outflow-mean"}, {"id": "622a08291ef01949d467c7dd", "name": "exchange-inflow-top10"}, {"id": "622a08291ef01949d467c82e", "name": "exchange-outflow-top10"}, {"id": "622a08291ef01949d467c856", "name": "exchange-outflow-mean-ma7"}, {"id": "622a08291ef01949d467c805", "name": "exchange-inflow-mean-ma7"}, {"id": "622a08291ef01949d467c86b", "name": "exchange-depositing-transactions"}, {"id": "622a08291ef01949d467c87f", "name": "exchange-withdrawing-transactions"}, {"id": "622a08291ef01949d467c894", "name": "exchange-depositing-addresses"}, {"id": "622a08291ef01949d467c8a8", "name": "exchange-withdrawing-addresses"}], "flow-indicator": [{"id": "625fb8eba09f3d33d55ed670", "name": "exchange-supply-ratio"}], "market-data": [{"id": "61ca73d5def50741844a0de1", "name": "price-volume"}], "addresses": [{"id": "620e1d452e920f5f0b276f25", "name": "active-addresses"}, {"id": "620e1d492e920f5f0b276f28", "name": "active-sending-addresses"}, {"id": "620e1d4e2e920f5f0b276f2b", "name": "active-receiving-addresses"}], "supply": [{"id": "620e1d0e2e920f5f0b276f00", "name": "total-supply"}, {"id": "620e1d182e920f5f0b276f07", "name": "velocity"}, {"id": "620e2dd8cdc76f4e17ed219c", "name": "minted-supply"}, {"id": "620e2dddcdc76f4e17ed219f", "name": "burned-supply"}], "transactions": [{"id": "620e1d1f2e920f5f0b276f0c", "name": "transaction-count-total"}, {"id": "620e1d242e920f5f0b276f0f", "name": "transaction-count-mean"}, {"id": "620e1d292e920f5f0b276f13", "name": "transfer-count-total"}, {"id": "620e1d2e2e920f5f0b276f16", "name": "transfer-count-mean"}, {"id": "620e1d342e920f5f0b276f1a", "name": "tokens-transferred-total"}, {"id": "620e1d392e920f5f0b276f1d", "name": "tokens-transferred-mean"}, {"id": "620e1d3e2e920f5f0b276f20", "name": "tokens-transferred-median"}]}