{"exchange-flows": [{"id": "622a08301ef01949d467cf79", "name": "exchange-reserve"}, {"id": "622a08301ef01949d467cf9f", "name": "exchange-reserve-usd"}, {"id": "622a08301ef01949d467cfed", "name": "exchange-inflow-total"}, {"id": "622a08301ef01949d467d086", "name": "exchange-outflow-total"}, {"id": "622a08301ef01949d467cfc6", "name": "exchange-netflow-total"}, {"id": "622a08301ef01949d467d039", "name": "exchange-inflow-mean"}, {"id": "622a08301ef01949d467d0d2", "name": "exchange-outflow-mean"}, {"id": "622a08301ef01949d467d013", "name": "exchange-inflow-top10"}, {"id": "622a08301ef01949d467d0ac", "name": "exchange-outflow-top10"}, {"id": "622a08301ef01949d467d0f8", "name": "exchange-outflow-mean-ma7"}, {"id": "622a08301ef01949d467d05f", "name": "exchange-inflow-mean-ma7"}, {"id": "622a08311ef01949d467d11f", "name": "exchange-depositing-transactions"}, {"id": "622a08311ef01949d467d145", "name": "exchange-withdrawing-transactions"}, {"id": "622a08311ef01949d467d16c", "name": "exchange-depositing-addresses"}, {"id": "622a08311ef01949d467d192", "name": "exchange-withdrawing-addresses"}], "flow-indicator": [{"id": "625fb91ba09f3d33d55ed747", "name": "exchange-supply-ratio"}], "market-data": [{"id": "61ca73d6def50741844a0e13", "name": "price-volume"}], "addresses": [{"id": "625e23d8e3a6f37be8d2c877", "name": "active-addresses"}, {"id": "625e23d9e3a6f37be8d2c87a", "name": "active-sending-addresses"}, {"id": "625e23d9e3a6f37be8d2c87d", "name": "active-receiving-addresses"}], "supply": [{"id": "625e23d9e3a6f37be8d2c882", "name": "total-supply"}, {"id": "625e23d9e3a6f37be8d2c88c", "name": "velocity"}, {"id": "625e23d9e3a6f37be8d2c885", "name": "minted-supply"}, {"id": "625e23d9e3a6f37be8d2c888", "name": "burned-supply"}], "transactions": [{"id": "625e23d9e3a6f37be8d2c891", "name": "transaction-count-total"}, {"id": "625e23d9e3a6f37be8d2c894", "name": "transaction-count-mean"}, {"id": "625e23d9e3a6f37be8d2c898", "name": "transfer-count-total"}, {"id": "625e23d9e3a6f37be8d2c89b", "name": "transfer-count-mean"}, {"id": "625e23d9e3a6f37be8d2c89f", "name": "tokens-transferred-total"}, {"id": "625e23d9e3a6f37be8d2c8a2", "name": "tokens-transferred-mean"}, {"id": "625e23d9e3a6f37be8d2c8a5", "name": "tokens-transferred-median"}]}