{"exchange-flows": [{"id": "61762641142904287d6a7ecb", "name": "exchange-reserve"}, {"id": "617627af142904287d6a7efd", "name": "exchange-reserve-usd"}, {"id": "61762cae142904287d6a7f39", "name": "exchange-inflow-total"}, {"id": "61762e8d142904287d6a7fa1", "name": "exchange-outflow-total"}, {"id": "61762aa9142904287d6a7f18", "name": "exchange-netflow-total"}, {"id": "61762d11142904287d6a7f3a", "name": "exchange-inflow-mean"}, {"id": "61762e99142904287d6a7fa2", "name": "exchange-outflow-mean"}, {"id": "61762d71142904287d6a7f3b", "name": "exchange-inflow-top10"}, {"id": "61762ea5142904287d6a7fa3", "name": "exchange-outflow-top10"}, {"id": "61762d80142904287d6a7f3c", "name": "exchange-inflow-mean-ma7"}, {"id": "61762eb5142904287d6a7fa4", "name": "exchange-outflow-mean-ma7"}, {"id": "61763009142904287d6a8009", "name": "exchange-depositing-transactions"}, {"id": "61763017142904287d6a800a", "name": "exchange-withdrawing-transactions"}, {"id": "61763035142904287d6a800b", "name": "exchange-depositing-addresses"}, {"id": "61763048142904287d6a800c", "name": "exchange-withdrawing-addresses"}, {"id": "61a602faa46ca1128e34df63", "name": "exchange-in-house-flow-total"}, {"id": "61a603d8a46ca1128e34df68", "name": "exchange-in-house-flow-mean"}, {"id": "61a603eba46ca1128e34df6a", "name": "exchange-in-house-transactions"}], "flow-indicator": [{"id": "6176337d142904287d6a8074", "name": "miners-position-index-mpi"}, {"id": "617635b5142904287d6a8094", "name": "exchange-whale-ratio"}, {"id": "617635f3142904287d6a8095", "name": "fund-flow-ratio"}, {"id": "61763639142904287d6a8096", "name": "exchange-stablecoins-ratio"}, {"id": "6176364b142904287d6a8097", "name": "exchange-stablecoins-ratio-usd"}, {"id": "6176346b142904287d6a8077", "name": "exchange-shutdown-index"}, {"id": "6217368d3bde403580faf25e", "name": "exchange-inflow-cdd"}, {"id": "621736973bde403580faf285", "name": "exchange-inflow-spent-output-age-bands"}, {"id": "621736a23bde403580faf2ab", "name": "exchange-inflow-spent-output-age-bands-percent"}, {"id": "621736ac3bde403580faf2cd", "name": "exchange-inflow-spent-output-value-bands"}, {"id": "621736b53bde403580faf2ee", "name": "exchange-inflow-spent-output-value-bands-percent"}, {"id": "625fb828a09f3d33d55ed2cb", "name": "exchange-supply-ratio"}, {"id": "625fb834a09f3d33d55ed2f7", "name": "miner-supply-ratio"}, {"id": "625fb834a09f3d33d55ed312", "name": "bank-supply-ratio"}], "market-indicator": [{"id": "61764161142904287d6a80f8", "name": "estimated-leverage-ratio"}, {"id": "6176430d142904287d6a80fd", "name": "short-term-holder-sopr"}, {"id": "61764317142904287d6a80fe", "name": "long-term-holder-sopr"}, {"id": "617642f2142904287d6a80fc", "name": "adjusted-sopr-asopr"}, {"id": "61ade674b535b9646cab7c69", "name": "sopr-ratio-lth-sopr-sth-sopr"}, {"id": "617642ca142904287d6a80fb", "name": "spent-output-profit-ratio-sopr"}, {"id": "61764227142904287d6a80fa", "name": "mvrv-ratio"}, {"id": "61764192142904287d6a80f9", "name": "stablecoin-supply-ratio-ssr"}, {"id": "625d2e7439ebbe4f21fd9b46", "name": "realized-price"}, {"id": "625d2e7439ebbe4f21fd9b56", "name": "realized-price-utxo-age-bands"}], "network-indicator": [{"id": "617665e5142904287d6a815d", "name": "net-unrealized-profit-loss-nupl"}, {"id": "617667db142904287d6a815e", "name": "net-unrealized-profit-nup"}, {"id": "617667ee142904287d6a815f", "name": "net-unrealized-loss-nul"}, {"id": "61765efc142904287d6a8156", "name": "supply-adjusted-cdd"}, {"id": "61765da7142904287d6a8153", "name": "coin-days-destroyed-cdd"}, {"id": "61765dff142904287d6a8154", "name": "average-supply-adjusted-cdd"}, {"id": "61765e0c142904287d6a8155", "name": "binary-cdd"}, {"id": "61766982142904287d6a8169", "name": "supply-adjusted-dormancy"}, {"id": "6176696b142904287d6a8168", "name": "average-dormancy"}, {"id": "61765d41142904287d6a8150", "name": "nvt-golden-cross"}, {"id": "61765d7c142904287d6a8152", "name": "puell-multiple"}, {"id": "61765d2b142904287d6a814f", "name": "nvt-ratio"}, {"id": "61765d60142904287d6a8151", "name": "nvm-ratio"}, {"id": "61765cf0142904287d6a814d", "name": "stock-to-flow-ratio"}, {"id": "61765d07142904287d6a814e", "name": "stock-to-flow-reversion"}, {"id": "61765f3c142904287d6a8157", "name": "mean-coin-age"}, {"id": "61765f48142904287d6a8158", "name": "mean-coin-dollar-age"}, {"id": "61765f6a142904287d6a8159", "name": "sum-coin-age"}, {"id": "61765f76142904287d6a815a", "name": "sum-coin-dollar-age"}, {"id": "6176620f142904287d6a815b", "name": "sum-coin-age-distribution"}, {"id": "6176658e142904287d6a815c", "name": "sum-coin-age-distribution-percent"}, {"id": "61766828142904287d6a8160", "name": "utxos-in-profit-percent"}, {"id": "61766841142904287d6a8161", "name": "utxos-in-loss-percent"}, {"id": "61766852142904287d6a8162", "name": "utxos-in-profit"}, {"id": "6176685e142904287d6a8163", "name": "utxos-in-loss"}, {"id": "6176692b142904287d6a8164", "name": "supply-in-profit-percent"}, {"id": "61766936142904287d6a8165", "name": "supply-in-loss-percent"}, {"id": "61766946142904287d6a8166", "name": "supply-in-profit"}, {"id": "6176694f142904287d6a8167", "name": "supply-in-loss"}, {"id": "62186e5761aa6b64f8a94853", "name": "utxo-age-bands"}, {"id": "62186e5b61aa6b64f8a94862", "name": "utxo-age-bands-usd"}, {"id": "62186e6061aa6b64f8a94871", "name": "utxo-age-bands-percent"}, {"id": "62186e6461aa6b64f8a94881", "name": "realized-cap-utxo-age-bands-usd"}, {"id": "62186e6861aa6b64f8a94890", "name": "realized-cap-utxo-age-bands-percent"}, {"id": "62186e7d61aa6b64f8a948a0", "name": "utxo-count-age-bands"}, {"id": "62186e8161aa6b64f8a948af", "name": "utxo-count-age-bands-percent"}, {"id": "62186e8561aa6b64f8a948bf", "name": "spent-output-age-bands"}, {"id": "62186e8a61aa6b64f8a948ce", "name": "spent-output-age-bands-usd"}, {"id": "62186e8e61aa6b64f8a948dd", "name": "spent-output-age-bands-percent"}, {"id": "62186e9f61aa6b64f8a948e8", "name": "utxo-value-bands"}, {"id": "62186ea261aa6b64f8a948f2", "name": "utxo-value-bands-percent"}, {"id": "62186ea561aa6b64f8a948fd", "name": "realized-cap-utxo-value-bands-usd"}, {"id": "62186ea861aa6b64f8a94907", "name": "realized-cap-utxo-value-bands-percent"}, {"id": "62186ebe61aa6b64f8a94912", "name": "utxo-count-value-bands"}, {"id": "62186ec461aa6b64f8a94927", "name": "spent-output-value-bands"}, {"id": "62186ec161aa6b64f8a9491c", "name": "utxo-count-value-bands-percent"}, {"id": "62186ec761aa6b64f8a94931", "name": "spent-output-value-bands-usd"}, {"id": "62186eca61aa6b64f8a9493b", "name": "spent-output-value-bands-percent"}], "miner-flows": [{"id": "617790caf1dd564bd71c69e2", "name": "miner-reserve"}, {"id": "617790dff1dd564bd71c69e3", "name": "miner-reserve-usd"}, {"id": "61779153f1dd564bd71c69e9", "name": "miner-outflow-total"}, {"id": "61779120f1dd564bd71c69e5", "name": "miner-inflow-total"}, {"id": "617790fcf1dd564bd71c69e4", "name": "miner-netflow-total"}, {"id": "61779161f1dd564bd71c69eb", "name": "miner-outflow-mean"}, {"id": "61779134f1dd564bd71c69e7", "name": "miner-inflow-mean"}, {"id": "6177915af1dd564bd71c69ea", "name": "miner-outflow-top10"}, {"id": "6177912cf1dd564bd71c69e6", "name": "miner-inflow-top10"}, {"id": "61779169f1dd564bd71c69ec", "name": "miner-outflow-mean-ma7"}, {"id": "6177913df1dd564bd71c69e8", "name": "miner-inflow-mean-ma7"}, {"id": "61779190f1dd564bd71c69ee", "name": "miner-withdrawing-transactions"}, {"id": "61779187f1dd564bd71c69ed", "name": "miner-depositing-transactions"}, {"id": "617791b2f1dd564bd71c69f0", "name": "miner-withdrawing-addresses"}, {"id": "617791aaf1dd564bd71c69ef", "name": "miner-depositing-addresses"}, {"id": "61add32a6bc0e955292d732c", "name": "miner-in-house-flow-total"}, {"id": "61add3326bc0e955292d732d", "name": "miner-in-house-flow-mean"}, {"id": "61add3396bc0e955292d732e", "name": "miner-in-house-transactions"}], "derivatives": [{"id": "61822e3e636af2229bbd4be0", "name": "open-interest"}, {"id": "61822eeb636af2229bbd4be1", "name": "funding-rates"}, {"id": "61822fc7a0753a1fc06de9a2", "name": "long-liquidations"}, {"id": "61822fcf636af2229bbd4be4", "name": "short-liquidations"}, {"id": "61822fd7636af2229bbd4be5", "name": "long-liquidations-usd"}, {"id": "61822fe3a0753a1fc06de9a3", "name": "short-liquidations-usd"}, {"id": "61822f9c636af2229bbd4be3", "name": "taker-buy-sell-ratio"}, {"id": "61822f88a0753a1fc06de9a0", "name": "taker-buy-ratio"}, {"id": "61822f90a0753a1fc06de9a1", "name": "taker-sell-ratio"}, {"id": "61822f5ea0753a1fc06de99f", "name": "taker-buy-volume"}, {"id": "61822f6d636af2229bbd4be2", "name": "taker-sell-volume"}], "fund-data": [{"id": "618213a8a0753a1fc06de98b", "name": "fund-market-premium"}, {"id": "618213ca636af2229bbd4bd4", "name": "fund-holdings"}, {"id": "61821390636af2229bbd4bd3", "name": "fund-volume"}, {"id": "6182133da0753a1fc06de98a", "name": "fund-price-usd"}], "market-data": [{"id": "61823101636af2229bbd4be9", "name": "coinbase-premium-index"}, {"id": "618230f8636af2229bbd4be8", "name": "coinbase-premium-gap"}, {"id": "61823152a0753a1fc06de9a7", "name": "korea-premium-index"}, {"id": "61823074636af2229bbd4be6", "name": "market-cap"}, {"id": "6182307da0753a1fc06de9a4", "name": "realized-cap"}, {"id": "61823088636af2229bbd4be7", "name": "average-cap"}, {"id": "61823093a0753a1fc06de9a5", "name": "delta-cap"}, {"id": "6182309ba0753a1fc06de9a6", "name": "thermo-cap"}, {"id": "61bc3f1a9b4e7c4acf3c6d86", "name": "price-volume"}, {"id": "628f4cd97873706f2e4c6b79", "name": "price-volume-krw"}], "addresses": [{"id": "618272b7ae105e3e76032c16", "name": "active-addresses"}, {"id": "618272c0335cb6263f55b76c", "name": "active-sending-addresses"}, {"id": "618272c6335cb6263f55b76d", "name": "active-receiving-addresses"}], "fees-and-revenue": [{"id": "6182751b335cb6263f55b774", "name": "fees-per-transaction-mean"}, {"id": "61827523ae105e3e76032c1e", "name": "fees-per-transaction-usd-mean"}, {"id": "6182745fae105e3e76032c1c", "name": "fees-total"}, {"id": "61827523ae105e3e76032c1f", "name": "fees-per-transaction-median"}, {"id": "6182746a335cb6263f55b773", "name": "fees-usd-total"}, {"id": "6182744aae105e3e76032c1b", "name": "fees-per-block-mean"}, {"id": "61827523ae105e3e76032c1g", "name": "fees-per-transaction-usd-median"}, {"id": "61827454335cb6263f55b772", "name": "fees-per-block-usd-mean"}, {"id": "61827474ae105e3e76032c1d", "name": "fees-to-reward-ratio"}, {"id": "6182753d335cb6263f55b775", "name": "block-rewards"}, {"id": "61827545ae105e3e76032c1f", "name": "block-rewards-usd"}], "network-stats": [{"id": "618273eaae105e3e76032c1a", "name": "blocks-mined"}, {"id": "618273b8335cb6263f55b76f", "name": "block-size-mean"}, {"id": "61827411335cb6263f55b770", "name": "block-interval-mean"}, {"id": "61827578335cb6263f55b776", "name": "hashrate"}, {"id": "6182755fae105e3e76032c20", "name": "difficulty"}, {"id": "61827431335cb6263f55b771", "name": "utxo-count"}], "supply": [{"id": "6182724d335cb6263f55b769", "name": "total-supply"}, {"id": "61827257ae105e3e76032c14", "name": "new-supply"}, {"id": "61827277335cb6263f55b76a", "name": "velocity"}], "transactions": [{"id": "61827291335cb6263f55b76b", "name": "transaction-count-total"}, {"id": "61827298ae105e3e76032c15", "name": "transaction-count-mean"}, {"id": "618272e3ae105e3e76032c17", "name": "tokens-transferred-total"}, {"id": "618272f5335cb6263f55b76e", "name": "tokens-transferred-mean"}, {"id": "61827385ae105e3e76032c19", "name": "tokens-transferred-median"}], "inter-entity-flows": [{"id": "6178a6f88654f056e6ea14d4", "name": "exchange-to-exchange-flow-total"}, {"id": "6178a7188654f056e6ea14d6", "name": "exchange-to-exchange-transactions"}, {"id": "6178a7038654f056e6ea14d5", "name": "exchange-to-exchange-flow-mean"}, {"id": "6178a8568654f056e6ea14dd", "name": "miner-to-exchange-flow-total"}, {"id": "6178a8768654f056e6ea14df", "name": "miner-to-exchange-transactions"}, {"id": "6178a8648654f056e6ea14de", "name": "miner-to-exchange-flow-mean"}, {"id": "6178a8d18654f056e6ea14e3", "name": "bank-to-exchange-flow-total"}, {"id": "6178a8e78654f056e6ea14e5", "name": "bank-to-exchange-transactions"}, {"id": "6178a8da8654f056e6ea14e4", "name": "bank-to-exchange-flow-mean"}, {"id": "6178a75c8654f056e6ea14d7", "name": "exchange-to-miner-flow-total"}, {"id": "6178a77f8654f056e6ea14d9", "name": "exchange-to-miner-transactions"}, {"id": "6178a7678654f056e6ea14d8", "name": "exchange-to-miner-flow-mean"}, {"id": "6178a7af8654f056e6ea14da", "name": "exchange-to-bank-flow-total"}, {"id": "6178a7c68654f056e6ea14dc", "name": "exchange-to-bank-transactions"}, {"id": "6178a7b98654f056e6ea14db", "name": "exchange-to-bank-flow-mean"}, {"id": "6178a9078654f056e6ea14e6", "name": "bank-to-miner-flow-total"}, {"id": "6178a91c8654f056e6ea14e8", "name": "bank-to-miner-transactions"}, {"id": "6178a9128654f056e6ea14e7", "name": "bank-to-miner-flow-mean"}, {"id": "6178a8968654f056e6ea14e0", "name": "miner-to-bank-flow-total"}, {"id": "6178a8ab8654f056e6ea14e2", "name": "miner-to-bank-transactions"}, {"id": "6178a8a18654f056e6ea14e1", "name": "miner-to-bank-flow-mean"}], "bank-flows": [{"id": "6178d6a18654f056e6ea2a17", "name": "bank-reserve"}, {"id": "6178d8a28654f056e6ea2a1a", "name": "bank-inflow-total"}, {"id": "6178e0148654f056e6ea2a1e", "name": "bank-outflow-total"}, {"id": "6178dfbc8654f056e6ea2a1c", "name": "bank-inflow-mean"}, {"id": "6178e0278654f056e6ea2a20", "name": "bank-outflow-mean"}, {"id": "6178d8ae8654f056e6ea2a1b", "name": "bank-inflow-top10"}, {"id": "6178e0208654f056e6ea2a1f", "name": "bank-outflow-top10"}, {"id": "6178d6b58654f056e6ea2a18", "name": "bank-reserve-usd"}, {"id": "6178dfc58654f056e6ea2a1d", "name": "bank-inflow-mean-ma7"}, {"id": "6178e0308654f056e6ea2a21", "name": "bank-outflow-mean-ma7"}, {"id": "6178d88b8654f056e6ea2a19", "name": "bank-netflow-total"}, {"id": "6178e0f88654f056e6ea2a22", "name": "bank-depositing-transactions"}, {"id": "6178e1048654f056e6ea2a23", "name": "bank-withdrawing-transactions"}, {"id": "6178e1198654f056e6ea2a24", "name": "bank-depositing-addresses"}, {"id": "6178e1238654f056e6ea2a25", "name": "bank-withdrawing-addresses"}], "research": [{"id": "6357850ec65700523d4aca38", "name": "geographical-supply-distribution-by-entities"}, {"id": "6357850ec65700523d4aca41", "name": "exchange-supply"}, {"id": "6357850ec65700523d4aca45", "name": "us-to-the-rest-reserve-ratio"}, {"id": "6357850ec65700523d4aca49", "name": "exchange-reserve-ratio-kyc-vs-non-kyc"}, {"id": "6357850ec65700523d4aca4c", "name": "exchange-reserve-ratio-us-vs-off-shore"}, {"id": "6357850ec65700523d4aca50", "name": "fund-to-all-exchange-reserve-ratio"}, {"id": "6357850ec65700523d4aca53", "name": "fund-to-kycd-exchange-reserve-ratio"}, {"id": "6357850ec65700523d4aca56", "name": "fund-to-non-kycd-exchange-reserve-ratio"}, {"id": "6357850ec65700523d4aca5c", "name": "plustoken-reserve-analysis"}, {"id": "6357850ec65700523d4aca62", "name": "plustoken-interflow-analysis"}, {"id": "6357850ec65700523d4aca66", "name": "miner-selling-power-log-scaled"}, {"id": "6357850fc65700523d4aca6c", "name": "number-of-entities"}, {"id": "6357850fc65700523d4aca7e", "name": "all-entities-supply"}, {"id": "6357850fc65700523d4aca90", "name": "exchange-miner-supply"}, {"id": "6357850fc65700523d4aca99", "name": "exchange-token-transferred-log-scaled"}, {"id": "6357850fc65700523d4acaa2", "name": "exchange-active-sender-addresses-log-scaled"}, {"id": "6357850fc65700523d4acaab", "name": "exchange-active-receiver-addresses-log-scaled"}, {"id": "6357850fc65700523d4acaaf", "name": "exchange-token-transferred-ratio-kyc-vs-non-kyc"}, {"id": "6357850fc65700523d4acab2", "name": "exchange-token-transferred-ratio-us-vs-off-shore"}, {"id": "6357850fc65700523d4acab7", "name": "trading-volume-spot-vs-derivative"}, {"id": "6357850fc65700523d4acabb", "name": "trading-volume-kyc-vs-non-kyc"}, {"id": "6357850fc65700523d4acabf", "name": "trading-volume-ratio-spot-vs-derivative"}, {"id": "6357850fc65700523d4acac2", "name": "trading-volume-ratio-kyc-vs-non-kyc"}]}