[{"metric_id": "61762641142904287d6a7ecb", "metric_full_name": "BTC_exchange-reserve", "chart_id": "61a5fb0c45de34521f1dcaad", "chart_name": "Bitcoin - Exchange Reserve - All Exchanges"}, {"metric_id": "617627af142904287d6a7efd", "metric_full_name": "BTC_exchange-reserve-usd", "chart_id": "61a5fb8145de34521f1dcab9", "chart_name": "Bitcoin - Exchange Reserve USD - All Exchanges"}, {"metric_id": "61762cae142904287d6a7f39", "metric_full_name": "BTC_exchange-inflow-total", "chart_id": "61a5fbc145de34521f1dcae9", "chart_name": "Bitcoin - Exchange Inflow (Total) - All Exchanges"}, {"metric_id": "61762e8d142904287d6a7fa1", "metric_full_name": "BTC_exchange-outflow-total", "chart_id": "61a5fbf145de34521f1dcb49", "chart_name": "Bitcoin - Exchange Outflow (Total) - All Exchanges"}, {"metric_id": "61762aa9142904287d6a7f18", "metric_full_name": "BTC_exchange-netflow-total", "chart_id": "61a5fbaf45de34521f1dcad1", "chart_name": "Bitcoin - Exchange Netflow (Total) - All Exchanges"}, {"metric_id": "61762d11142904287d6a7f3a", "metric_full_name": "BTC_exchange-inflow-mean", "chart_id": "61a5fbce45de34521f1dcb02", "chart_name": "Bitcoin - Exchange Inflow (Mean) - All Exchanges"}, {"metric_id": "61762e99142904287d6a7fa2", "metric_full_name": "BTC_exchange-outflow-mean", "chart_id": "61a5fbfc45de34521f1dcb63", "chart_name": "Bitcoin - Exchange Outflow (Mean) - All Exchanges"}, {"metric_id": "61762d71142904287d6a7f3b", "metric_full_name": "BTC_exchange-inflow-top10", "chart_id": "61a5fbda45de34521f1dcb1a", "chart_name": "Bitcoin - Exchange Inflow (Top10) - All Exchanges"}, {"metric_id": "61762ea5142904287d6a7fa3", "metric_full_name": "BTC_exchange-outflow-top10", "chart_id": "61a5fc0545de34521f1dcb7a", "chart_name": "Bitcoin - Exchange Outflow (Top10) - All Exchanges"}, {"metric_id": "61762d80142904287d6a7f3c", "metric_full_name": "BTC_exchange-inflow-mean-ma7", "chart_id": "61a5fbe645de34521f1dcb31", "chart_name": "Bitcoin - Exchange Inflow (Mean, MA7) - All Exchanges"}, {"metric_id": "61762eb5142904287d6a7fa4", "metric_full_name": "BTC_exchange-outflow-mean-ma7", "chart_id": "61a5fc0d45de34521f1dcb91", "chart_name": "Bitcoin - Exchange Outflow (Mean, MA7) - All Exchanges"}, {"metric_id": "61763009142904287d6a8009", "metric_full_name": "BTC_exchange-depositing-transactions", "chart_id": "61a5fc1545de34521f1dcba9", "chart_name": "Bitcoin - Exchange Depositing Transactions - All Exchanges"}, {"metric_id": "61763017142904287d6a800a", "metric_full_name": "BTC_exchange-withdrawing-transactions", "chart_id": "61a5fc1f45de34521f1dcbc1", "chart_name": "Bitcoin - Exchange Withdrawing Transactions - All Exchanges"}, {"metric_id": "61763035142904287d6a800b", "metric_full_name": "BTC_exchange-depositing-addresses", "chart_id": "61a5fc2745de34521f1dcbda", "chart_name": "Bitcoin - Exchange Depositing Addresses - All Exchanges"}, {"metric_id": "61763048142904287d6a800c", "metric_full_name": "BTC_exchange-withdrawing-addresses", "chart_id": "61a5fc2f45de34521f1dcbf2", "chart_name": "Bitcoin - Exchange Withdrawing Addresses - All Exchanges"}, {"metric_id": "61a602faa46ca1128e34df63", "metric_full_name": "BTC_exchange-in-house-flow-total", "chart_id": "61a6040ba46ca1128e34df82", "chart_name": "Bitcoin - Exchange In-House Flow (Total) - All Exchanges"}, {"metric_id": "61a603d8a46ca1128e34df68", "metric_full_name": "BTC_exchange-in-house-flow-mean", "chart_id": "61a60428a46ca1128e34df9a", "chart_name": "Bitcoin - Exchange In-House Flow (Mean) - All Exchanges"}, {"metric_id": "61a603eba46ca1128e34df6a", "metric_full_name": "BTC_exchange-in-house-transactions", "chart_id": "61a60431a46ca1128e34dfb2", "chart_name": "Bitcoin - Exchange In-House Transactions - All Exchanges"}, {"metric_id": "6176337d142904287d6a8074", "metric_full_name": "BTC_miners-position-index-mpi", "chart_id": "61a6012745de34521f1dcc0e", "chart_name": "Bitcoin - Miners' Position Index (MPI)"}, {"metric_id": "617635b5142904287d6a8094", "metric_full_name": "BTC_exchange-whale-ratio", "chart_id": "61a6017c45de34521f1dcc28", "chart_name": "Bitcoin - Exchange Whale Ratio - All Exchanges"}, {"metric_id": "617635f3142904287d6a8095", "metric_full_name": "BTC_fund-flow-ratio", "chart_id": "61a6018a45de34521f1dcc3f", "chart_name": "Bitcoin - Fund Flow Ratio - All Exchanges"}, {"metric_id": "61763639142904287d6a8096", "metric_full_name": "BTC_exchange-stablecoins-ratio", "chart_id": "61a6019445de34521f1dcc64", "chart_name": "Bitcoin - Exchange Stablecoins Ratio - All Exchanges"}, {"metric_id": "6176364b142904287d6a8097", "metric_full_name": "BTC_exchange-stablecoins-ratio-usd", "chart_id": "61a601a145de34521f1dcc65", "chart_name": "Bitcoin - Exchange Stablecoins Ratio USD - All Exchanges"}, {"metric_id": "6176346b142904287d6a8077", "metric_full_name": "BTC_exchange-shutdown-index", "chart_id": "61a6016245de34521f1dcc26", "chart_name": "Bitcoin - Exchange Shutdown Index - All Exchanges"}, {"metric_id": "6217368d3bde403580faf25e", "metric_full_name": "BTC_exchange-inflow-cdd", "chart_id": "6217368d3bde403580faf268", "chart_name": "Bitcoin - Exchange Inflow CDD - All Exchanges"}, {"metric_id": "621736973bde403580faf285", "metric_full_name": "BTC_exchange-inflow-spent-output-age-bands", "chart_id": "621736973bde403580faf28f", "chart_name": "Bitcoin - Exchange Inflow - Spent Output Age Bands - All Exchanges"}, {"metric_id": "621736a23bde403580faf2ab", "metric_full_name": "BTC_exchange-inflow-spent-output-age-bands-percent", "chart_id": "621736a23bde403580faf2b5", "chart_name": "Bitcoin - Exchange Inflow - Spent Output Age Bands (%) - All Exchanges"}, {"metric_id": "621736ac3bde403580faf2cd", "metric_full_name": "BTC_exchange-inflow-spent-output-value-bands", "chart_id": "621736ac3bde403580faf2d7", "chart_name": "Bitcoin - Exchange Inflow - Spent Output Value Bands - All Exchanges"}, {"metric_id": "621736b53bde403580faf2ee", "metric_full_name": "BTC_exchange-inflow-spent-output-value-bands-percent", "chart_id": "621736b53bde403580faf2f8", "chart_name": "Bitcoin - Exchange Inflow - Spent Output Value Bands (%) - All Exchanges"}, {"metric_id": "625fb828a09f3d33d55ed2cb", "metric_full_name": "BTC_exchange-supply-ratio", "chart_id": "625fb832a09f3d33d55ed2f2", "chart_name": "Bitcoin - Exchange Supply Ratio - All Exchanges"}, {"metric_id": "625fb834a09f3d33d55ed2f7", "metric_full_name": "BTC_miner-supply-ratio", "chart_id": "625fb834a09f3d33d55ed30f", "chart_name": "Bitcoin - Miner Supply Ratio - All Miners"}, {"metric_id": "625fb834a09f3d33d55ed312", "metric_full_name": "BTC_bank-supply-ratio", "chart_id": "625fb835a09f3d33d55ed314", "chart_name": "Bitcoin - Bank Supply Ratio - BlockFi"}, {"metric_id": "61764161142904287d6a80f8", "metric_full_name": "BTC_estimated-leverage-ratio", "chart_id": "61a601ac45de34521f1dcc78", "chart_name": "Bitcoin - Estimated Leverage Ratio - All Exchanges"}, {"metric_id": "6176430d142904287d6a80fd", "metric_full_name": "BTC_short-term-holder-sopr", "chart_id": "61a601d445de34521f1dcc7d", "chart_name": "Bitcoin - Short Term Holder SOPR"}, {"metric_id": "61764317142904287d6a80fe", "metric_full_name": "BTC_long-term-holder-sopr", "chart_id": "61a601d845de34521f1dcc7e", "chart_name": "Bitcoin - Long Term Holder SOPR"}, {"metric_id": "617642f2142904287d6a80fc", "metric_full_name": "BTC_adjusted-sopr-asopr", "chart_id": "61a601d045de34521f1dcc7c", "chart_name": "Bitcoin - Adjusted SOPR (aSOPR)"}, {"metric_id": "61ade674b535b9646cab7c69", "metric_full_name": "BTC_sopr-ratio-lth-sopr-sth-sopr", "chart_id": "61ade689b535b9646cab7c6a", "chart_name": "Bitcoin - SOPR Ratio (LTH-SOPR/STH-SOPR)"}, {"metric_id": "617642ca142904287d6a80fb", "metric_full_name": "BTC_spent-output-profit-ratio-sopr", "chart_id": "61a601ca45de34521f1dcc7b", "chart_name": "Bitcoin - Spent Output Profit Ratio (SOPR)"}, {"metric_id": "61764227142904287d6a80fa", "metric_full_name": "BTC_mvrv-ratio", "chart_id": "61a601c545de34521f1dcc7a", "chart_name": "Bitcoin - MVRV Ratio"}, {"metric_id": "61764192142904287d6a80f9", "metric_full_name": "BTC_stablecoin-supply-ratio-ssr", "chart_id": "61a601ba45de34521f1dcc79", "chart_name": "Bitcoin - Stablecoin Supply Ratio (SSR)"}, {"metric_id": "625d2e7439ebbe4f21fd9b46", "metric_full_name": "BTC_realized-price", "chart_id": "625d2e7439ebbe4f21fd9b47", "chart_name": "Bitcoin - Realized Price"}, {"metric_id": "625d2e7439ebbe4f21fd9b56", "metric_full_name": "BTC_realized-price-utxo-age-bands", "chart_id": "625d2e7439ebbe4f21fd9b57", "chart_name": "Bitcoin - Realized Price - UTXO Age Bands"}, {"metric_id": "617665e5142904287d6a815d", "metric_full_name": "BTC_net-unrealized-profit-loss-nupl", "chart_id": "61a607dca46ca1128e34dfb7", "chart_name": "Bitcoin - Net Unrealized Profit/Loss (NUPL)"}, {"metric_id": "617667db142904287d6a815e", "metric_full_name": "BTC_net-unrealized-profit-nup", "chart_id": "61a607e2a46ca1128e34dfb8", "chart_name": "Bitcoin - Net Unrealized Profit (NUP)"}, {"metric_id": "617667ee142904287d6a815f", "metric_full_name": "BTC_net-unrealized-loss-nul", "chart_id": "61a607e6a46ca1128e34dfb9", "chart_name": "Bitcoin - Net Unrealized Loss (NUL)"}, {"metric_id": "61765efc142904287d6a8156", "metric_full_name": "BTC_supply-adjusted-cdd", "chart_id": "61a6022945de34521f1dcc86", "chart_name": "Bitcoin - Supply-Adjusted CDD"}, {"metric_id": "61765da7142904287d6a8153", "metric_full_name": "BTC_coin-days-destroyed-cdd", "chart_id": "61a6022245de34521f1dcc85", "chart_name": "Bitcoin - Coin Days Destroyed (CDD)"}, {"metric_id": "61765dff142904287d6a8154", "metric_full_name": "BTC_average-supply-adjusted-cdd", "chart_id": "61a6022d45de34521f1dcc87", "chart_name": "Bitcoin - Average Supply-Adjusted CDD"}, {"metric_id": "61765e0c142904287d6a8155", "metric_full_name": "BTC_binary-cdd", "chart_id": "61a6023445de34521f1dcc88", "chart_name": "Bitcoin - Binary CDD"}, {"metric_id": "61766982142904287d6a8169", "metric_full_name": "BTC_supply-adjusted-dormancy", "chart_id": "61a60813a46ca1128e34dfc3", "chart_name": "Bitcoin - Supply Adjusted Dormancy"}, {"metric_id": "6176696b142904287d6a8168", "metric_full_name": "BTC_average-dormancy", "chart_id": "61a6080fa46ca1128e34dfc2", "chart_name": "Bitcoin - Average Dormancy"}, {"metric_id": "61765d41142904287d6a8150", "metric_full_name": "BTC_nvt-golden-cross", "chart_id": "61a6020d45de34521f1dcc82", "chart_name": "Bitcoin - NVT Golden Cross"}, {"metric_id": "61765d7c142904287d6a8152", "metric_full_name": "BTC_puell-multiple", "chart_id": "61a6021745de34521f1dcc84", "chart_name": "Bitcoin - Puell Multiple"}, {"metric_id": "61765d2b142904287d6a814f", "metric_full_name": "BTC_nvt-ratio", "chart_id": "61a6020845de34521f1dcc81", "chart_name": "Bitcoin - NVT Ratio"}, {"metric_id": "61765d60142904287d6a8151", "metric_full_name": "BTC_nvm-ratio", "chart_id": "61a6021245de34521f1dcc83", "chart_name": "Bitcoin - NVM Ratio"}, {"metric_id": "61765cf0142904287d6a814d", "metric_full_name": "BTC_stock-to-flow-ratio", "chart_id": "61a601f945de34521f1dcc7f", "chart_name": "Bitcoin - Stock-to-Flow Ratio"}, {"metric_id": "61765d07142904287d6a814e", "metric_full_name": "BTC_stock-to-flow-reversion", "chart_id": "61a6020245de34521f1dcc80", "chart_name": "Bitcoin - Stock-to-Flow Reversion"}, {"metric_id": "61765f3c142904287d6a8157", "metric_full_name": "BTC_mean-coin-age", "chart_id": "61a6023a45de34521f1dcc89", "chart_name": "Bitcoin - Mean Coin Age"}, {"metric_id": "61765f48142904287d6a8158", "metric_full_name": "BTC_mean-coin-dollar-age", "chart_id": "61a6023f45de34521f1dcc8a", "chart_name": "Bitcoin - Mean Coin Dollar Age"}, {"metric_id": "61765f6a142904287d6a8159", "metric_full_name": "BTC_sum-coin-age", "chart_id": "61a6024545de34521f1dcc8b", "chart_name": "Bitcoin - Sum Coin Age"}, {"metric_id": "61765f76142904287d6a815a", "metric_full_name": "BTC_sum-coin-dollar-age", "chart_id": "61a6024945de34521f1dcc8c", "chart_name": "Bitcoin - Sum Coin Dollar Age"}, {"metric_id": "6176620f142904287d6a815b", "metric_full_name": "BTC_sum-coin-age-distribution", "chart_id": "61adccdd6bc0e955292d7321", "chart_name": "Bitcoin - Sum Coin Age Distribution"}, {"metric_id": "6176658e142904287d6a815c", "metric_full_name": "BTC_sum-coin-age-distribution-percent", "chart_id": "61adcce16bc0e955292d7322", "chart_name": "Bitcoin - Sum Coin Age Distribution (%)"}, {"metric_id": "61766828142904287d6a8160", "metric_full_name": "BTC_utxos-in-profit-percent", "chart_id": "61a607eaa46ca1128e34dfba", "chart_name": "Bitcoin - UTXOs in Profit (%)"}, {"metric_id": "61766841142904287d6a8161", "metric_full_name": "BTC_utxos-in-loss-percent", "chart_id": "61a607efa46ca1128e34dfbb", "chart_name": "Bitcoin - UTXOs in Loss (%)"}, {"metric_id": "61766852142904287d6a8162", "metric_full_name": "BTC_utxos-in-profit", "chart_id": "61a607f3a46ca1128e34dfbc", "chart_name": "Bitcoin - UTXOs in Profit"}, {"metric_id": "6176685e142904287d6a8163", "metric_full_name": "BTC_utxos-in-loss", "chart_id": "61a607f9a46ca1128e34dfbd", "chart_name": "Bitcoin - UTXOs in Loss"}, {"metric_id": "6176692b142904287d6a8164", "metric_full_name": "BTC_supply-in-profit-percent", "chart_id": "61a607fda46ca1128e34dfbe", "chart_name": "Bitcoin - Supply in Profit (%)"}, {"metric_id": "61766936142904287d6a8165", "metric_full_name": "BTC_supply-in-loss-percent", "chart_id": "61a60802a46ca1128e34dfbf", "chart_name": "Bitcoin - Supply in Loss (%)"}, {"metric_id": "61766946142904287d6a8166", "metric_full_name": "BTC_supply-in-profit", "chart_id": "61a60806a46ca1128e34dfc0", "chart_name": "Bitcoin - Supply in Profit"}, {"metric_id": "6176694f142904287d6a8167", "metric_full_name": "BTC_supply-in-loss", "chart_id": "61a6080ba46ca1128e34dfc1", "chart_name": "Bitcoin - Supply in Loss"}, {"metric_id": "62186e5761aa6b64f8a94853", "metric_full_name": "BTC_utxo-age-bands", "chart_id": "62186e5861aa6b64f8a94854", "chart_name": "Bitcoin - UTXO Age Bands"}, {"metric_id": "62186e5b61aa6b64f8a94862", "metric_full_name": "BTC_utxo-age-bands-usd", "chart_id": "62186e5b61aa6b64f8a94863", "chart_name": "Bitcoin - UTXO Age Bands USD"}, {"metric_id": "62186e6061aa6b64f8a94871", "metric_full_name": "BTC_utxo-age-bands-percent", "chart_id": "62186e6061aa6b64f8a94872", "chart_name": "Bitcoin - UTXO Age Bands (%)"}, {"metric_id": "62186e6461aa6b64f8a94881", "metric_full_name": "BTC_realized-cap-utxo-age-bands-usd", "chart_id": "62186e6561aa6b64f8a94882", "chart_name": "Bitcoin - Realized Cap - UTXO Age Bands USD"}, {"metric_id": "62186e6861aa6b64f8a94890", "metric_full_name": "BTC_realized-cap-utxo-age-bands-percent", "chart_id": "62186e6961aa6b64f8a94891", "chart_name": "Bitcoin - Realized Cap - UTXO Age Bands (%)"}, {"metric_id": "62186e7d61aa6b64f8a948a0", "metric_full_name": "BTC_utxo-count-age-bands", "chart_id": "62186e7d61aa6b64f8a948a1", "chart_name": "Bitcoin - UTXO Count - Age Bands"}, {"metric_id": "62186e8161aa6b64f8a948af", "metric_full_name": "BTC_utxo-count-age-bands-percent", "chart_id": "62186e8161aa6b64f8a948b0", "chart_name": "Bitcoin - UTXO Count - Age Bands (%)"}, {"metric_id": "62186e8561aa6b64f8a948bf", "metric_full_name": "BTC_spent-output-age-bands", "chart_id": "62186e8661aa6b64f8a948c0", "chart_name": "Bitcoin - Spent Output Age Bands"}, {"metric_id": "62186e8a61aa6b64f8a948ce", "metric_full_name": "BTC_spent-output-age-bands-usd", "chart_id": "62186e8a61aa6b64f8a948cf", "chart_name": "Bitcoin - Spent Output Age Bands USD"}, {"metric_id": "62186e8e61aa6b64f8a948dd", "metric_full_name": "BTC_spent-output-age-bands-percent", "chart_id": "62186e8e61aa6b64f8a948de", "chart_name": "Bitcoin - Spent Output Age Bands (%)"}, {"metric_id": "62186e9f61aa6b64f8a948e8", "metric_full_name": "BTC_utxo-value-bands", "chart_id": "62186e9f61aa6b64f8a948e9", "chart_name": "Bitcoin - UTXO Value Bands"}, {"metric_id": "62186ea261aa6b64f8a948f2", "metric_full_name": "BTC_utxo-value-bands-percent", "chart_id": "62186ea261aa6b64f8a948f3", "chart_name": "Bitcoin - UTXO Value Bands (%)"}, {"metric_id": "62186ea561aa6b64f8a948fd", "metric_full_name": "BTC_realized-cap-utxo-value-bands-usd", "chart_id": "62186ea561aa6b64f8a948fe", "chart_name": "Bitcoin - Realized Cap - UTXO Value Bands USD"}, {"metric_id": "62186ea861aa6b64f8a94907", "metric_full_name": "BTC_realized-cap-utxo-value-bands-percent", "chart_id": "62186ea861aa6b64f8a94908", "chart_name": "Bitcoin - Realized Cap - UTXO Value Bands (%)"}, {"metric_id": "62186ebe61aa6b64f8a94912", "metric_full_name": "BTC_utxo-count-value-bands", "chart_id": "62186ebe61aa6b64f8a94913", "chart_name": "Bitcoin - UTXO Count - Value Bands"}, {"metric_id": "62186ec461aa6b64f8a94927", "metric_full_name": "BTC_spent-output-value-bands", "chart_id": "62186ec461aa6b64f8a94928", "chart_name": "Bitcoin - Spent Output Value Bands"}, {"metric_id": "62186ec161aa6b64f8a9491c", "metric_full_name": "BTC_utxo-count-value-bands-percent", "chart_id": "62186ec161aa6b64f8a9491d", "chart_name": "Bitcoin - UTXO Count - Value Bands (%)"}, {"metric_id": "62186ec761aa6b64f8a94931", "metric_full_name": "BTC_spent-output-value-bands-usd", "chart_id": "62186ec761aa6b64f8a94932", "chart_name": "Bitcoin - Spent Output Value Bands USD"}, {"metric_id": "62186eca61aa6b64f8a9493b", "metric_full_name": "BTC_spent-output-value-bands-percent", "chart_id": "62186eca61aa6b64f8a9493c", "chart_name": "Bitcoin - Spent Output Value Bands (%)"}, {"metric_id": "617790caf1dd564bd71c69e2", "metric_full_name": "BTC_miner-reserve", "chart_id": "61adbeb7f25fa84ece615127", "chart_name": "Bitcoin - Miner Reserve - All Miners"}, {"metric_id": "617790dff1dd564bd71c69e3", "metric_full_name": "BTC_miner-reserve-usd", "chart_id": "61adbebdf25fa84ece61513f", "chart_name": "Bitcoin - Miner Reserve USD - All Miners"}, {"metric_id": "61779153f1dd564bd71c69e9", "metric_full_name": "BTC_miner-outflow-total", "chart_id": "61adbedcf25fa84ece6151ff", "chart_name": "Bitcoin - Miner Outflow (Total) - All Miners"}, {"metric_id": "61779120f1dd564bd71c69e5", "metric_full_name": "BTC_miner-inflow-total", "chart_id": "61adbec6f25fa84ece61516f", "chart_name": "Bitcoin - Miner Inflow (Total) - All Miners"}, {"metric_id": "617790fcf1dd564bd71c69e4", "metric_full_name": "BTC_miner-netflow-total", "chart_id": "61adbec1f25fa84ece615157", "chart_name": "Bitcoin - Miner Netflow Total - All Miners"}, {"metric_id": "61779161f1dd564bd71c69eb", "metric_full_name": "BTC_miner-outflow-mean", "chart_id": "61adbedff25fa84ece615217", "chart_name": "Bitcoin - Miner Outflow (Mean) - All Miners"}, {"metric_id": "61779134f1dd564bd71c69e7", "metric_full_name": "BTC_miner-inflow-mean", "chart_id": "61adbecdf25fa84ece61519f", "chart_name": "Bitcoin - Miner Inflow (Mean) - All Miners"}, {"metric_id": "6177915af1dd564bd71c69ea", "metric_full_name": "BTC_miner-outflow-top10", "chart_id": "61adbed5f25fa84ece6151cf", "chart_name": "Bitcoin - Miner Outflow (Top10) - All Miners"}, {"metric_id": "6177912cf1dd564bd71c69e6", "metric_full_name": "BTC_miner-inflow-top10", "chart_id": "61adbecaf25fa84ece615187", "chart_name": "Bitcoin - Miner Inflow (Top10) - All Miners"}, {"metric_id": "61779169f1dd564bd71c69ec", "metric_full_name": "BTC_miner-outflow-mean-ma7", "chart_id": "61adbed8f25fa84ece6151e7", "chart_name": "Bitcoin - Miner Outflow (Mean, MA7) - All Miners"}, {"metric_id": "6177913df1dd564bd71c69e8", "metric_full_name": "BTC_miner-inflow-mean-ma7", "chart_id": "61adbed1f25fa84ece6151b7", "chart_name": "Bitcoin - Miner Inflow (Mean, MA7) - All Miners"}, {"metric_id": "61779190f1dd564bd71c69ee", "metric_full_name": "BTC_miner-withdrawing-transactions", "chart_id": "61adbee7f25fa84ece615247", "chart_name": "Bitcoin - Miner Withdrawing Transactions - All Miners"}, {"metric_id": "61779187f1dd564bd71c69ed", "metric_full_name": "BTC_miner-depositing-transactions", "chart_id": "61adbee4f25fa84ece61522f", "chart_name": "Bitcoin - Miner Depositing Transactions - All Miners"}, {"metric_id": "617791b2f1dd564bd71c69f0", "metric_full_name": "BTC_miner-withdrawing-addresses", "chart_id": "61adbeeef25fa84ece615277", "chart_name": "Bitcoin - Miner Withdrawing Addresses - All Miners"}, {"metric_id": "617791aaf1dd564bd71c69ef", "metric_full_name": "BTC_miner-depositing-addresses", "chart_id": "61adbeebf25fa84ece61525f", "chart_name": "Bitcoin - Miner Depositing Addresses - All Miners"}, {"metric_id": "61add32a6bc0e955292d732c", "metric_full_name": "BTC_miner-in-house-flow-total", "chart_id": "61add34d6bc0e955292d7330", "chart_name": "Bitcoin - Miner In-House Flow (Total) - All Miners"}, {"metric_id": "61add3326bc0e955292d732d", "metric_full_name": "BTC_miner-in-house-flow-mean", "chart_id": "61add3506bc0e955292d7346", "chart_name": "Bitcoin - Miner In-House Flow (Mean) - All Miners"}, {"metric_id": "61add3396bc0e955292d732e", "metric_full_name": "BTC_miner-in-house-transactions", "chart_id": "61add3536bc0e955292d735d", "chart_name": "Bitcoin - Miner In-House Transactions - All Miners"}, {"metric_id": "61822e3e636af2229bbd4be0", "metric_full_name": "BTC_open-interest", "chart_id": "61adc2916bc0e955292d727b", "chart_name": "Bitcoin - Open Interest - All Exchanges, All Symbol"}, {"metric_id": "61822eeb636af2229bbd4be1", "metric_full_name": "BTC_funding-rates", "chart_id": "61adc2ab6bc0e955292d7291", "chart_name": "Bitcoin - Funding Rates - All Exchanges"}, {"metric_id": "61822fc7a0753a1fc06de9a2", "metric_full_name": "BTC_long-liquidations", "chart_id": "61adc2c66bc0e955292d72b5", "chart_name": "Bitcoin - Long Liquidations - All Exchanges, All Symbol"}, {"metric_id": "61822fcf636af2229bbd4be4", "metric_full_name": "BTC_short-liquidations", "chart_id": "61adc2cb6bc0e955292d72c6", "chart_name": "Bitcoin - Short Liquidations - All Exchanges, All Symbol"}, {"metric_id": "61822fd7636af2229bbd4be5", "metric_full_name": "BTC_long-liquidations-usd", "chart_id": "61adc2cf6bc0e955292d72d7", "chart_name": "Bitcoin - Long Liquidations USD - All Exchanges, All Symbol"}, {"metric_id": "61822fe3a0753a1fc06de9a3", "metric_full_name": "BTC_short-liquidations-usd", "chart_id": "61adc2d36bc0e955292d72e8", "chart_name": "Bitcoin - Short Liquidations USD - All Exchanges, All Symbol"}, {"metric_id": "61822f9c636af2229bbd4be3", "metric_full_name": "BTC_taker-buy-sell-ratio", "chart_id": "61adc2c26bc0e955292d72b4", "chart_name": "Bitcoin - Taker Buy Sell Ratio - All Exchanges"}, {"metric_id": "61822f88a0753a1fc06de9a0", "metric_full_name": "BTC_taker-buy-ratio", "chart_id": "61adc2b86bc0e955292d72a6", "chart_name": "Bitcoin - Taker Buy Ratio - All Exchanges"}, {"metric_id": "61822f90a0753a1fc06de9a1", "metric_full_name": "BTC_taker-sell-ratio", "chart_id": "61adc2bc6bc0e955292d72ad", "chart_name": "Bitcoin - Taker Sell Ratio - All Exchanges"}, {"metric_id": "61822f5ea0753a1fc06de99f", "metric_full_name": "BTC_taker-buy-volume", "chart_id": "61adc2b06bc0e955292d7298", "chart_name": "Bitcoin - Taker Buy Volume - All Exchanges"}, {"metric_id": "61822f6d636af2229bbd4be2", "metric_full_name": "BTC_taker-sell-volume", "chart_id": "61adc2b56bc0e955292d729f", "chart_name": "Bitcoin - Taker Sell Volume - All Exchanges"}, {"metric_id": "618213a8a0753a1fc06de98b", "metric_full_name": "BTC_fund-market-premium", "chart_id": "61adc1e66bc0e955292d726e", "chart_name": "Bitcoin - Fund Market Premium - All Symbol"}, {"metric_id": "618213ca636af2229bbd4bd4", "metric_full_name": "BTC_fund-holdings", "chart_id": "61adc1ea6bc0e955292d7274", "chart_name": "Bitcoin - Fund Holdings - All Symbol"}, {"metric_id": "61821390636af2229bbd4bd3", "metric_full_name": "BTC_fund-volume", "chart_id": "61adc1e26bc0e955292d7268", "chart_name": "Bitcoin - Fund Volume - All Symbol"}, {"metric_id": "6182133da0753a1fc06de98a", "metric_full_name": "BTC_fund-price-usd", "chart_id": "61adc1a3f25fa84ece6167c5", "chart_name": "Bitcoin - Fund Price (USD) - GBTC"}, {"metric_id": "61823101636af2229bbd4be9", "metric_full_name": "BTC_coinbase-premium-index", "chart_id": "61adc2ed6bc0e955292d72ff", "chart_name": "Bitcoin - Coinbase Premium Index"}, {"metric_id": "618230f8636af2229bbd4be8", "metric_full_name": "BTC_coinbase-premium-gap", "chart_id": "61adc2e96bc0e955292d72fe", "chart_name": "Bitcoin - Coinbase Premium Gap"}, {"metric_id": "61823152a0753a1fc06de9a7", "metric_full_name": "BTC_korea-premium-index", "chart_id": "61adc2f26bc0e955292d7300", "chart_name": "Bitcoin - Korea Premium Index"}, {"metric_id": "61823074636af2229bbd4be6", "metric_full_name": "BTC_market-cap", "chart_id": "61adc2d56bc0e955292d72f9", "chart_name": "Bitcoin - Market Cap"}, {"metric_id": "6182307da0753a1fc06de9a4", "metric_full_name": "BTC_realized-cap", "chart_id": "61adc2d96bc0e955292d72fa", "chart_name": "Bitcoin - Realized Cap"}, {"metric_id": "61823088636af2229bbd4be7", "metric_full_name": "BTC_average-cap", "chart_id": "61adc2de6bc0e955292d72fb", "chart_name": "Bitcoin - Average Cap"}, {"metric_id": "61823093a0753a1fc06de9a5", "metric_full_name": "BTC_delta-cap", "chart_id": "61adc2e16bc0e955292d72fc", "chart_name": "Bitcoin - Delta Cap"}, {"metric_id": "6182309ba0753a1fc06de9a6", "metric_full_name": "BTC_thermo-cap", "chart_id": "61adc2e56bc0e955292d72fd", "chart_name": "Bitcoin - Thermo Cap"}, {"metric_id": "61bc3f1a9b4e7c4acf3c6d86", "metric_full_name": "BTC_price-volume", "chart_id": "61bc43e19b4e7c4acf3c6d87", "chart_name": "Bitcoin - Price & Volume - Spot, All Exchanges, BTC-USD"}, {"metric_id": "628f4cd97873706f2e4c6b79", "metric_full_name": "BTC_price-volume-krw", "chart_id": "628f4dc17873706f2e4c6b7a", "chart_name": "Bitcoin - Price & Volume KRW - Spot"}, {"metric_id": "618272b7ae105e3e76032c16", "metric_full_name": "BTC_active-addresses", "chart_id": "61adc75d6bc0e955292d7307", "chart_name": "Bitcoin - Active Addresses"}, {"metric_id": "618272c0335cb6263f55b76c", "metric_full_name": "BTC_active-sending-addresses", "chart_id": "61adc7616bc0e955292d7308", "chart_name": "Bitcoin - Active Sending Addresses"}, {"metric_id": "618272c6335cb6263f55b76d", "metric_full_name": "BTC_active-receiving-addresses", "chart_id": "61adc7646bc0e955292d7309", "chart_name": "Bitcoin - Active Receiving Addresses"}, {"metric_id": "6182751b335cb6263f55b774", "metric_full_name": "BTC_fees-per-transaction-mean", "chart_id": "61adc7936bc0e955292d7315", "chart_name": "Bitcoin - Fees per Transaction (Mean)"}, {"metric_id": "61827523ae105e3e76032c1e", "metric_full_name": "BTC_fees-per-transaction-usd-mean", "chart_id": "61adc7976bc0e955292d7316", "chart_name": "Bitcoin - Fees per Transaction USD (Mean)"}, {"metric_id": "6182745fae105e3e76032c1c", "metric_full_name": "BTC_fees-total", "chart_id": "61adc7896bc0e955292d7312", "chart_name": "Bitcoin - Fees (Total)"}, {"metric_id": "61827523ae105e3e76032c1f", "metric_full_name": "BTC_fees-per-transaction-median", "chart_id": "61adc7e36bc0e955292d7317", "chart_name": "Bitcoin - Fees per Transaction (Median)"}, {"metric_id": "6182746a335cb6263f55b773", "metric_full_name": "BTC_fees-usd-total", "chart_id": "61adc78c6bc0e955292d7313", "chart_name": "Bitcoin - Fees USD (Total)"}, {"metric_id": "6182744aae105e3e76032c1b", "metric_full_name": "BTC_fees-per-block-mean", "chart_id": "61adc7806bc0e955292d7310", "chart_name": "Bitcoin - Fees per Block (Mean)"}, {"metric_id": "61827523ae105e3e76032c1g", "metric_full_name": "BTC_fees-per-transaction-usd-median", "chart_id": "61adc7ef6bc0e955292d7318", "chart_name": "Bitcoin - Fees per Transaction USD (Median)"}, {"metric_id": "61827454335cb6263f55b772", "metric_full_name": "BTC_fees-per-block-usd-mean", "chart_id": "61adc7856bc0e955292d7311", "chart_name": "Bitcoin - Fees per Block USD (Mean)"}, {"metric_id": "61827474ae105e3e76032c1d", "metric_full_name": "BTC_fees-to-reward-ratio", "chart_id": "61adc7906bc0e955292d7314", "chart_name": "Bitcoin - Fees to Reward Ratio"}, {"metric_id": "6182753d335cb6263f55b775", "metric_full_name": "BTC_block-rewards", "chart_id": "61adc7f66bc0e955292d7319", "chart_name": "Bitcoin - Block Rewards"}, {"metric_id": "61827545ae105e3e76032c1f", "metric_full_name": "BTC_block-rewards-usd", "chart_id": "61adc7fa6bc0e955292d731a", "chart_name": "Bitcoin - Block Rewards USD"}, {"metric_id": "618273eaae105e3e76032c1a", "metric_full_name": "BTC_blocks-mined", "chart_id": "61adc7766bc0e955292d730d", "chart_name": "Bitcoin - Blocks Mined"}, {"metric_id": "618273b8335cb6263f55b76f", "metric_full_name": "BTC_block-size-mean", "chart_id": "61adc7726bc0e955292d730c", "chart_name": "Bitcoin - Block Size (Mean)"}, {"metric_id": "61827411335cb6263f55b770", "metric_full_name": "BTC_block-interval-mean", "chart_id": "61adc7796bc0e955292d730e", "chart_name": "Bitcoin - Block Interval (Mean)"}, {"metric_id": "61827578335cb6263f55b776", "metric_full_name": "BTC_hashrate", "chart_id": "61adc8016bc0e955292d731c", "chart_name": "Bitcoin - Hashrate"}, {"metric_id": "6182755fae105e3e76032c20", "metric_full_name": "BTC_difficulty", "chart_id": "61adc7fe6bc0e955292d731b", "chart_name": "Bitcoin - Difficulty"}, {"metric_id": "61827431335cb6263f55b771", "metric_full_name": "BTC_utxo-count", "chart_id": "61adc77d6bc0e955292d730f", "chart_name": "Bitcoin - UTXO Count"}, {"metric_id": "6182724d335cb6263f55b769", "metric_full_name": "BTC_total-supply", "chart_id": "61adc71a6bc0e955292d7302", "chart_name": "Bitcoin - Total Supply"}, {"metric_id": "61827257ae105e3e76032c14", "metric_full_name": "BTC_new-supply", "chart_id": "61adc7206bc0e955292d7303", "chart_name": "Bitcoin - New Supply"}, {"metric_id": "61827277335cb6263f55b76a", "metric_full_name": "BTC_velocity", "chart_id": "61adc7256bc0e955292d7304", "chart_name": "Bitcoin - Velocity"}, {"metric_id": "61827291335cb6263f55b76b", "metric_full_name": "BTC_transaction-count-total", "chart_id": "61adc7556bc0e955292d7305", "chart_name": "Bitcoin - Transaction Count (Total)"}, {"metric_id": "61827298ae105e3e76032c15", "metric_full_name": "BTC_transaction-count-mean", "chart_id": "61adc7596bc0e955292d7306", "chart_name": "Bitcoin - Transaction Count (Mean)"}, {"metric_id": "618272e3ae105e3e76032c17", "metric_full_name": "BTC_tokens-transferred-total", "chart_id": "61adc7676bc0e955292d730a", "chart_name": "Bitcoin - Tokens Transferred (Total)"}, {"metric_id": "618272f5335cb6263f55b76e", "metric_full_name": "BTC_tokens-transferred-mean", "chart_id": "61adc76a6bc0e955292d730b", "chart_name": "Bitcoin - Tokens Transferred (Mean)"}, {"metric_id": "61827385ae105e3e76032c19", "metric_full_name": "BTC_tokens-transferred-median", "chart_id": "61adc8326bc0e955292d731e", "chart_name": "Bitcoin - Tokens Transferred (Median)"}, {"metric_id": "6178a6f88654f056e6ea14d4", "metric_full_name": "BTC_exchange-to-exchange-flow-total", "chart_id": "61adbf69f25fa84ece6152a1", "chart_name": "Bitcoin - Exchange to Exchange Flow (Total) - All Exchanges, Spot Exchanges"}, {"metric_id": "6178a7188654f056e6ea14d6", "metric_full_name": "BTC_exchange-to-exchange-transactions", "chart_id": "61adbf87f25fa84ece6156df", "chart_name": "Bitcoin - Exchange to Exchange Transactions - All Exchanges, Spot Exchanges"}, {"metric_id": "6178a7038654f056e6ea14d5", "metric_full_name": "BTC_exchange-to-exchange-flow-mean", "chart_id": "61adbf78f25fa84ece6154b7", "chart_name": "Bitcoin - Exchange to Exchange Flow (Mean) - All Exchanges, Spot Exchanges"}, {"metric_id": "6178a8568654f056e6ea14dd", "metric_full_name": "BTC_miner-to-exchange-flow-total", "chart_id": "61adc02ff25fa84ece61600f", "chart_name": "Bitcoin - Miner to Exchange Flow (Total) - All Miners, All Exchanges"}, {"metric_id": "6178a8768654f056e6ea14df", "metric_full_name": "BTC_miner-to-exchange-transactions", "chart_id": "61adc06ef25fa84ece61648f", "chart_name": "Bitcoin - Miner to Exchange Transactions - All Miners, All Exchanges"}, {"metric_id": "6178a8648654f056e6ea14de", "metric_full_name": "BTC_miner-to-exchange-flow-mean", "chart_id": "61adc066f25fa84ece61624f", "chart_name": "Bitcoin - Miner to Exchange Flow (Mean) - All Miners, All Exchanges"}, {"metric_id": "6178a8d18654f056e6ea14e3", "metric_full_name": "BTC_bank-to-exchange-flow-total", "chart_id": "61adc0a9f25fa84ece61672e", "chart_name": "Bitcoin - Bank to Exchange Flow (Total) - BlockFi, All Exchanges"}, {"metric_id": "6178a8e78654f056e6ea14e5", "metric_full_name": "BTC_bank-to-exchange-transactions", "chart_id": "61adc0b0f25fa84ece61675e", "chart_name": "Bitcoin - Bank to Exchange Transactions - BlockFi, All Exchanges"}, {"metric_id": "6178a8da8654f056e6ea14e4", "metric_full_name": "BTC_bank-to-exchange-flow-mean", "chart_id": "61adc0adf25fa84ece616746", "chart_name": "Bitcoin - Bank to Exchange Flow (Mean) - BlockFi, All Exchanges"}, {"metric_id": "6178a75c8654f056e6ea14d7", "metric_full_name": "BTC_exchange-to-miner-flow-total", "chart_id": "61adbfeaf25fa84ece615907", "chart_name": "Bitcoin - Exchange to Miner Flow (Total) - All Exchanges, All Miners"}, {"metric_id": "6178a77f8654f056e6ea14d9", "metric_full_name": "BTC_exchange-to-miner-transactions", "chart_id": "61adbffef25fa84ece615d87", "chart_name": "Bitcoin - Exchange to Miner Transactions - All Exchanges, All Miners"}, {"metric_id": "6178a7678654f056e6ea14d8", "metric_full_name": "BTC_exchange-to-miner-flow-mean", "chart_id": "61adbff5f25fa84ece615b47", "chart_name": "Bitcoin - Exchange to Miner Flow (Mean) - All Exchanges, All Miners"}, {"metric_id": "6178a7af8654f056e6ea14da", "metric_full_name": "BTC_exchange-to-bank-flow-total", "chart_id": "61adc00af25fa84ece615fde", "chart_name": "Bitcoin - Exchange to Bank Flow (Total) - All Exchanges, BlockFi"}, {"metric_id": "6178a7c68654f056e6ea14dc", "metric_full_name": "BTC_exchange-to-bank-transactions", "chart_id": "61adc011f25fa84ece61600e", "chart_name": "Bitcoin - Exchange to Bank Transactions - All Exchanges, BlockFi"}, {"metric_id": "6178a7b98654f056e6ea14db", "metric_full_name": "BTC_exchange-to-bank-flow-mean", "chart_id": "61adc00ef25fa84ece615ff6", "chart_name": "Bitcoin - Exchange to Bank Flow (Mean) - All Exchanges, BlockFi"}, {"metric_id": "6178a9078654f056e6ea14e6", "metric_full_name": "BTC_bank-to-miner-flow-total", "chart_id": "61adc0b3f25fa84ece616770", "chart_name": "Bitcoin - Bank to Miner Flow (Total) - BlockFi, All Miners"}, {"metric_id": "6178a91c8654f056e6ea14e8", "metric_full_name": "BTC_bank-to-miner-transactions", "chart_id": "61adc0b7f25fa84ece616788", "chart_name": "Bitcoin - Bank to Miner Transactions - BlockFi, All Miners"}, {"metric_id": "6178a9128654f056e6ea14e7", "metric_full_name": "BTC_bank-to-miner-flow-mean", "chart_id": "61adc0baf25fa84ece6167a0", "chart_name": "Bitcoin - Bank to Miner Flow (Mean) - BlockFi, All Miners"}, {"metric_id": "6178a8968654f056e6ea14e0", "metric_full_name": "BTC_miner-to-bank-flow-total", "chart_id": "61adc08df25fa84ece6166e0", "chart_name": "Bitcoin - Miner to Bank Flow (Total) - All Miners, BlockFi"}, {"metric_id": "6178a8ab8654f056e6ea14e2", "metric_full_name": "BTC_miner-to-bank-transactions", "chart_id": "61adc093f25fa84ece616710", "chart_name": "Bitcoin - Miner to Bank Transactions - All Miners, BlockFi"}, {"metric_id": "6178a8a18654f056e6ea14e1", "metric_full_name": "BTC_miner-to-bank-flow-mean", "chart_id": "61adc090f25fa84ece6166f8", "chart_name": "Bitcoin - Miner to Bank Flow (Mean) - All Miners, BlockFi"}, {"metric_id": "6178d6a18654f056e6ea2a17", "metric_full_name": "BTC_bank-reserve", "chart_id": "61adc133f25fa84ece6167a7", "chart_name": "Bitcoin - Bank Reserve - BlockFi"}, {"metric_id": "6178d8a28654f056e6ea2a1a", "metric_full_name": "BTC_bank-inflow-total", "chart_id": "61adc13ef25fa84ece6167ad", "chart_name": "Bitcoin - Bank Inflow (Total) - BlockFi"}, {"metric_id": "6178e0148654f056e6ea2a1e", "metric_full_name": "BTC_bank-outflow-total", "chart_id": "61adc14df25fa84ece6167b5", "chart_name": "Bitcoin - Bank Outflow (Total) - BlockFi"}, {"metric_id": "6178dfbc8654f056e6ea2a1c", "metric_full_name": "BTC_bank-inflow-mean", "chart_id": "61adc147f25fa84ece6167b1", "chart_name": "Bitcoin - Bank Inflow (Mean) - BlockFi"}, {"metric_id": "6178e0278654f056e6ea2a20", "metric_full_name": "BTC_bank-outflow-mean", "chart_id": "61adc154f25fa84ece6167b9", "chart_name": "Bitcoin - Bank Outflow (Mean) - BlockFi"}, {"metric_id": "6178d8ae8654f056e6ea2a1b", "metric_full_name": "BTC_bank-inflow-top10", "chart_id": "61adc143f25fa84ece6167af", "chart_name": "Bitcoin - Bank Inflow (Top10) - BlockFi"}, {"metric_id": "6178e0208654f056e6ea2a1f", "metric_full_name": "BTC_bank-outflow-top10", "chart_id": "61adc151f25fa84ece6167b7", "chart_name": "Bitcoin - Bank Outflow (Top10) - BlockFi"}, {"metric_id": "6178d6b58654f056e6ea2a18", "metric_full_name": "BTC_bank-reserve-usd", "chart_id": "61adc137f25fa84ece6167a9", "chart_name": "Bitcoin - Bank Reserve USD - BlockFi"}, {"metric_id": "6178dfc58654f056e6ea2a1d", "metric_full_name": "BTC_bank-inflow-mean-ma7", "chart_id": "61adc14af25fa84ece6167b3", "chart_name": "Bitcoin - Bank Inflow (Mean, MA7) - BlockFi"}, {"metric_id": "6178e0308654f056e6ea2a21", "metric_full_name": "BTC_bank-outflow-mean-ma7", "chart_id": "61adc157f25fa84ece6167bb", "chart_name": "Bitcoin - Bank Outflow (Mean, MA7) - BlockFi"}, {"metric_id": "6178d88b8654f056e6ea2a19", "metric_full_name": "BTC_bank-netflow-total", "chart_id": "61adc13af25fa84ece6167ab", "chart_name": "Bitcoin - Bank Netflow (Total) - BlockFi"}, {"metric_id": "6178e0f88654f056e6ea2a22", "metric_full_name": "BTC_bank-depositing-transactions", "chart_id": "61adc15cf25fa84ece6167bd", "chart_name": "Bitcoin - Bank Depositing Transactions - BlockFi"}, {"metric_id": "6178e1048654f056e6ea2a23", "metric_full_name": "BTC_bank-withdrawing-transactions", "chart_id": "61adc15ff25fa84ece6167bf", "chart_name": "Bitcoin - Bank Withdrawing Transactions - BlockFi"}, {"metric_id": "6178e1198654f056e6ea2a24", "metric_full_name": "BTC_bank-depositing-addresses", "chart_id": "61adc162f25fa84ece6167c1", "chart_name": "Bitcoin - Bank Depositing Addresses - BlockFi"}, {"metric_id": "6178e1238654f056e6ea2a25", "metric_full_name": "BTC_bank-withdrawing-addresses", "chart_id": "61adc166f25fa84ece6167c3", "chart_name": "Bitcoin - Bank Withdrawing Addresses - BlockFi"}, {"metric_id": "6357850ec65700523d4aca38", "metric_full_name": "BTC_geographical-supply-distribution-by-entities", "chart_id": "6357850ec65700523d4aca39", "chart_name": "Bitcoin - Geographical Supply Distribution by Entities"}, {"metric_id": "6357850ec65700523d4aca41", "metric_full_name": "BTC_exchange-supply", "chart_id": "6357850ec65700523d4aca42", "chart_name": "Bitcoin - Exchange Supply"}, {"metric_id": "6357850ec65700523d4aca45", "metric_full_name": "BTC_us-to-the-rest-reserve-ratio", "chart_id": "6357850ec65700523d4aca46", "chart_name": "Bitcoin - U.S. to The Rest Reserve Ratio"}, {"metric_id": "6357850ec65700523d4aca49", "metric_full_name": "BTC_exchange-reserve-ratio-kyc-vs-non-kyc", "chart_id": "6357850ec65700523d4aca4a", "chart_name": "Bitcoin - Exchange Reserve Ratio (KYC vs. Non-KYC)"}, {"metric_id": "6357850ec65700523d4aca4c", "metric_full_name": "BTC_exchange-reserve-ratio-us-vs-off-shore", "chart_id": "6357850ec65700523d4aca4d", "chart_name": "Bitcoin - Exchange Reserve Ratio (U.S. vs. Off-Shore)"}, {"metric_id": "6357850ec65700523d4aca50", "metric_full_name": "BTC_fund-to-all-exchange-reserve-ratio", "chart_id": "6357850ec65700523d4aca51", "chart_name": "Bitcoin - Fund to All Exchange Reserve Ratio"}, {"metric_id": "6357850ec65700523d4aca53", "metric_full_name": "BTC_fund-to-kycd-exchange-reserve-ratio", "chart_id": "6357850ec65700523d4aca54", "chart_name": "Bitcoin - Fund to KYC'd Exchange Reserve Ratio"}, {"metric_id": "6357850ec65700523d4aca56", "metric_full_name": "BTC_fund-to-non-kycd-exchange-reserve-ratio", "chart_id": "6357850ec65700523d4aca57", "chart_name": "Bitcoin - Fund to Non-KYC'd Exchange Reserve Ratio"}, {"metric_id": "6357850ec65700523d4aca5c", "metric_full_name": "BTC_plustoken-reserve-analysis", "chart_id": "6357850ec65700523d4aca5d", "chart_name": "Bitcoin - PlusToken Reserve Analysis"}, {"metric_id": "6357850ec65700523d4aca62", "metric_full_name": "BTC_plustoken-interflow-analysis", "chart_id": "6357850ec65700523d4aca63", "chart_name": "Bitcoin - PlusToken Interflow Analysis"}, {"metric_id": "6357850ec65700523d4aca66", "metric_full_name": "BTC_miner-selling-power-log-scaled", "chart_id": "6357850ec65700523d4aca67", "chart_name": "Bitcoin - Miner Selling Power (log-scaled)"}, {"metric_id": "6357850fc65700523d4aca6c", "metric_full_name": "BTC_number-of-entities", "chart_id": "6357850fc65700523d4aca6d", "chart_name": "Bitcoin - Number of Entities"}, {"metric_id": "6357850fc65700523d4aca7e", "metric_full_name": "BTC_all-entities-supply", "chart_id": "6357850fc65700523d4aca7f", "chart_name": "Bitcoin - All Entities Supply"}, {"metric_id": "6357850fc65700523d4aca90", "metric_full_name": "BTC_exchange-miner-supply", "chart_id": "6357850fc65700523d4aca91", "chart_name": "Bitcoin - Exchange Miner Supply"}, {"metric_id": "6357850fc65700523d4aca99", "metric_full_name": "BTC_exchange-token-transferred-log-scaled", "chart_id": "6357850fc65700523d4aca9a", "chart_name": "Bitcoin - Exchange Token Transferred (Log-scaled)"}, {"metric_id": "6357850fc65700523d4acaa2", "metric_full_name": "BTC_exchange-active-sender-addresses-log-scaled", "chart_id": "6357850fc65700523d4acaa3", "chart_name": "Bitcoin - Exchange Active Sender Addresses (Log-scaled)"}, {"metric_id": "6357850fc65700523d4acaab", "metric_full_name": "BTC_exchange-active-receiver-addresses-log-scaled", "chart_id": "6357850fc65700523d4acaac", "chart_name": "Bitcoin - Exchange Active Receiver Addresses (Log-scaled)"}, {"metric_id": "6357850fc65700523d4acaaf", "metric_full_name": "BTC_exchange-token-transferred-ratio-kyc-vs-non-kyc", "chart_id": "6357850fc65700523d4acab0", "chart_name": "Bitcoin - Exchange Token Transferred Ratio (KYC VS. Non-KYC)"}, {"metric_id": "6357850fc65700523d4acab2", "metric_full_name": "BTC_exchange-token-transferred-ratio-us-vs-off-shore", "chart_id": "6357850fc65700523d4acab3", "chart_name": "Bitcoin - Exchange Token Transferred Ratio (US VS. Off-shore)"}, {"metric_id": "6357850fc65700523d4acab7", "metric_full_name": "BTC_trading-volume-spot-vs-derivative", "chart_id": "6357850fc65700523d4acab8", "chart_name": "Bitcoin - Trading Volume (Spot VS. Derivative)"}, {"metric_id": "6357850fc65700523d4acabb", "metric_full_name": "BTC_trading-volume-kyc-vs-non-kyc", "chart_id": "6357850fc65700523d4acabc", "chart_name": "Bitcoin - Trading Volume (KYC VS. Non-KYC)"}, {"metric_id": "6357850fc65700523d4acabf", "metric_full_name": "BTC_trading-volume-ratio-spot-vs-derivative", "chart_id": "6357850fc65700523d4acac0", "chart_name": "Bitcoin - Trading Volume Ratio (Spot VS. Derivative)"}, {"metric_id": "6357850fc65700523d4acac2", "metric_full_name": "BTC_trading-volume-ratio-kyc-vs-non-kyc", "chart_id": "6357850fc65700523d4acac3", "chart_name": "Bitcoin - Trading Volume Ratio (KYC VS. Non-KYC)"}]