{"exchange-flows": [{"id": "61b1ad194f680e68001c6fa9", "name": "exchange-reserve"}, {"id": "61b1ad334f680e68001c6fab", "name": "exchange-inflow-total"}, {"id": "61b1ad5d4f680e68001c6faf", "name": "exchange-outflow-total"}, {"id": "61b1ad274f680e68001c6faa", "name": "exchange-netflow-total"}, {"id": "61b1ad424f680e68001c6fad", "name": "exchange-inflow-mean"}, {"id": "61b1ad674f680e68001c6fb1", "name": "exchange-outflow-mean"}, {"id": "61b1ad3c4f680e68001c6fac", "name": "exchange-inflow-top10"}, {"id": "61b1ad624f680e68001c6fb0", "name": "exchange-outflow-top10"}, {"id": "61b1ad484f680e68001c6fae", "name": "exchange-inflow-mean-ma7"}, {"id": "61b1ad6c4f680e68001c6fb2", "name": "exchange-outflow-mean-ma7"}, {"id": "61b1ad7b4f680e68001c6fb3", "name": "exchange-depositing-transactions"}, {"id": "61b1ad804f680e68001c6fb4", "name": "exchange-withdrawing-transactions"}, {"id": "61b1ad904f680e68001c6fb5", "name": "exchange-depositing-addresses"}, {"id": "61b1ad964f680e68001c6fb6", "name": "exchange-withdrawing-addresses"}], "market-data": [{"id": "61e8e4b1a4a5ce307c46eff4", "name": "price-volume"}]}