{"exchange-flows": [{"id": "622a081b1ef01949d467b7e4", "name": "exchange-reserve"}, {"id": "622a081b1ef01949d467b80e", "name": "exchange-reserve-usd"}, {"id": "622a081b1ef01949d467b864", "name": "exchange-inflow-total"}, {"id": "622a081c1ef01949d467b90d", "name": "exchange-outflow-total"}, {"id": "622a081b1ef01949d467b839", "name": "exchange-netflow-total"}, {"id": "622a081b1ef01949d467b8b8", "name": "exchange-inflow-mean"}, {"id": "622a081c1ef01949d467b961", "name": "exchange-outflow-mean"}, {"id": "622a081b1ef01949d467b88e", "name": "exchange-inflow-top10"}, {"id": "622a081c1ef01949d467b937", "name": "exchange-outflow-top10"}, {"id": "622a081c1ef01949d467b98b", "name": "exchange-outflow-mean-ma7"}, {"id": "622a081c1ef01949d467b8e2", "name": "exchange-inflow-mean-ma7"}, {"id": "622a081c1ef01949d467b9b6", "name": "exchange-depositing-transactions"}, {"id": "622a081c1ef01949d467b9e0", "name": "exchange-withdrawing-transactions"}, {"id": "622a081c1ef01949d467ba0b", "name": "exchange-depositing-addresses"}, {"id": "622a081d1ef01949d467ba35", "name": "exchange-withdrawing-addresses"}], "flow-indicator": [{"id": "625fb9cfa09f3d33d55edaf1", "name": "exchange-supply-ratio"}], "market-data": [{"id": "61ca73d4def50741844a0d73", "name": "price-volume"}], "addresses": [{"id": "620e24e82e920f5f0b277465", "name": "active-addresses"}, {"id": "620e24ec2e920f5f0b277468", "name": "active-sending-addresses"}, {"id": "620e24f12e920f5f0b27746b", "name": "active-receiving-addresses"}], "supply": [{"id": "620e24b42e920f5f0b277440", "name": "total-supply"}, {"id": "620e24be2e920f5f0b277447", "name": "velocity"}, {"id": "620e2f46cdc76f4e17ed2244", "name": "minted-supply"}, {"id": "620e2f4acdc76f4e17ed2247", "name": "burned-supply"}], "transactions": [{"id": "620e24c42e920f5f0b27744c", "name": "transaction-count-total"}, {"id": "620e24c92e920f5f0b27744f", "name": "transaction-count-mean"}, {"id": "620e24ce2e920f5f0b277453", "name": "transfer-count-total"}, {"id": "620e24d32e920f5f0b277456", "name": "transfer-count-mean"}, {"id": "620e24d82e920f5f0b27745a", "name": "tokens-transferred-total"}, {"id": "620e24dd2e920f5f0b27745d", "name": "tokens-transferred-mean"}, {"id": "620e24e12e920f5f0b277460", "name": "tokens-transferred-median"}]}