{"exchange-flows": [{"id": "622a08231ef01949d467c11b", "name": "exchange-reserve"}, {"id": "622a08231ef01949d467c126", "name": "exchange-reserve-usd"}, {"id": "622a08231ef01949d467c13e", "name": "exchange-inflow-total"}, {"id": "622a08241ef01949d467c16b", "name": "exchange-outflow-total"}, {"id": "622a08231ef01949d467c132", "name": "exchange-netflow-total"}, {"id": "622a08231ef01949d467c154", "name": "exchange-inflow-mean"}, {"id": "622a08241ef01949d467c181", "name": "exchange-outflow-mean"}, {"id": "622a08231ef01949d467c149", "name": "exchange-inflow-top10"}, {"id": "622a08241ef01949d467c176", "name": "exchange-outflow-top10"}, {"id": "622a08231ef01949d467c15f", "name": "exchange-inflow-mean-ma7"}, {"id": "622a08241ef01949d467c18c", "name": "exchange-outflow-mean-ma7"}, {"id": "622a08241ef01949d467c198", "name": "exchange-depositing-transactions"}, {"id": "622a08241ef01949d467c1a3", "name": "exchange-withdrawing-transactions"}, {"id": "622a08241ef01949d467c1af", "name": "exchange-depositing-addresses"}, {"id": "622a08241ef01949d467c1ba", "name": "exchange-withdrawing-addresses"}], "flow-indicator": [{"id": "625fb9cca09f3d33d55edae4", "name": "exchange-supply-ratio"}], "market-data": [{"id": "61ca73d5def50741844a0db9", "name": "price-volume"}], "addresses": [{"id": "620e24a42e920f5f0b277435", "name": "active-addresses"}, {"id": "620e24a92e920f5f0b277438", "name": "active-sending-addresses"}, {"id": "620e24ad2e920f5f0b27743b", "name": "active-receiving-addresses"}], "supply": [{"id": "620e246f2e920f5f0b277410", "name": "total-supply"}, {"id": "620e247a2e920f5f0b277417", "name": "velocity"}, {"id": "620e2f39cdc76f4e17ed223e", "name": "minted-supply"}, {"id": "620e2f3dcdc76f4e17ed2241", "name": "burned-supply"}], "transactions": [{"id": "620e24802e920f5f0b27741c", "name": "transaction-count-total"}, {"id": "620e24852e920f5f0b27741f", "name": "transaction-count-mean"}, {"id": "620e248a2e920f5f0b277423", "name": "transfer-count-total"}, {"id": "620e248f2e920f5f0b277426", "name": "transfer-count-mean"}, {"id": "620e24942e920f5f0b27742a", "name": "tokens-transferred-total"}, {"id": "620e24992e920f5f0b27742d", "name": "tokens-transferred-mean"}, {"id": "620e249e2e920f5f0b277430", "name": "tokens-transferred-median"}]}