{"exchange-flows": [{"id": "61b6c9561688d16782a87e28", "name": "exchange-reserve"}, {"id": "61b6c95c1688d16782a87e29", "name": "exchange-reserve-usd"}, {"id": "61b6c97b1688d16782a87e2b", "name": "exchange-inflow-total"}, {"id": "61b6c9941688d16782a87e2f", "name": "exchange-outflow-total"}, {"id": "61b6c9751688d16782a87e2a", "name": "exchange-netflow-total"}, {"id": "61b6c9861688d16782a87e2d", "name": "exchange-inflow-mean"}, {"id": "61b6c9b11688d16782a87e31", "name": "exchange-outflow-mean"}, {"id": "61b6c9801688d16782a87e2c", "name": "exchange-inflow-top10"}, {"id": "61b6c9a41688d16782a87e30", "name": "exchange-outflow-top10"}, {"id": "61b6c98a1688d16782a87e2e", "name": "exchange-inflow-mean-ma7"}, {"id": "61b6c9ba1688d16782a87e32", "name": "exchange-outflow-mean-ma7"}, {"id": "61b6c9c81688d16782a87e33", "name": "exchange-depositing-transactions"}, {"id": "61b6c9d21688d16782a87e34", "name": "exchange-withdrawing-transactions"}, {"id": "61b6c9e01688d16782a87e35", "name": "exchange-depositing-addresses"}, {"id": "61b6c9e91688d16782a87e36", "name": "exchange-withdrawing-addresses"}], "flow-indicator": [{"id": "625fb95ea09f3d33d55ed8b2", "name": "exchange-supply-ratio"}], "market-data": [{"id": "61c0148c62b04c1286a3ff2c", "name": "price-volume"}], "addresses": [{"id": "620e20582e920f5f0b277135", "name": "active-addresses"}, {"id": "620e205d2e920f5f0b277138", "name": "active-sending-addresses"}, {"id": "620e20612e920f5f0b27713b", "name": "active-receiving-addresses"}], "supply": [{"id": "620e20202e920f5f0b277110", "name": "total-supply"}, {"id": "620e202b2e920f5f0b277117", "name": "velocity"}, {"id": "620e2e68cdc76f4e17ed21de", "name": "minted-supply"}, {"id": "620e2e6dcdc76f4e17ed21e1", "name": "burned-supply"}], "transactions": [{"id": "620e20322e920f5f0b27711c", "name": "transaction-count-total"}, {"id": "620e20372e920f5f0b27711f", "name": "transaction-count-mean"}, {"id": "620e203c2e920f5f0b277123", "name": "transfer-count-total"}, {"id": "620e20412e920f5f0b277126", "name": "transfer-count-mean"}, {"id": "620e20472e920f5f0b27712a", "name": "tokens-transferred-total"}, {"id": "620e204c2e920f5f0b27712d", "name": "tokens-transferred-mean"}, {"id": "620e20512e920f5f0b277130", "name": "tokens-transferred-median"}]}