{"addresses": [{"id": "625e23dce3a6f37be8d2ca11", "name": "active-addresses"}, {"id": "625e23dce3a6f37be8d2ca14", "name": "active-sending-addresses"}, {"id": "625e23dce3a6f37be8d2ca17", "name": "active-receiving-addresses"}], "supply": [{"id": "625e23dce3a6f37be8d2ca1c", "name": "total-supply"}, {"id": "625e23dce3a6f37be8d2ca26", "name": "velocity"}, {"id": "625e23dce3a6f37be8d2ca1f", "name": "minted-supply"}, {"id": "625e23dce3a6f37be8d2ca22", "name": "burned-supply"}], "transactions": [{"id": "625e23dce3a6f37be8d2ca2b", "name": "transaction-count-total"}, {"id": "625e23dce3a6f37be8d2ca2e", "name": "transaction-count-mean"}, {"id": "625e23dce3a6f37be8d2ca32", "name": "transfer-count-total"}, {"id": "625e23dce3a6f37be8d2ca35", "name": "transfer-count-mean"}, {"id": "625e23dce3a6f37be8d2ca39", "name": "tokens-transferred-total"}, {"id": "625e23dce3a6f37be8d2ca3c", "name": "tokens-transferred-mean"}, {"id": "625e23dce3a6f37be8d2ca3f", "name": "tokens-transferred-median"}]}