{"addresses": [{"id": "625e23d0e3a6f37be8d2c439", "name": "active-addresses"}, {"id": "625e23d0e3a6f37be8d2c43c", "name": "active-sending-addresses"}, {"id": "625e23d0e3a6f37be8d2c43f", "name": "active-receiving-addresses"}], "supply": [{"id": "625e23d0e3a6f37be8d2c444", "name": "total-supply"}, {"id": "625e23d0e3a6f37be8d2c44e", "name": "velocity"}, {"id": "625e23d0e3a6f37be8d2c447", "name": "minted-supply"}, {"id": "625e23d0e3a6f37be8d2c44a", "name": "burned-supply"}], "transactions": [{"id": "625e23d0e3a6f37be8d2c453", "name": "transaction-count-total"}, {"id": "625e23d0e3a6f37be8d2c456", "name": "transaction-count-mean"}, {"id": "625e23d0e3a6f37be8d2c45a", "name": "transfer-count-total"}, {"id": "625e23d0e3a6f37be8d2c45d", "name": "transfer-count-mean"}, {"id": "625e23d0e3a6f37be8d2c461", "name": "tokens-transferred-total"}, {"id": "625e23d0e3a6f37be8d2c464", "name": "tokens-transferred-mean"}, {"id": "625e23d0e3a6f37be8d2c467", "name": "tokens-transferred-median"}]}