{"addresses": [{"id": "625e23d7e3a6f37be8d2c7dd", "name": "active-addresses"}, {"id": "625e23d7e3a6f37be8d2c7e0", "name": "active-sending-addresses"}, {"id": "625e23d7e3a6f37be8d2c7e3", "name": "active-receiving-addresses"}], "supply": [{"id": "625e23d7e3a6f37be8d2c7e8", "name": "total-supply"}, {"id": "625e23d8e3a6f37be8d2c7f2", "name": "velocity"}, {"id": "625e23d7e3a6f37be8d2c7eb", "name": "minted-supply"}, {"id": "625e23d8e3a6f37be8d2c7ee", "name": "burned-supply"}], "transactions": [{"id": "625e23d8e3a6f37be8d2c7f7", "name": "transaction-count-total"}, {"id": "625e23d8e3a6f37be8d2c7fa", "name": "transaction-count-mean"}, {"id": "625e23d8e3a6f37be8d2c7fe", "name": "transfer-count-total"}, {"id": "625e23d8e3a6f37be8d2c801", "name": "transfer-count-mean"}, {"id": "625e23d8e3a6f37be8d2c805", "name": "tokens-transferred-total"}, {"id": "625e23d8e3a6f37be8d2c808", "name": "tokens-transferred-mean"}, {"id": "625e23d8e3a6f37be8d2c80b", "name": "tokens-transferred-median"}]}