{"exchange-flows": [{"id": "622a082e1ef01949d467cd0b", "name": "exchange-reserve"}, {"id": "622a082e1ef01949d467cd34", "name": "exchange-reserve-usd"}, {"id": "622a082e1ef01949d467cd88", "name": "exchange-inflow-total"}, {"id": "622a082e1ef01949d467ce2d", "name": "exchange-outflow-total"}, {"id": "622a082e1ef01949d467cd5e", "name": "exchange-netflow-total"}, {"id": "622a082e1ef01949d467cdda", "name": "exchange-inflow-mean"}, {"id": "622a082f1ef01949d467ce7f", "name": "exchange-outflow-mean"}, {"id": "622a082e1ef01949d467cdb1", "name": "exchange-inflow-top10"}, {"id": "622a082e1ef01949d467ce56", "name": "exchange-outflow-top10"}, {"id": "622a082f1ef01949d467cea8", "name": "exchange-outflow-mean-ma7"}, {"id": "622a082e1ef01949d467ce03", "name": "exchange-inflow-mean-ma7"}, {"id": "622a082f1ef01949d467ced2", "name": "exchange-depositing-transactions"}, {"id": "622a082f1ef01949d467cefb", "name": "exchange-withdrawing-transactions"}, {"id": "622a082f1ef01949d467cf25", "name": "exchange-depositing-addresses"}, {"id": "622a082f1ef01949d467cf4e", "name": "exchange-withdrawing-addresses"}], "flow-indicator": [{"id": "625fb909a09f3d33d55ed6f6", "name": "exchange-supply-ratio"}], "market-data": [{"id": "61ca73d6def50741844a0e09", "name": "price-volume"}], "addresses": [{"id": "620e1eaa2e920f5f0b277015", "name": "active-addresses"}, {"id": "620e1eaf2e920f5f0b277018", "name": "active-sending-addresses"}, {"id": "620e1eb42e920f5f0b27701b", "name": "active-receiving-addresses"}], "supply": [{"id": "620e1e732e920f5f0b276ff0", "name": "total-supply"}, {"id": "620e1e7e2e920f5f0b276ff7", "name": "velocity"}, {"id": "620e2e19cdc76f4e17ed21ba", "name": "minted-supply"}, {"id": "620e2e1ecdc76f4e17ed21bd", "name": "burned-supply"}], "transactions": [{"id": "620e1e852e920f5f0b276ffc", "name": "transaction-count-total"}, {"id": "620e1e892e920f5f0b276fff", "name": "transaction-count-mean"}, {"id": "620e1e8f2e920f5f0b277003", "name": "transfer-count-total"}, {"id": "620e1e942e920f5f0b277006", "name": "transfer-count-mean"}, {"id": "620e1e9a2e920f5f0b27700a", "name": "tokens-transferred-total"}, {"id": "620e1e9f2e920f5f0b27700d", "name": "tokens-transferred-mean"}, {"id": "620e1ea42e920f5f0b277010", "name": "tokens-transferred-median"}]}