{"exchange-flows": [{"id": "61b19a4d4f680e68001c6ce3", "name": "exchange-reserve"}, {"id": "61b19cf64f680e68001c6ce6", "name": "exchange-inflow-total"}, {"id": "61b19d294f680e68001c6cea", "name": "exchange-outflow-total"}, {"id": "61b19ce24f680e68001c6ce5", "name": "exchange-netflow-total"}, {"id": "61b19d034f680e68001c6ce8", "name": "exchange-inflow-mean"}, {"id": "61b19d354f680e68001c6cec", "name": "exchange-outflow-mean"}, {"id": "61b19cfc4f680e68001c6ce7", "name": "exchange-inflow-top10"}, {"id": "61b19d2f4f680e68001c6ceb", "name": "exchange-outflow-top10"}, {"id": "61b19d094f680e68001c6ce9", "name": "exchange-inflow-mean-ma7"}, {"id": "61b19d3a4f680e68001c6ced", "name": "exchange-outflow-mean-ma7"}, {"id": "61b19d4a4f680e68001c6cee", "name": "exchange-depositing-transactions"}, {"id": "61b19d504f680e68001c6cef", "name": "exchange-withdrawing-transactions"}, {"id": "61b19d5f4f680e68001c6cf0", "name": "exchange-depositing-addresses"}, {"id": "61b19d674f680e68001c6cf1", "name": "exchange-withdrawing-addresses"}], "flow-indicator": [{"id": "625fb877a09f3d33d55ed420", "name": "exchange-supply-ratio"}], "market-data": [{"id": "61b19e6c4f680e68001c6e7c", "name": "market-cap"}, {"id": "61bc5a79390ee207915d12cc", "name": "price-volume"}], "addresses": [{"id": "61b1a0a64f680e68001c6e9d", "name": "active-addresses"}, {"id": "61b1a0ac4f680e68001c6e9e", "name": "active-sending-addresses"}, {"id": "61b1a0b14f680e68001c6e9f", "name": "active-receiving-addresses"}, {"id": "61b1a0b74f680e68001c6ea0", "name": "active-sending-addresses-percent"}, {"id": "61b1a0bd4f680e68001c6ea1", "name": "active-receiving-addresses-percent"}], "supply": [{"id": "61b19f3d4f680e68001c6e90", "name": "total-supply"}, {"id": "61b1a0274f680e68001c6e93", "name": "circulating-supply"}, {"id": "61b1a0184f680e68001c6e91", "name": "minted-supply"}, {"id": "61b1a0204f680e68001c6e92", "name": "burned-supply"}, {"id": "61b1a0364f680e68001c6e94", "name": "issued-supply"}, {"id": "61b1a03e4f680e68001c6e95", "name": "redeemed-supply"}, {"id": "61b1a0624f680e68001c6e97", "name": "mint-event-count"}, {"id": "61b1a0694f680e68001c6e98", "name": "issue-event-count"}, {"id": "61b1a0724f680e68001c6e99", "name": "burn-event-count"}, {"id": "61b1a07a4f680e68001c6e9a", "name": "redeem-event-count"}], "transactions": [{"id": "61b1a05a4f680e68001c6e96", "name": "transfer-event-count"}, {"id": "61b1a08a4f680e68001c6e9b", "name": "tokens-transferred-total"}, {"id": "61b1a0904f680e68001c6e9c", "name": "tokens-transferred-mean"}]}