{"exchange-flows": [{"id": "622a081d1ef01949d467ba61", "name": "exchange-reserve"}, {"id": "622a081d1ef01949d467ba69", "name": "exchange-reserve-usd"}, {"id": "622a081d1ef01949d467ba7b", "name": "exchange-inflow-total"}, {"id": "622a081d1ef01949d467ba9c", "name": "exchange-outflow-total"}, {"id": "622a081d1ef01949d467ba72", "name": "exchange-netflow-total"}, {"id": "622a081d1ef01949d467ba8b", "name": "exchange-inflow-mean"}, {"id": "622a081d1ef01949d467baac", "name": "exchange-outflow-mean"}, {"id": "622a081d1ef01949d467ba83", "name": "exchange-inflow-top10"}, {"id": "622a081d1ef01949d467baa4", "name": "exchange-outflow-top10"}, {"id": "622a081d1ef01949d467ba93", "name": "exchange-inflow-mean-ma7"}, {"id": "622a081d1ef01949d467bab4", "name": "exchange-outflow-mean-ma7"}, {"id": "622a081d1ef01949d467babd", "name": "exchange-depositing-transactions"}, {"id": "622a081d1ef01949d467bac5", "name": "exchange-withdrawing-transactions"}, {"id": "622a081d1ef01949d467bace", "name": "exchange-depositing-addresses"}, {"id": "622a081d1ef01949d467bad6", "name": "exchange-withdrawing-addresses"}], "flow-indicator": [{"id": "625fb9c2a09f3d33d55edaae", "name": "exchange-supply-ratio"}], "market-data": [{"id": "61ca73d4def50741844a0d7d", "name": "price-volume"}], "addresses": [{"id": "620e241b2e920f5f0b2773d5", "name": "active-addresses"}, {"id": "620e24202e920f5f0b2773d8", "name": "active-sending-addresses"}, {"id": "620e24252e920f5f0b2773db", "name": "active-receiving-addresses"}], "supply": [{"id": "620e23e72e920f5f0b2773b0", "name": "total-supply"}, {"id": "620e23f12e920f5f0b2773b7", "name": "velocity"}, {"id": "620e2f1fcdc76f4e17ed2232", "name": "minted-supply"}, {"id": "620e2f24cdc76f4e17ed2235", "name": "burned-supply"}], "transactions": [{"id": "620e23f72e920f5f0b2773bc", "name": "transaction-count-total"}, {"id": "620e23fc2e920f5f0b2773bf", "name": "transaction-count-mean"}, {"id": "620e24012e920f5f0b2773c3", "name": "transfer-count-total"}, {"id": "620e24062e920f5f0b2773c6", "name": "transfer-count-mean"}, {"id": "620e240c2e920f5f0b2773ca", "name": "tokens-transferred-total"}, {"id": "620e24102e920f5f0b2773cd", "name": "tokens-transferred-mean"}, {"id": "620e24152e920f5f0b2773d0", "name": "tokens-transferred-median"}]}