{"exchange-flows": [{"id": "622a08211ef01949d467be88", "name": "exchange-reserve"}, {"id": "622a08211ef01949d467be96", "name": "exchange-reserve-usd"}, {"id": "622a08211ef01949d467beb4", "name": "exchange-inflow-total"}, {"id": "622a08211ef01949d467beed", "name": "exchange-outflow-total"}, {"id": "622a08211ef01949d467bea5", "name": "exchange-netflow-total"}, {"id": "622a08211ef01949d467bed0", "name": "exchange-inflow-mean"}, {"id": "622a08211ef01949d467bf09", "name": "exchange-outflow-mean"}, {"id": "622a08211ef01949d467bec2", "name": "exchange-inflow-top10"}, {"id": "622a08211ef01949d467befb", "name": "exchange-outflow-top10"}, {"id": "622a08211ef01949d467bf17", "name": "exchange-outflow-mean-ma7"}, {"id": "622a08211ef01949d467bede", "name": "exchange-inflow-mean-ma7"}, {"id": "622a08211ef01949d467bf26", "name": "exchange-depositing-transactions"}, {"id": "622a08211ef01949d467bf34", "name": "exchange-withdrawing-transactions"}, {"id": "622a08211ef01949d467bf43", "name": "exchange-depositing-addresses"}, {"id": "622a08211ef01949d467bf51", "name": "exchange-withdrawing-addresses"}], "market-data": [{"id": "61ca73d4def50741844a0da5", "name": "price-volume"}], "addresses": [{"id": "625e23dde3a6f37be8d2cb12", "name": "active-addresses"}, {"id": "625e23dde3a6f37be8d2cb15", "name": "active-sending-addresses"}, {"id": "625e23dde3a6f37be8d2cb18", "name": "active-receiving-addresses"}], "supply": [{"id": "625e23dde3a6f37be8d2cb1d", "name": "total-supply"}, {"id": "625e23dde3a6f37be8d2cb27", "name": "velocity"}, {"id": "625e23dde3a6f37be8d2cb20", "name": "minted-supply"}, {"id": "625e23dde3a6f37be8d2cb23", "name": "burned-supply"}], "transactions": [{"id": "625e23dde3a6f37be8d2cb2c", "name": "transaction-count-total"}, {"id": "625e23dde3a6f37be8d2cb2f", "name": "transaction-count-mean"}, {"id": "625e23dde3a6f37be8d2cb33", "name": "transfer-count-total"}, {"id": "625e23dee3a6f37be8d2cb36", "name": "transfer-count-mean"}, {"id": "625e23dee3a6f37be8d2cb3a", "name": "tokens-transferred-total"}, {"id": "625e23dee3a6f37be8d2cb3d", "name": "tokens-transferred-mean"}, {"id": "625e23dee3a6f37be8d2cb40", "name": "tokens-transferred-median"}]}