{"addresses": [{"id": "625e23cce3a6f37be8d2c265", "name": "active-addresses"}, {"id": "625e23cde3a6f37be8d2c268", "name": "active-sending-addresses"}, {"id": "625e23cde3a6f37be8d2c26b", "name": "active-receiving-addresses"}], "supply": [{"id": "625e23cde3a6f37be8d2c270", "name": "total-supply"}, {"id": "625e23cde3a6f37be8d2c27a", "name": "velocity"}, {"id": "625e23cde3a6f37be8d2c273", "name": "minted-supply"}, {"id": "625e23cde3a6f37be8d2c276", "name": "burned-supply"}], "transactions": [{"id": "625e23cde3a6f37be8d2c27f", "name": "transaction-count-total"}, {"id": "625e23cde3a6f37be8d2c282", "name": "transaction-count-mean"}, {"id": "625e23cde3a6f37be8d2c286", "name": "transfer-count-total"}, {"id": "625e23cde3a6f37be8d2c289", "name": "transfer-count-mean"}, {"id": "625e23cde3a6f37be8d2c28d", "name": "tokens-transferred-total"}, {"id": "625e23cde3a6f37be8d2c290", "name": "tokens-transferred-mean"}, {"id": "625e23cde3a6f37be8d2c293", "name": "tokens-transferred-median"}]}