{"addresses": [{"id": "625e23d0e3a6f37be8d2c405", "name": "active-addresses"}, {"id": "625e23d0e3a6f37be8d2c408", "name": "active-sending-addresses"}, {"id": "625e23d0e3a6f37be8d2c40b", "name": "active-receiving-addresses"}], "supply": [{"id": "625e23d0e3a6f37be8d2c410", "name": "total-supply"}, {"id": "625e23d0e3a6f37be8d2c41a", "name": "velocity"}, {"id": "625e23d0e3a6f37be8d2c413", "name": "minted-supply"}, {"id": "625e23d0e3a6f37be8d2c416", "name": "burned-supply"}], "transactions": [{"id": "625e23d0e3a6f37be8d2c41f", "name": "transaction-count-total"}, {"id": "625e23d0e3a6f37be8d2c422", "name": "transaction-count-mean"}, {"id": "625e23d0e3a6f37be8d2c426", "name": "transfer-count-total"}, {"id": "625e23d0e3a6f37be8d2c429", "name": "transfer-count-mean"}, {"id": "625e23d0e3a6f37be8d2c42d", "name": "tokens-transferred-total"}, {"id": "625e23d0e3a6f37be8d2c430", "name": "tokens-transferred-mean"}, {"id": "625e23d0e3a6f37be8d2c433", "name": "tokens-transferred-median"}]}