{"exchange-flows": [{"id": "622a08391ef01949d467db97", "name": "exchange-reserve"}, {"id": "622a08391ef01949d467dba9", "name": "exchange-reserve-usd"}, {"id": "622a08391ef01949d467dbcf", "name": "exchange-inflow-total"}, {"id": "622a083a1ef01949d467dc18", "name": "exchange-outflow-total"}, {"id": "622a08391ef01949d467dbbc", "name": "exchange-netflow-total"}, {"id": "622a08391ef01949d467dbf3", "name": "exchange-inflow-mean"}, {"id": "622a083a1ef01949d467dc3c", "name": "exchange-outflow-mean"}, {"id": "622a08391ef01949d467dbe1", "name": "exchange-inflow-top10"}, {"id": "622a083a1ef01949d467dc2a", "name": "exchange-outflow-top10"}, {"id": "622a08391ef01949d467dc05", "name": "exchange-inflow-mean-ma7"}, {"id": "622a083a1ef01949d467dc4e", "name": "exchange-outflow-mean-ma7"}, {"id": "622a083a1ef01949d467dc61", "name": "exchange-depositing-transactions"}, {"id": "622a083a1ef01949d467dc73", "name": "exchange-withdrawing-transactions"}, {"id": "622a083a1ef01949d467dc86", "name": "exchange-depositing-addresses"}, {"id": "622a083a1ef01949d467dc98", "name": "exchange-withdrawing-addresses"}], "flow-indicator": [{"id": "625fb93da09f3d33d55ed801", "name": "exchange-supply-ratio"}], "market-data": [{"id": "61ca73d7def50741844a0e4f", "name": "price-volume"}], "addresses": [{"id": "625e23d9e3a6f37be8d2c8de", "name": "active-addresses"}, {"id": "625e23d9e3a6f37be8d2c8e1", "name": "active-sending-addresses"}, {"id": "625e23d9e3a6f37be8d2c8e4", "name": "active-receiving-addresses"}], "supply": [{"id": "625e23d9e3a6f37be8d2c8e9", "name": "total-supply"}, {"id": "625e23d9e3a6f37be8d2c8f3", "name": "velocity"}, {"id": "625e23d9e3a6f37be8d2c8ec", "name": "minted-supply"}, {"id": "625e23d9e3a6f37be8d2c8ef", "name": "burned-supply"}], "transactions": [{"id": "625e23d9e3a6f37be8d2c8f8", "name": "transaction-count-total"}, {"id": "625e23d9e3a6f37be8d2c8fb", "name": "transaction-count-mean"}, {"id": "625e23dae3a6f37be8d2c8ff", "name": "transfer-count-total"}, {"id": "625e23dae3a6f37be8d2c902", "name": "transfer-count-mean"}, {"id": "625e23dae3a6f37be8d2c906", "name": "tokens-transferred-total"}, {"id": "625e23dae3a6f37be8d2c909", "name": "tokens-transferred-mean"}, {"id": "625e23dae3a6f37be8d2c90c", "name": "tokens-transferred-median"}]}