{"exchange-flows": [{"id": "622a08371ef01949d467d87d", "name": "exchange-reserve"}, {"id": "622a08371ef01949d467d899", "name": "exchange-reserve-usd"}, {"id": "622a08371ef01949d467d8d3", "name": "exchange-inflow-total"}, {"id": "622a08371ef01949d467d944", "name": "exchange-outflow-total"}, {"id": "622a08371ef01949d467d8b6", "name": "exchange-netflow-total"}, {"id": "622a08371ef01949d467d90b", "name": "exchange-inflow-mean"}, {"id": "622a08371ef01949d467d97c", "name": "exchange-outflow-mean"}, {"id": "622a08371ef01949d467d8ef", "name": "exchange-inflow-top10"}, {"id": "622a08371ef01949d467d960", "name": "exchange-outflow-top10"}, {"id": "622a08371ef01949d467d998", "name": "exchange-outflow-mean-ma7"}, {"id": "622a08371ef01949d467d927", "name": "exchange-inflow-mean-ma7"}, {"id": "622a08371ef01949d467d9b5", "name": "exchange-depositing-transactions"}, {"id": "622a08371ef01949d467d9d1", "name": "exchange-withdrawing-transactions"}, {"id": "622a08381ef01949d467d9ee", "name": "exchange-depositing-addresses"}, {"id": "622a08381ef01949d467da0a", "name": "exchange-withdrawing-addresses"}], "flow-indicator": [{"id": "625fb96ea09f3d33d55ed903", "name": "exchange-supply-ratio"}], "market-data": [{"id": "61ca73d7def50741844a0e3b", "name": "price-volume"}], "addresses": [{"id": "620e20a02e920f5f0b277165", "name": "active-addresses"}, {"id": "620e20a52e920f5f0b277168", "name": "active-sending-addresses"}, {"id": "620e20a92e920f5f0b27716b", "name": "active-receiving-addresses"}], "supply": [{"id": "620e20682e920f5f0b277140", "name": "total-supply"}, {"id": "620e20732e920f5f0b277147", "name": "velocity"}, {"id": "620e2e75cdc76f4e17ed21e4", "name": "minted-supply"}, {"id": "620e2e7acdc76f4e17ed21e7", "name": "burned-supply"}], "transactions": [{"id": "620e207a2e920f5f0b27714c", "name": "transaction-count-total"}, {"id": "620e207f2e920f5f0b27714f", "name": "transaction-count-mean"}, {"id": "620e20842e920f5f0b277153", "name": "transfer-count-total"}, {"id": "620e20892e920f5f0b277156", "name": "transfer-count-mean"}, {"id": "620e208f2e920f5f0b27715a", "name": "tokens-transferred-total"}, {"id": "620e20942e920f5f0b27715d", "name": "tokens-transferred-mean"}, {"id": "620e20992e920f5f0b277160", "name": "tokens-transferred-median"}]}