{"addresses": [{"id": "625e23d2e3a6f37be8d2c570", "name": "active-addresses"}, {"id": "625e23d2e3a6f37be8d2c573", "name": "active-sending-addresses"}, {"id": "625e23d2e3a6f37be8d2c576", "name": "active-receiving-addresses"}], "supply": [{"id": "625e23d2e3a6f37be8d2c57b", "name": "total-supply"}, {"id": "625e23d2e3a6f37be8d2c585", "name": "velocity"}, {"id": "625e23d2e3a6f37be8d2c57e", "name": "minted-supply"}, {"id": "625e23d2e3a6f37be8d2c581", "name": "burned-supply"}], "transactions": [{"id": "625e23d3e3a6f37be8d2c58a", "name": "transaction-count-total"}, {"id": "625e23d3e3a6f37be8d2c58d", "name": "transaction-count-mean"}, {"id": "625e23d3e3a6f37be8d2c591", "name": "transfer-count-total"}, {"id": "625e23d3e3a6f37be8d2c594", "name": "transfer-count-mean"}, {"id": "625e23d3e3a6f37be8d2c598", "name": "tokens-transferred-total"}, {"id": "625e23d3e3a6f37be8d2c59b", "name": "tokens-transferred-mean"}, {"id": "625e23d3e3a6f37be8d2c59e", "name": "tokens-transferred-median"}]}