{"exchange-flows": [{"id": "622a08141ef01949d467b050", "name": "exchange-reserve"}, {"id": "622a08141ef01949d467b07f", "name": "exchange-reserve-usd"}, {"id": "622a08151ef01949d467b0df", "name": "exchange-inflow-total"}, {"id": "622a08151ef01949d467b19c", "name": "exchange-outflow-total"}, {"id": "622a08141ef01949d467b0af", "name": "exchange-netflow-total"}, {"id": "622a08151ef01949d467b13d", "name": "exchange-inflow-mean"}, {"id": "622a08151ef01949d467b1fa", "name": "exchange-outflow-mean"}, {"id": "622a08151ef01949d467b10e", "name": "exchange-inflow-top10"}, {"id": "622a08151ef01949d467b1cb", "name": "exchange-outflow-top10"}, {"id": "622a08151ef01949d467b229", "name": "exchange-outflow-mean-ma7"}, {"id": "622a08151ef01949d467b16c", "name": "exchange-inflow-mean-ma7"}, {"id": "622a08161ef01949d467b259", "name": "exchange-depositing-transactions"}, {"id": "622a08161ef01949d467b288", "name": "exchange-withdrawing-transactions"}, {"id": "622a08161ef01949d467b2b8", "name": "exchange-depositing-addresses"}, {"id": "622a08161ef01949d467b2e7", "name": "exchange-withdrawing-addresses"}], "flow-indicator": [{"id": "625fb9aaa09f3d33d55eda3d", "name": "exchange-supply-ratio"}], "market-data": [{"id": "61ca73d3def50741844a0d41", "name": "price-volume"}], "addresses": [{"id": "620e230a2e920f5f0b277315", "name": "active-addresses"}, {"id": "620e230f2e920f5f0b277318", "name": "active-sending-addresses"}, {"id": "620e23142e920f5f0b27731b", "name": "active-receiving-addresses"}], "supply": [{"id": "620e22d62e920f5f0b2772f0", "name": "total-supply"}, {"id": "620e22e02e920f5f0b2772f7", "name": "velocity"}, {"id": "620e2eeacdc76f4e17ed221a", "name": "minted-supply"}, {"id": "620e2eefcdc76f4e17ed221d", "name": "burned-supply"}], "transactions": [{"id": "620e22e72e920f5f0b2772fc", "name": "transaction-count-total"}, {"id": "620e22eb2e920f5f0b2772ff", "name": "transaction-count-mean"}, {"id": "620e22f12e920f5f0b277303", "name": "transfer-count-total"}, {"id": "620e22f52e920f5f0b277306", "name": "transfer-count-mean"}, {"id": "620e22fb2e920f5f0b27730a", "name": "tokens-transferred-total"}, {"id": "620e22ff2e920f5f0b27730d", "name": "tokens-transferred-mean"}, {"id": "620e23042e920f5f0b277310", "name": "tokens-transferred-median"}]}