{"exchange-flows": [{"id": "622a08201ef01949d467bd46", "name": "exchange-reserve"}, {"id": "622a08201ef01949d467bd5b", "name": "exchange-reserve-usd"}, {"id": "622a08201ef01949d467bd87", "name": "exchange-inflow-total"}, {"id": "622a08201ef01949d467bddc", "name": "exchange-outflow-total"}, {"id": "622a08201ef01949d467bd71", "name": "exchange-netflow-total"}, {"id": "622a08201ef01949d467bdb1", "name": "exchange-inflow-mean"}, {"id": "622a08201ef01949d467be06", "name": "exchange-outflow-mean"}, {"id": "622a08201ef01949d467bd9c", "name": "exchange-inflow-top10"}, {"id": "622a08201ef01949d467bdf1", "name": "exchange-outflow-top10"}, {"id": "622a08201ef01949d467bdc6", "name": "exchange-inflow-mean-ma7"}, {"id": "622a08201ef01949d467be1b", "name": "exchange-outflow-mean-ma7"}, {"id": "622a08201ef01949d467be31", "name": "exchange-depositing-transactions"}, {"id": "622a08201ef01949d467be46", "name": "exchange-withdrawing-transactions"}, {"id": "622a08211ef01949d467be5c", "name": "exchange-depositing-addresses"}, {"id": "622a08211ef01949d467be71", "name": "exchange-withdrawing-addresses"}], "flow-indicator": [{"id": "625fb8e6a09f3d33d55ed659", "name": "exchange-supply-ratio"}], "market-data": [{"id": "61ca73d4def50741844a0d9b", "name": "price-volume"}], "addresses": [{"id": "620e1cfd2e920f5f0b276ef5", "name": "active-addresses"}, {"id": "620e1d022e920f5f0b276ef8", "name": "active-sending-addresses"}, {"id": "620e1d072e920f5f0b276efb", "name": "active-receiving-addresses"}], "supply": [{"id": "620e1cc62e920f5f0b276ed0", "name": "total-supply"}, {"id": "620e1cd12e920f5f0b276ed7", "name": "velocity"}, {"id": "620e2dcbcdc76f4e17ed2196", "name": "minted-supply"}, {"id": "620e2dd0cdc76f4e17ed2199", "name": "burned-supply"}], "transactions": [{"id": "620e1cd72e920f5f0b276edc", "name": "transaction-count-total"}, {"id": "620e1cdc2e920f5f0b276edf", "name": "transaction-count-mean"}, {"id": "620e1ce22e920f5f0b276ee3", "name": "transfer-count-total"}, {"id": "620e1ce72e920f5f0b276ee6", "name": "transfer-count-mean"}, {"id": "620e1ced2e920f5f0b276eea", "name": "tokens-transferred-total"}, {"id": "620e1cf12e920f5f0b276eed", "name": "tokens-transferred-mean"}, {"id": "620e1cf62e920f5f0b276ef0", "name": "tokens-transferred-median"}]}