{"exchange-flows": [{"id": "622a08241ef01949d467c1c7", "name": "exchange-reserve"}, {"id": "622a08241ef01949d467c1d5", "name": "exchange-reserve-usd"}, {"id": "622a08241ef01949d467c1f3", "name": "exchange-inflow-total"}, {"id": "622a08241ef01949d467c22c", "name": "exchange-outflow-total"}, {"id": "622a08241ef01949d467c1e4", "name": "exchange-netflow-total"}, {"id": "622a08241ef01949d467c20f", "name": "exchange-inflow-mean"}, {"id": "622a08241ef01949d467c248", "name": "exchange-outflow-mean"}, {"id": "622a08241ef01949d467c201", "name": "exchange-inflow-top10"}, {"id": "622a08241ef01949d467c23a", "name": "exchange-outflow-top10"}, {"id": "622a08241ef01949d467c256", "name": "exchange-outflow-mean-ma7"}, {"id": "622a08241ef01949d467c21d", "name": "exchange-inflow-mean-ma7"}, {"id": "622a08241ef01949d467c265", "name": "exchange-depositing-transactions"}, {"id": "622a08241ef01949d467c273", "name": "exchange-withdrawing-transactions"}, {"id": "622a08251ef01949d467c282", "name": "exchange-depositing-addresses"}, {"id": "622a08251ef01949d467c290", "name": "exchange-withdrawing-addresses"}], "flow-indicator": [{"id": "625fb9e3a09f3d33d55edb54", "name": "exchange-supply-ratio"}], "market-data": [{"id": "61ca73d5def50741844a0dc3", "name": "price-volume"}], "addresses": [{"id": "620e25b32e920f5f0b2774f5", "name": "active-addresses"}, {"id": "620e25b82e920f5f0b2774f8", "name": "active-sending-addresses"}, {"id": "620e25bd2e920f5f0b2774fb", "name": "active-receiving-addresses"}], "supply": [{"id": "620e257f2e920f5f0b2774d0", "name": "total-supply"}, {"id": "620e25892e920f5f0b2774d7", "name": "velocity"}, {"id": "620e2f6dcdc76f4e17ed2256", "name": "minted-supply"}, {"id": "620e2f71cdc76f4e17ed2259", "name": "burned-supply"}], "transactions": [{"id": "620e25902e920f5f0b2774dc", "name": "transaction-count-total"}, {"id": "620e25942e920f5f0b2774df", "name": "transaction-count-mean"}, {"id": "620e259a2e920f5f0b2774e3", "name": "transfer-count-total"}, {"id": "620e259e2e920f5f0b2774e6", "name": "transfer-count-mean"}, {"id": "620e25a42e920f5f0b2774ea", "name": "tokens-transferred-total"}, {"id": "620e25a82e920f5f0b2774ed", "name": "tokens-transferred-mean"}, {"id": "620e25ad2e920f5f0b2774f0", "name": "tokens-transferred-median"}]}