{"exchange-flows": [{"id": "61adeb9e56f85872fa84f89f", "name": "exchange-reserve"}, {"id": "61adebab56f85872fa84f8a0", "name": "exchange-reserve-usd"}, {"id": "61adec4356f85872fa84f8a2", "name": "exchange-inflow-total"}, {"id": "61adec7a56f85872fa84f8a6", "name": "exchange-outflow-total"}, {"id": "61adebec56f85872fa84f8a1", "name": "exchange-netflow-total"}, {"id": "61adec5456f85872fa84f8a4", "name": "exchange-inflow-mean"}, {"id": "61adec8756f85872fa84f8a8", "name": "exchange-outflow-mean"}, {"id": "61adec4d56f85872fa84f8a3", "name": "exchange-inflow-top10"}, {"id": "61adec7f56f85872fa84f8a7", "name": "exchange-outflow-top10"}, {"id": "61adec5b56f85872fa84f8a5", "name": "exchange-inflow-mean-ma7"}, {"id": "61adec8e56f85872fa84f8a9", "name": "exchange-outflow-mean-ma7"}, {"id": "61adeca956f85872fa84f8aa", "name": "exchange-depositing-transactions"}, {"id": "61adecb256f85872fa84f8ab", "name": "exchange-withdrawing-transactions"}, {"id": "61adeccb56f85872fa84f8ac", "name": "exchange-depositing-addresses"}, {"id": "61adecd356f85872fa84f8ad", "name": "exchange-withdrawing-addresses"}], "flow-indicator": [{"id": "625fb835a09f3d33d55ed318", "name": "exchange-supply-ratio"}], "market-indicator": [{"id": "61aded7d56f85872fa84f8af", "name": "estimated-leverage-ratio"}], "derivatives": [{"id": "61adf4f856f85872fa84facb", "name": "open-interest"}, {"id": "61adf50f56f85872fa84facc", "name": "funding-rates"}, {"id": "61adf5b456f85872fa84fad2", "name": "long-liquidations"}, {"id": "61adf5ba56f85872fa84fad3", "name": "short-liquidations"}, {"id": "61adf5c756f85872fa84fad4", "name": "long-liquidations-usd"}, {"id": "61adf5ce56f85872fa84fad5", "name": "short-liquidations-usd"}, {"id": "61adf59856f85872fa84fad1", "name": "taker-buy-sell-ratio"}, {"id": "61adf58956f85872fa84facf", "name": "taker-buy-ratio"}, {"id": "61adf59056f85872fa84fad0", "name": "taker-sell-ratio"}, {"id": "61adf57256f85872fa84facd", "name": "taker-buy-volume"}, {"id": "61adf58156f85872fa84face", "name": "taker-sell-volume"}], "fund-data": [{"id": "61adf35856f85872fa84faa4", "name": "fund-market-premium"}, {"id": "61adf36656f85872fa84faa5", "name": "fund-holdings"}, {"id": "61adf34556f85872fa84faa3", "name": "fund-volume"}, {"id": "61adf32a56f85872fa84faa2", "name": "fund-price-usd"}], "market-data": [{"id": "61adf5f056f85872fa84fad7", "name": "coinbase-premium-index"}, {"id": "61adf5ea56f85872fa84fad6", "name": "coinbase-premium-gap"}, {"id": "61adf61a56f85872fa84fad8", "name": "korea-premium-index"}, {"id": "61bc51b1390ee207915d127c", "name": "price-volume"}, {"id": "628f50007873706f2e4c6b82", "name": "price-volume-krw"}], "eth2": [{"id": "61adf14456f85872fa84fa8e", "name": "total-value-staked"}, {"id": "61adf16856f85872fa84fa8f", "name": "staking-inflow-total"}, {"id": "61adf19156f85872fa84fa91", "name": "cumulative-txs-to-eth-20-contract"}, {"id": "61adf17c56f85872fa84fa90", "name": "number-of-eth-20-deposits"}, {"id": "61adf1a756f85872fa84fa92", "name": "number-of-unique-depositors"}, {"id": "61adf1b656f85872fa84fa93", "name": "new-depositors"}, {"id": "61adf1ce56f85872fa84fa94", "name": "eth-20-staking-rate-percent"}, {"id": "61adf1e456f85872fa84fa95", "name": "phase-0-success-rate-percent"}], "addresses": [{"id": "61adfa8e56f85872fa84fb98", "name": "active-addresses"}, {"id": "61adfa9656f85872fa84fb99", "name": "active-sending-addresses"}, {"id": "61adfa9c56f85872fa84fb9a", "name": "active-receiving-addresses"}, {"id": "61b97bbe52f1b35a8e2c73c2", "name": "number-of-contracts"}, {"id": "61b97bae52f1b35a8e2c73c0", "name": "new-contracts"}, {"id": "61b97bb852f1b35a8e2c73c1", "name": "destroyed-contracts"}, {"id": "61b97d1e52f1b35a8e2c73cd", "name": "active-addresses-internal-external-eoa"}, {"id": "61b97d2752f1b35a8e2c73ce", "name": "active-sending-addresses-internal-external-eoa"}, {"id": "61b97d2d52f1b35a8e2c73cf", "name": "active-receiving-addresses-internal-external-eoa"}], "fees-and-revenue": [{"id": "61adfb3956f85872fa84fba3", "name": "fees-burnt-total"}, {"id": "61adfb4f56f85872fa84fba4", "name": "fees-burnt-usd-total"}, {"id": "61adfba956f85872fa84fbab", "name": "fees-burnt-per-transaction-mean"}, {"id": "61adfbb056f85872fa84fbac", "name": "fees-burnt-per-transaction-usd-mean"}, {"id": "61adfbb656f85872fa84fbad", "name": "fees-burnt-per-transaction-median"}, {"id": "61adfbbc56f85872fa84fbae", "name": "fees-burnt-per-transaction-usd-median"}, {"id": "61adfb7f56f85872fa84fba7", "name": "fees-per-transaction-mean"}, {"id": "61adfb8656f85872fa84fba8", "name": "fees-per-transaction-usd-mean"}, {"id": "61adfb0a56f85872fa84fba0", "name": "fees-total"}, {"id": "61adfb8c56f85872fa84fba9", "name": "fees-per-transaction-median"}, {"id": "61adfb1156f85872fa84fba1", "name": "fees-usd-total"}, {"id": "61adfaf556f85872fa84fb9e", "name": "fees-per-block-mean"}, {"id": "61adfb9256f85872fa84fbaa", "name": "fees-per-transaction-usd-median"}, {"id": "61adfafe56f85872fa84fb9f", "name": "fees-per-block-usd-mean"}, {"id": "61adfb6156f85872fa84fba5", "name": "priority-fees-total"}, {"id": "61adfb6656f85872fa84fba6", "name": "priority-fees-usd-total"}, {"id": "61adfbcd56f85872fa84fbaf", "name": "priority-fees-per-transaction-mean"}, {"id": "61adfbd256f85872fa84fbb0", "name": "priority-fees-per-transaction-usd-mean"}, {"id": "61adfbd856f85872fa84fbb1", "name": "priority-fees-per-transaction-median"}, {"id": "61adfbdd56f85872fa84fbb2", "name": "priority-fees-per-transaction-usd-median"}, {"id": "61adfc2356f85872fa84fbb7", "name": "gas-used-total"}, {"id": "61adfc2f56f85872fa84fbb8", "name": "gas-used-mean"}, {"id": "61adfc3756f85872fa84fbb9", "name": "gas-price-mean"}, {"id": "61adfc3e56f85872fa84fbba", "name": "gas-limit-mean"}, {"id": "61adfc7856f85872fa84fbbb", "name": "base-fee-per-gas-mean"}, {"id": "61adfc8d56f85872fa84fbbc", "name": "max-fee-per-gas-mean"}, {"id": "61adfca056f85872fa84fbbd", "name": "max-priority-fee-per-gas-mean"}, {"id": "61adfb1956f85872fa84fba2", "name": "fees-to-reward-ratio"}, {"id": "61adfbef56f85872fa84fbb3", "name": "block-rewards"}, {"id": "61adfbf556f85872fa84fbb4", "name": "block-rewards-usd"}, {"id": "61adfc0656f85872fa84fbb5", "name": "block-rewards-except-uncle-blocks"}, {"id": "61adfc0e56f85872fa84fbb6", "name": "block-rewards-usd-except-uncle-blocks"}, {"id": "61adfce556f85872fa84fbc1", "name": "uncle-block-rewards"}, {"id": "61adfced56f85872fa84fbc2", "name": "uncle-block-rewards-usd"}], "network-stats": [{"id": "61adfac156f85872fa84fb9c", "name": "blocks-mined"}, {"id": "61adfaad56f85872fa84fb9b", "name": "block-size-mean"}, {"id": "61adfae156f85872fa84fb9d", "name": "block-interval-mean"}, {"id": "61adfcc356f85872fa84fbbf", "name": "hashrate"}, {"id": "61adfcb556f85872fa84fbbe", "name": "difficulty"}, {"id": "61adfcd456f85872fa84fbc0", "name": "uncle-blocks-mined"}], "supply": [{"id": "61adfa4d56f85872fa84fb94", "name": "total-supply"}, {"id": "61adfa5556f85872fa84fb95", "name": "new-supply"}, {"id": "61b97b9752f1b35a8e2c73bf", "name": "velocity"}], "transactions": [{"id": "61adfa6a56f85872fa84fb96", "name": "transaction-count-total"}, {"id": "61adfa7456f85872fa84fb97", "name": "transaction-count-mean"}, {"id": "61b97bd152f1b35a8e2c73c3", "name": "transactions-between-eoa-total"}, {"id": "61b97bd852f1b35a8e2c73c4", "name": "transactions-between-eoa-mean"}, {"id": "61b97cfb52f1b35a8e2c73cb", "name": "transaction-count-internal-external-eoa-total"}, {"id": "61b97d0152f1b35a8e2c73cc", "name": "transaction-count-internal-external-eoa-mean"}, {"id": "61b97d4352f1b35a8e2c73d0", "name": "transfer-count-total"}, {"id": "61b97d4a52f1b35a8e2c73d1", "name": "transfer-count-mean"}, {"id": "61b97d5b52f1b35a8e2c73d2", "name": "transfers-between-eoa-total"}, {"id": "61b97d6152f1b35a8e2c73d3", "name": "transfers-between-eoa-mean"}, {"id": "61b97f9652f1b35a8e2c73dd", "name": "transfer-count-internal-external-eoa-total"}, {"id": "61b97f9c52f1b35a8e2c73de", "name": "transfer-count-internal-external-eoa-mean"}, {"id": "61b97fb852f1b35a8e2c73df", "name": "tokens-transferred-total"}, {"id": "61b97fc052f1b35a8e2c73e0", "name": "tokens-transferred-mean"}, {"id": "61b97fc752f1b35a8e2c73e1", "name": "tokens-transferred-median"}, {"id": "61b97fcd52f1b35a8e2c73e2", "name": "tokens-transferred-usd-total"}, {"id": "61b97fd452f1b35a8e2c73e3", "name": "tokens-transferred-usd-mean"}, {"id": "61b97fdb52f1b35a8e2c73e4", "name": "tokens-transferred-usd-median"}, {"id": "61b97fee52f1b35a8e2c73e5", "name": "tokens-transferred-between-eoa-total"}, {"id": "61b97ff552f1b35a8e2c73e6", "name": "tokens-transferred-between-eoa-mean"}, {"id": "61b97ffb52f1b35a8e2c73e7", "name": "tokens-transferred-between-eoa-median"}, {"id": "61b9800152f1b35a8e2c73e8", "name": "tokens-transferred-between-eoa-usd-total"}, {"id": "61b9800852f1b35a8e2c73e9", "name": "tokens-transferred-between-eoa-usd-mean"}, {"id": "61b9800f52f1b35a8e2c73ea", "name": "tokens-transferred-between-eoa-usd-median"}, {"id": "61b9813052f1b35a8e2c7403", "name": "tokens-transferred-internal-external-eoa-total"}, {"id": "61b9813652f1b35a8e2c7404", "name": "tokens-transferred-internal-external-eoa-mean"}, {"id": "61b9813c52f1b35a8e2c7405", "name": "tokens-transferred-internal-external-eoa-median"}, {"id": "61b9814252f1b35a8e2c7406", "name": "tokens-transferred-usd-internal-external-eoa-total"}, {"id": "61b9814852f1b35a8e2c7407", "name": "tokens-transferred-usd-internal-external-eoa-mean"}, {"id": "61b9814d52f1b35a8e2c7408", "name": "tokens-transferred-usd-internal-external-eoa-median"}, {"id": "61b97cdc52f1b35a8e2c73c9", "name": "contract-calls-total"}, {"id": "61b97ce552f1b35a8e2c73ca", "name": "contract-calls-mean"}, {"id": "61b97f7e52f1b35a8e2c73db", "name": "transfers-by-contract-calls-total"}, {"id": "61b97f8452f1b35a8e2c73dc", "name": "transfers-by-contract-calls-mean"}, {"id": "61b982c852f1b35a8e2c740f", "name": "tokens-transferred-by-contract-calls-total"}, {"id": "61b982ce52f1b35a8e2c7410", "name": "tokens-transferred-by-contract-calls-mean"}, {"id": "61b982d352f1b35a8e2c7411", "name": "tokens-transferred-by-contract-calls-median"}, {"id": "61b982da52f1b35a8e2c7412", "name": "tokens-transferred-by-contract-calls-usd-total"}, {"id": "61b982e452f1b35a8e2c7413", "name": "tokens-transferred-by-contract-calls-usd-mean"}, {"id": "61b982ea52f1b35a8e2c7414", "name": "tokens-transferred-by-contract-calls-usd-median"}, {"id": "61b97ca452f1b35a8e2c73c5", "name": "external-contract-calls-total"}, {"id": "61b97cab52f1b35a8e2c73c6", "name": "external-contract-calls-mean"}, {"id": "61b97f5652f1b35a8e2c73d8", "name": "transfers-by-external-contract-calls-total"}, {"id": "61b97f5c52f1b35a8e2c73d9", "name": "transfers-by-external-contract-calls-mean"}, {"id": "61b980cb52f1b35a8e2c73f7", "name": "tokens-transferred-by-external-contract-calls-total"}, {"id": "61b980d252f1b35a8e2c73f8", "name": "tokens-transferred-by-external-contract-calls-mean"}, {"id": "61b980d752f1b35a8e2c73f9", "name": "tokens-transferred-by-external-contract-calls-median"}, {"id": "61b980dd52f1b35a8e2c73fa", "name": "tokens-transferred-by-external-contract-calls-usd-total"}, {"id": "61b980e352f1b35a8e2c73fb", "name": "tokens-transferred-by-external-contract-calls-usd-mean"}, {"id": "61b980e852f1b35a8e2c73fc", "name": "tokens-transferred-by-external-contract-calls-usd-median"}, {"id": "61b97cbc52f1b35a8e2c73c7", "name": "internal-contract-calls-total"}, {"id": "61b97cc452f1b35a8e2c73c8", "name": "internal-contract-calls-mean"}, {"id": "61b97f6d52f1b35a8e2c73da", "name": "transfers-by-internal-contract-calls-total"}, {"id": "61b9888352f1b35a8e2c7461", "name": "transfers-by-internal-contract-calls-mean"}, {"id": "61b980fb52f1b35a8e2c73fd", "name": "tokens-transferred-by-internal-contract-calls-total"}, {"id": "61b9810152f1b35a8e2c73fe", "name": "tokens-transferred-by-internal-contract-calls-mean"}, {"id": "61b9810652f1b35a8e2c73ff", "name": "tokens-transferred-by-internal-contract-calls-median"}, {"id": "61b9810f52f1b35a8e2c7400", "name": "tokens-transferred-by-internal-contract-calls-usd-total"}, {"id": "61b9811552f1b35a8e2c7401", "name": "tokens-transferred-by-internal-contract-calls-usd-mean"}, {"id": "61b9811a52f1b35a8e2c7402", "name": "tokens-transferred-by-internal-contract-calls-usd-median"}, {"id": "61b985cc52f1b35a8e2c741e", "name": "failed-transaction-count-total"}, {"id": "61b9833852f1b35a8e2c741b", "name": "failed-transfer-count-total"}]}