[{"metric_id": "61adeb9e56f85872fa84f89f", "metric_full_name": "ETH_exchange-reserve", "chart_id": "61adee8256f85872fa84f8c1", "chart_name": "Ethereum - Exchange Reserve - All Exchanges"}, {"metric_id": "61adebab56f85872fa84f8a0", "metric_full_name": "ETH_exchange-reserve-usd", "chart_id": "61adee9656f85872fa84f8de", "chart_name": "Ethereum - Exchange Reserve USD - All Exchanges"}, {"metric_id": "61adec4356f85872fa84f8a2", "metric_full_name": "ETH_exchange-inflow-total", "chart_id": "61adef4156f85872fa84f91b", "chart_name": "Ethereum - Exchange Inflow (Total) - All Exchanges"}, {"metric_id": "61adec7a56f85872fa84f8a6", "metric_full_name": "ETH_exchange-outflow-total", "chart_id": "61adef5756f85872fa84f99f", "chart_name": "Ethereum - Exchange Outflow (Total) - All Exchanges"}, {"metric_id": "61adebec56f85872fa84f8a1", "metric_full_name": "ETH_exchange-netflow-total", "chart_id": "61adef2a56f85872fa84f8fc", "chart_name": "Ethereum - Exchange Netflow (Total) - All Exchanges"}, {"metric_id": "61adec5456f85872fa84f8a4", "metric_full_name": "ETH_exchange-inflow-mean", "chart_id": "61adef4856f85872fa84f957", "chart_name": "Ethereum - Exchange Inflow (Mean) - All Exchanges"}, {"metric_id": "61adec8756f85872fa84f8a8", "metric_full_name": "ETH_exchange-outflow-mean", "chart_id": "61adef5c56f85872fa84f9ce", "chart_name": "Ethereum - Exchange Outflow (Mean) - All Exchanges"}, {"metric_id": "61adec4d56f85872fa84f8a3", "metric_full_name": "ETH_exchange-inflow-top10", "chart_id": "61adef4456f85872fa84f939", "chart_name": "Ethereum - Exchange Inflow (Top10) - All Exchanges"}, {"metric_id": "61adec7f56f85872fa84f8a7", "metric_full_name": "ETH_exchange-outflow-top10", "chart_id": "61adef5a56f85872fa84f9b0", "chart_name": "Ethereum - Exchange Outflow (Top10) - All Exchanges"}, {"metric_id": "61adec5b56f85872fa84f8a5", "metric_full_name": "ETH_exchange-inflow-mean-ma7", "chart_id": "61adef4b56f85872fa84f975", "chart_name": "Ethereum - Exchange Inflow (Mean, MA7) - All Exchanges"}, {"metric_id": "61adec8e56f85872fa84f8a9", "metric_full_name": "ETH_exchange-outflow-mean-ma7", "chart_id": "61adef5f56f85872fa84f9ec", "chart_name": "Ethereum - Exchange Outflow (Mean, MA7) - All Exchanges"}, {"metric_id": "61adeca956f85872fa84f8aa", "metric_full_name": "ETH_exchange-depositing-transactions", "chart_id": "61adef6d56f85872fa84fa0a", "chart_name": "Ethereum - Exchange Depositing Transactions - All Exchanges"}, {"metric_id": "61adecb256f85872fa84f8ab", "metric_full_name": "ETH_exchange-withdrawing-transactions", "chart_id": "61adef7056f85872fa84fa28", "chart_name": "Ethereum - Exchange Withdrawing Transactions - All Exchanges"}, {"metric_id": "61adeccb56f85872fa84f8ac", "metric_full_name": "ETH_exchange-depositing-addresses", "chart_id": "61adef7e56f85872fa84fa4b", "chart_name": "Ethereum - Exchange Depositing Addresses - All Exchanges"}, {"metric_id": "61adecd356f85872fa84f8ad", "metric_full_name": "ETH_exchange-withdrawing-addresses", "chart_id": "61adef8056f85872fa84fa69", "chart_name": "Ethereum - Exchange Withdrawing Addresses - All Exchanges"}, {"metric_id": "625fb835a09f3d33d55ed318", "metric_full_name": "ETH_exchange-supply-ratio", "chart_id": "625fb841a09f3d33d55ed355", "chart_name": "Ethereum - Exchange Supply Ratio - All Exchanges"}, {"metric_id": "61aded7d56f85872fa84f8af", "metric_full_name": "ETH_estimated-leverage-ratio", "chart_id": "61adf00856f85872fa84fa85", "chart_name": "Ethereum - Estimated Leverage Ratio - All Exchanges"}, {"metric_id": "61adf4f856f85872fa84facb", "metric_full_name": "ETH_open-interest", "chart_id": "61adf6e056f85872fa84fadb", "chart_name": "Ethereum - Open Interest - All Exchanges, All Symbol"}, {"metric_id": "61adf50f56f85872fa84facc", "metric_full_name": "ETH_funding-rates", "chart_id": "61adf6e356f85872fa84fafa", "chart_name": "Ethereum - Funding Rates - All Exchanges"}, {"metric_id": "61adf5b456f85872fa84fad2", "metric_full_name": "ETH_long-liquidations", "chart_id": "61adf6f656f85872fa84fb1f", "chart_name": "Ethereum - Long Liquidations - All Exchanges, All Symbol"}, {"metric_id": "61adf5ba56f85872fa84fad3", "metric_full_name": "ETH_short-liquidations", "chart_id": "61adf6f956f85872fa84fb2f", "chart_name": "Ethereum - Short Liquidations - All Exchanges, All Symbol"}, {"metric_id": "61adf5c756f85872fa84fad4", "metric_full_name": "ETH_long-liquidations-usd", "chart_id": "61adf6fb56f85872fa84fb3f", "chart_name": "Ethereum - Long Liquidations USD - All Exchanges, All Symbol"}, {"metric_id": "61adf5ce56f85872fa84fad5", "metric_full_name": "ETH_short-liquidations-usd", "chart_id": "61adf6ff56f85872fa84fb4f", "chart_name": "Ethereum - Short Liquidations USD - All Exchanges, All Symbol"}, {"metric_id": "61adf59856f85872fa84fad1", "metric_full_name": "ETH_taker-buy-sell-ratio", "chart_id": "61adf6f256f85872fa84fb1d", "chart_name": "Ethereum - Taker Buy Sell Ratio - All Exchanges"}, {"metric_id": "61adf58956f85872fa84facf", "metric_full_name": "ETH_taker-buy-ratio", "chart_id": "61adf6ec56f85872fa84fb0f", "chart_name": "Ethereum - Taker Buy Ratio - All Exchanges"}, {"metric_id": "61adf59056f85872fa84fad0", "metric_full_name": "ETH_taker-sell-ratio", "chart_id": "61adf6ef56f85872fa84fb16", "chart_name": "Ethereum - Taker Sell Ratio - All Exchanges"}, {"metric_id": "61adf57256f85872fa84facd", "metric_full_name": "ETH_taker-buy-volume", "chart_id": "61adf6e656f85872fa84fb01", "chart_name": "Ethereum - Taker Buy Volume - All Exchanges"}, {"metric_id": "61adf58156f85872fa84face", "metric_full_name": "ETH_taker-sell-volume", "chart_id": "61adf6e956f85872fa84fb08", "chart_name": "Ethereum - Taker Sell Volume - All Exchanges"}, {"metric_id": "61adf35856f85872fa84faa4", "metric_full_name": "ETH_fund-market-premium", "chart_id": "61adf38656f85872fa84fabc", "chart_name": "Ethereum - Fund Market Premium - All Symbol"}, {"metric_id": "61adf36656f85872fa84faa5", "metric_full_name": "ETH_fund-holdings", "chart_id": "61adf38456f85872fa84fab7", "chart_name": "Ethereum - Fund Holdings - All Symbol"}, {"metric_id": "61adf34556f85872fa84faa3", "metric_full_name": "ETH_fund-volume", "chart_id": "61adf38156f85872fa84fab2", "chart_name": "Ethereum - Fund Volume - All Symbol"}, {"metric_id": "61adf32a56f85872fa84faa2", "metric_full_name": "ETH_fund-price-usd", "chart_id": "61adf37e56f85872fa84faaa", "chart_name": "Ethereum - Fund Price (USD) - ETHE"}, {"metric_id": "61adf5f056f85872fa84fad7", "metric_full_name": "ETH_coinbase-premium-index", "chart_id": "61adf70856f85872fa84fb60", "chart_name": "Ethereum - Coinbase Premium Index"}, {"metric_id": "61adf5ea56f85872fa84fad6", "metric_full_name": "ETH_coinbase-premium-gap", "chart_id": "61adf70456f85872fa84fb5f", "chart_name": "Ethereum - Coinbase Premium Gap"}, {"metric_id": "61adf61a56f85872fa84fad8", "metric_full_name": "ETH_korea-premium-index", "chart_id": "61adf70b56f85872fa84fb61", "chart_name": "Ethereum - Korea Premium Index"}, {"metric_id": "61bc51b1390ee207915d127c", "metric_full_name": "ETH_price-volume", "chart_id": "61bc5292390ee207915d127f", "chart_name": "Ethereum - Price & Volume - Spot, All Exchanges, ETH-USD"}, {"metric_id": "628f50007873706f2e4c6b82", "metric_full_name": "ETH_price-volume-krw", "chart_id": "628f500b7873706f2e4c6b83", "chart_name": "Ethereum - Price & Volume KRW - Spot"}, {"metric_id": "61adf14456f85872fa84fa8e", "metric_full_name": "ETH_total-value-staked", "chart_id": "61adf26d56f85872fa84fa96", "chart_name": "Ethereum - Total Value Staked"}, {"metric_id": "61adf16856f85872fa84fa8f", "metric_full_name": "ETH_staking-inflow-total", "chart_id": "61adf27056f85872fa84fa97", "chart_name": "Ethereum - Staking Inflow Total"}, {"metric_id": "61adf19156f85872fa84fa91", "metric_full_name": "ETH_cumulative-txs-to-eth-20-contract", "chart_id": "61adf27656f85872fa84fa99", "chart_name": "Ethereum - Cumulative TXs to ETH 2.0 Contract"}, {"metric_id": "61adf17c56f85872fa84fa90", "metric_full_name": "ETH_number-of-eth-20-deposits", "chart_id": "61adf27356f85872fa84fa98", "chart_name": "Ethereum - Number of ETH 2.0 Deposits"}, {"metric_id": "61adf1a756f85872fa84fa92", "metric_full_name": "ETH_number-of-unique-depositors", "chart_id": "61adf27a56f85872fa84fa9a", "chart_name": "Ethereum - Number of Unique Depositors"}, {"metric_id": "61adf1b656f85872fa84fa93", "metric_full_name": "ETH_new-depositors", "chart_id": "61adf27c56f85872fa84fa9b", "chart_name": "Ethereum - New Depositors"}, {"metric_id": "61adf1ce56f85872fa84fa94", "metric_full_name": "ETH_eth-20-staking-rate-percent", "chart_id": "61adf27f56f85872fa84fa9c", "chart_name": "Ethereum - ETH 2.0 Staking Rate (%)"}, {"metric_id": "61adf1e456f85872fa84fa95", "metric_full_name": "ETH_phase-0-success-rate-percent", "chart_id": "61adf28356f85872fa84fa9d", "chart_name": "Ethereum - Phase 0 Success Rate (%)"}, {"metric_id": "61adfa8e56f85872fa84fb98", "metric_full_name": "ETH_active-addresses", "chart_id": "61adfd3e56f85872fa84fbc7", "chart_name": "Ethereum - Active Addresses"}, {"metric_id": "61adfa9656f85872fa84fb99", "metric_full_name": "ETH_active-sending-addresses", "chart_id": "61adfd4156f85872fa84fbc8", "chart_name": "Ethereum - Active Sending Addresses"}, {"metric_id": "61adfa9c56f85872fa84fb9a", "metric_full_name": "ETH_active-receiving-addresses", "chart_id": "61adfd4456f85872fa84fbc9", "chart_name": "Ethereum - Active Receiving Addresses"}, {"metric_id": "61b97bbe52f1b35a8e2c73c2", "metric_full_name": "ETH_number-of-contracts", "chart_id": "61b9861652f1b35a8e2c7422", "chart_name": "Ethereum - Number of Contracts"}, {"metric_id": "61b97bae52f1b35a8e2c73c0", "metric_full_name": "ETH_new-contracts", "chart_id": "61b9861052f1b35a8e2c7420", "chart_name": "Ethereum - New Contracts"}, {"metric_id": "61b97bb852f1b35a8e2c73c1", "metric_full_name": "ETH_destroyed-contracts", "chart_id": "61b9861352f1b35a8e2c7421", "chart_name": "Ethereum - Destroyed Contracts"}, {"metric_id": "61b97d1e52f1b35a8e2c73cd", "metric_full_name": "ETH_active-addresses-internal-external-eoa", "chart_id": "61b9863952f1b35a8e2c742d", "chart_name": "Ethereum - Active Addresses - Internal, External, EOA"}, {"metric_id": "61b97d2752f1b35a8e2c73ce", "metric_full_name": "ETH_active-sending-addresses-internal-external-eoa", "chart_id": "61b9863c52f1b35a8e2c742e", "chart_name": "Ethereum - Active Sending Addresses - Internal, External, EOA"}, {"metric_id": "61b97d2d52f1b35a8e2c73cf", "metric_full_name": "ETH_active-receiving-addresses-internal-external-eoa", "chart_id": "61b9863f52f1b35a8e2c742f", "chart_name": "Ethereum - Active Receiving Addresses - Internal, External, EOA"}, {"metric_id": "61adfb3956f85872fa84fba3", "metric_full_name": "ETH_fees-burnt-total", "chart_id": "61adfd6456f85872fa84fbd2", "chart_name": "Ethereum - Fees Burnt (Total)"}, {"metric_id": "61adfb4f56f85872fa84fba4", "metric_full_name": "ETH_fees-burnt-usd-total", "chart_id": "61adfd6756f85872fa84fbd3", "chart_name": "Ethereum - Fees Burnt USD (Total)"}, {"metric_id": "61adfba956f85872fa84fbab", "metric_full_name": "ETH_fees-burnt-per-transaction-mean", "chart_id": "61adfd7e56f85872fa84fbda", "chart_name": "Ethereum - Fees Burnt per Transaction (Mean)"}, {"metric_id": "61adfbb056f85872fa84fbac", "metric_full_name": "ETH_fees-burnt-per-transaction-usd-mean", "chart_id": "61adfd8156f85872fa84fbdb", "chart_name": "Ethereum - Fees Burnt per Transaction USD (Mean)"}, {"metric_id": "61adfbb656f85872fa84fbad", "metric_full_name": "ETH_fees-burnt-per-transaction-median", "chart_id": "61adfd8556f85872fa84fbdc", "chart_name": "Ethereum - Fees Burnt per Transaction (Median)"}, {"metric_id": "61adfbbc56f85872fa84fbae", "metric_full_name": "ETH_fees-burnt-per-transaction-usd-median", "chart_id": "61adfd8756f85872fa84fbdd", "chart_name": "Ethereum - Fees Burnt per Transaction USD (Median)"}, {"metric_id": "61adfb7f56f85872fa84fba7", "metric_full_name": "ETH_fees-per-transaction-mean", "chart_id": "61adfd7056f85872fa84fbd6", "chart_name": "Ethereum - Fees per Transaction (Mean)"}, {"metric_id": "61adfb8656f85872fa84fba8", "metric_full_name": "ETH_fees-per-transaction-usd-mean", "chart_id": "61adfd7556f85872fa84fbd7", "chart_name": "Ethereum - Fees per Transaction USD (Mean)"}, {"metric_id": "61adfb0a56f85872fa84fba0", "metric_full_name": "ETH_fees-total", "chart_id": "61adfd5856f85872fa84fbcf", "chart_name": "Ethereum - Fees (Total)"}, {"metric_id": "61adfb8c56f85872fa84fba9", "metric_full_name": "ETH_fees-per-transaction-median", "chart_id": "61adfd7856f85872fa84fbd8", "chart_name": "Ethereum - Fees per Transaction (Median)"}, {"metric_id": "61adfb1156f85872fa84fba1", "metric_full_name": "ETH_fees-usd-total", "chart_id": "61adfd5c56f85872fa84fbd0", "chart_name": "Ethereum - Fees USD (Total)"}, {"metric_id": "61adfaf556f85872fa84fb9e", "metric_full_name": "ETH_fees-per-block-mean", "chart_id": "61adfd5256f85872fa84fbcd", "chart_name": "Ethereum - Fees per Block (Mean)"}, {"metric_id": "61adfb9256f85872fa84fbaa", "metric_full_name": "ETH_fees-per-transaction-usd-median", "chart_id": "61adfd7a56f85872fa84fbd9", "chart_name": "Ethereum - Fees per Transaction USD (Median)"}, {"metric_id": "61adfafe56f85872fa84fb9f", "metric_full_name": "ETH_fees-per-block-usd-mean", "chart_id": "61adfd5556f85872fa84fbce", "chart_name": "Ethereum - Fees per Block USD (Mean)"}, {"metric_id": "61adfb6156f85872fa84fba5", "metric_full_name": "ETH_priority-fees-total", "chart_id": "61adfd6a56f85872fa84fbd4", "chart_name": "Ethereum - Priority Fees (Total)"}, {"metric_id": "61adfb6656f85872fa84fba6", "metric_full_name": "ETH_priority-fees-usd-total", "chart_id": "61adfd6d56f85872fa84fbd5", "chart_name": "Ethereum - Priority Fees USD (Total)"}, {"metric_id": "61adfbcd56f85872fa84fbaf", "metric_full_name": "ETH_priority-fees-per-transaction-mean", "chart_id": "61adfd8a56f85872fa84fbde", "chart_name": "Ethereum - Priority Fees per Transaction (Mean)"}, {"metric_id": "61adfbd256f85872fa84fbb0", "metric_full_name": "ETH_priority-fees-per-transaction-usd-mean", "chart_id": "61adfd8e56f85872fa84fbdf", "chart_name": "Ethereum - Priority Fees per Transaction USD (Mean)"}, {"metric_id": "61adfbd856f85872fa84fbb1", "metric_full_name": "ETH_priority-fees-per-transaction-median", "chart_id": "61adfd9156f85872fa84fbe0", "chart_name": "Ethereum - Priority Fees per Transaction (Median)"}, {"metric_id": "61adfbdd56f85872fa84fbb2", "metric_full_name": "ETH_priority-fees-per-transaction-usd-median", "chart_id": "61adfd9456f85872fa84fbe1", "chart_name": "Ethereum - Priority Fees per Transaction USD (Median)"}, {"metric_id": "61adfc2356f85872fa84fbb7", "metric_full_name": "ETH_gas-used-total", "chart_id": "61adfda356f85872fa84fbe6", "chart_name": "Ethereum - Gas Used (Total)"}, {"metric_id": "61adfc2f56f85872fa84fbb8", "metric_full_name": "ETH_gas-used-mean", "chart_id": "61adfda756f85872fa84fbe7", "chart_name": "Ethereum - Gas Used (Mean)"}, {"metric_id": "61adfc3756f85872fa84fbb9", "metric_full_name": "ETH_gas-price-mean", "chart_id": "61adfdaa56f85872fa84fbe8", "chart_name": "Ethereum - Gas Price (Mean)"}, {"metric_id": "61adfc3e56f85872fa84fbba", "metric_full_name": "ETH_gas-limit-mean", "chart_id": "61adfdae56f85872fa84fbe9", "chart_name": "Ethereum - Gas Limit (Mean)"}, {"metric_id": "61adfc7856f85872fa84fbbb", "metric_full_name": "ETH_base-fee-per-gas-mean", "chart_id": "61adfdb056f85872fa84fbea", "chart_name": "Ethereum - Base Fee per Gas (Mean)"}, {"metric_id": "61adfc8d56f85872fa84fbbc", "metric_full_name": "ETH_max-fee-per-gas-mean", "chart_id": "61adfdb356f85872fa84fbeb", "chart_name": "Ethereum - Max Fee per Gas (Mean)"}, {"metric_id": "61adfca056f85872fa84fbbd", "metric_full_name": "ETH_max-priority-fee-per-gas-mean", "chart_id": "61adfdb656f85872fa84fbec", "chart_name": "Ethereum - Max Priority Fee per Gas (Mean)"}, {"metric_id": "61adfb1956f85872fa84fba2", "metric_full_name": "ETH_fees-to-reward-ratio", "chart_id": "61adfd6056f85872fa84fbd1", "chart_name": "Ethereum - Fees to Reward Ratio"}, {"metric_id": "61adfbef56f85872fa84fbb3", "metric_full_name": "ETH_block-rewards", "chart_id": "61adfd9756f85872fa84fbe2", "chart_name": "Ethereum - Block Rewards"}, {"metric_id": "61adfbf556f85872fa84fbb4", "metric_full_name": "ETH_block-rewards-usd", "chart_id": "61adfd9a56f85872fa84fbe3", "chart_name": "Ethereum - Block Rewards USD"}, {"metric_id": "61adfc0656f85872fa84fbb5", "metric_full_name": "ETH_block-rewards-except-uncle-blocks", "chart_id": "61adfd9d56f85872fa84fbe4", "chart_name": "Ethereum - Block Rewards (Except Uncle Blocks)"}, {"metric_id": "61adfc0e56f85872fa84fbb6", "metric_full_name": "ETH_block-rewards-usd-except-uncle-blocks", "chart_id": "61adfda056f85872fa84fbe5", "chart_name": "Ethereum - Block Rewards USD (Except Uncle Blocks)"}, {"metric_id": "61adfce556f85872fa84fbc1", "metric_full_name": "ETH_uncle-block-rewards", "chart_id": "61adfdc556f85872fa84fbf0", "chart_name": "Ethereum - Uncle Block Rewards"}, {"metric_id": "61adfced56f85872fa84fbc2", "metric_full_name": "ETH_uncle-block-rewards-usd", "chart_id": "61adfdc856f85872fa84fbf1", "chart_name": "Ethereum - Uncle Block Rewards USD"}, {"metric_id": "61adfac156f85872fa84fb9c", "metric_full_name": "ETH_blocks-mined", "chart_id": "61adfd4b56f85872fa84fbcb", "chart_name": "Ethereum - Blocks Mined"}, {"metric_id": "61adfaad56f85872fa84fb9b", "metric_full_name": "ETH_block-size-mean", "chart_id": "61adfd4756f85872fa84fbca", "chart_name": "Ethereum - Block Size (Mean)"}, {"metric_id": "61adfae156f85872fa84fb9d", "metric_full_name": "ETH_block-interval-mean", "chart_id": "61adfd4f56f85872fa84fbcc", "chart_name": "Ethereum - Block Interval (Mean)"}, {"metric_id": "61adfcc356f85872fa84fbbf", "metric_full_name": "ETH_hashrate", "chart_id": "61adfdbe56f85872fa84fbee", "chart_name": "Ethereum - Hashrate"}, {"metric_id": "61adfcb556f85872fa84fbbe", "metric_full_name": "ETH_difficulty", "chart_id": "61adfdbb56f85872fa84fbed", "chart_name": "Ethereum - Difficulty"}, {"metric_id": "61adfcd456f85872fa84fbc0", "metric_full_name": "ETH_uncle-blocks-mined", "chart_id": "61adfdc256f85872fa84fbef", "chart_name": "Ethereum - Uncle Blocks Mined"}, {"metric_id": "61adfa4d56f85872fa84fb94", "metric_full_name": "ETH_total-supply", "chart_id": "61adfd2c56f85872fa84fbc3", "chart_name": "Ethereum - Total Supply"}, {"metric_id": "61adfa5556f85872fa84fb95", "metric_full_name": "ETH_new-supply", "chart_id": "61adfd3556f85872fa84fbc4", "chart_name": "Ethereum - New Supply"}, {"metric_id": "61b97b9752f1b35a8e2c73bf", "metric_full_name": "ETH_velocity", "chart_id": "61b9860c52f1b35a8e2c741f", "chart_name": "Ethereum - Velocity"}, {"metric_id": "61adfa6a56f85872fa84fb96", "metric_full_name": "ETH_transaction-count-total", "chart_id": "61adfd3856f85872fa84fbc5", "chart_name": "Ethereum - Transaction Count (Total)"}, {"metric_id": "61adfa7456f85872fa84fb97", "metric_full_name": "ETH_transaction-count-mean", "chart_id": "61adfd3b56f85872fa84fbc6", "chart_name": "Ethereum - Transaction Count (Mean)"}, {"metric_id": "61b97bd152f1b35a8e2c73c3", "metric_full_name": "ETH_transactions-between-eoa-total", "chart_id": "61b9861952f1b35a8e2c7423", "chart_name": "Ethereum - Transactions Between EOA (Total)"}, {"metric_id": "61b97bd852f1b35a8e2c73c4", "metric_full_name": "ETH_transactions-between-eoa-mean", "chart_id": "61b9861c52f1b35a8e2c7424", "chart_name": "Ethereum - Transactions Between EOA (Mean)"}, {"metric_id": "61b97cfb52f1b35a8e2c73cb", "metric_full_name": "ETH_transaction-count-internal-external-eoa-total", "chart_id": "61b9863252f1b35a8e2c742b", "chart_name": "Ethereum - Transaction Count - Internal, External, EOA (Total)"}, {"metric_id": "61b97d0152f1b35a8e2c73cc", "metric_full_name": "ETH_transaction-count-internal-external-eoa-mean", "chart_id": "61b9863552f1b35a8e2c742c", "chart_name": "Ethereum - Transaction Count - Internal, External, EOA (Mean)"}, {"metric_id": "61b97d4352f1b35a8e2c73d0", "metric_full_name": "ETH_transfer-count-total", "chart_id": "61b9864252f1b35a8e2c7430", "chart_name": "Ethereum - Transfer Count (Total)"}, {"metric_id": "61b97d4a52f1b35a8e2c73d1", "metric_full_name": "ETH_transfer-count-mean", "chart_id": "61b9864552f1b35a8e2c7431", "chart_name": "Ethereum - Transfer Count (Mean)"}, {"metric_id": "61b97d5b52f1b35a8e2c73d2", "metric_full_name": "ETH_transfers-between-eoa-total", "chart_id": "61b9864a52f1b35a8e2c7432", "chart_name": "Ethereum - Transfers Between EOA (Total)"}, {"metric_id": "61b97d6152f1b35a8e2c73d3", "metric_full_name": "ETH_transfers-between-eoa-mean", "chart_id": "61b9864d52f1b35a8e2c7433", "chart_name": "Ethereum - Transfers Between EOA (Mean)"}, {"metric_id": "61b97f9652f1b35a8e2c73dd", "metric_full_name": "ETH_transfer-count-internal-external-eoa-total", "chart_id": "61b9865f52f1b35a8e2c7439", "chart_name": "Ethereum - Transfer Count - Internal, External, EOA (Total)"}, {"metric_id": "61b97f9c52f1b35a8e2c73de", "metric_full_name": "ETH_transfer-count-internal-external-eoa-mean", "chart_id": "61b9866252f1b35a8e2c743a", "chart_name": "Ethereum - Transfer Count - Internal, External, EOA (Mean)"}, {"metric_id": "61b97fb852f1b35a8e2c73df", "metric_full_name": "ETH_tokens-transferred-total", "chart_id": "61b9866552f1b35a8e2c743b", "chart_name": "Ethereum - Tokens Transferred (Total)"}, {"metric_id": "61b97fc052f1b35a8e2c73e0", "metric_full_name": "ETH_tokens-transferred-mean", "chart_id": "61b9866952f1b35a8e2c743c", "chart_name": "Ethereum - Tokens Transferred (Mean)"}, {"metric_id": "61b97fc752f1b35a8e2c73e1", "metric_full_name": "ETH_tokens-transferred-median", "chart_id": "61b9866c52f1b35a8e2c743d", "chart_name": "Ethereum - Tokens Transferred (Median)"}, {"metric_id": "61b97fcd52f1b35a8e2c73e2", "metric_full_name": "ETH_tokens-transferred-usd-total", "chart_id": "61b9866f52f1b35a8e2c743e", "chart_name": "Ethereum - Tokens Transferred USD (Total)"}, {"metric_id": "61b97fd452f1b35a8e2c73e3", "metric_full_name": "ETH_tokens-transferred-usd-mean", "chart_id": "61b9867252f1b35a8e2c743f", "chart_name": "Ethereum - Tokens Transferred USD (Mean)"}, {"metric_id": "61b97fdb52f1b35a8e2c73e4", "metric_full_name": "ETH_tokens-transferred-usd-median", "chart_id": "61b9867552f1b35a8e2c7440", "chart_name": "Ethereum - Tokens Transferred USD (Median)"}, {"metric_id": "61b97fee52f1b35a8e2c73e5", "metric_full_name": "ETH_tokens-transferred-between-eoa-total", "chart_id": "61b9867752f1b35a8e2c7441", "chart_name": "Ethereum - Tokens Transferred Between EOA (Total)"}, {"metric_id": "61b97ff552f1b35a8e2c73e6", "metric_full_name": "ETH_tokens-transferred-between-eoa-mean", "chart_id": "61b9868252f1b35a8e2c7442", "chart_name": "Ethereum - Tokens Transferred Between EOA (Mean)"}, {"metric_id": "61b97ffb52f1b35a8e2c73e7", "metric_full_name": "ETH_tokens-transferred-between-eoa-median", "chart_id": "61b9868852f1b35a8e2c7443", "chart_name": "Ethereum - Tokens Transferred Between EOA (Median)"}, {"metric_id": "61b9800152f1b35a8e2c73e8", "metric_full_name": "ETH_tokens-transferred-between-eoa-usd-total", "chart_id": "61b9868a52f1b35a8e2c7444", "chart_name": "Ethereum - Tokens Transferred Between EOA USD (Total)"}, {"metric_id": "61b9800852f1b35a8e2c73e9", "metric_full_name": "ETH_tokens-transferred-between-eoa-usd-mean", "chart_id": "61b9869252f1b35a8e2c7445", "chart_name": "Ethereum - Tokens Transferred Between EOA USD (Mean)"}, {"metric_id": "61b9800f52f1b35a8e2c73ea", "metric_full_name": "ETH_tokens-transferred-between-eoa-usd-median", "chart_id": "61b9869552f1b35a8e2c7446", "chart_name": "Ethereum - Tokens Transferred Between EOA USD (Median)"}, {"metric_id": "61b9813052f1b35a8e2c7403", "metric_full_name": "ETH_tokens-transferred-internal-external-eoa-total", "chart_id": "61b986be52f1b35a8e2c7453", "chart_name": "Ethereum - Tokens Transferred - Internal, External, EOA (Total)"}, {"metric_id": "61b9813652f1b35a8e2c7404", "metric_full_name": "ETH_tokens-transferred-internal-external-eoa-mean", "chart_id": "61b986c152f1b35a8e2c7454", "chart_name": "Ethereum - Tokens Transferred - Internal, External, EOA (Mean)"}, {"metric_id": "61b9813c52f1b35a8e2c7405", "metric_full_name": "ETH_tokens-transferred-internal-external-eoa-median", "chart_id": "61b986c552f1b35a8e2c7455", "chart_name": "Ethereum - Tokens Transferred - Internal, External, EOA (Median)"}, {"metric_id": "61b9814252f1b35a8e2c7406", "metric_full_name": "ETH_tokens-transferred-usd-internal-external-eoa-total", "chart_id": "61b986c752f1b35a8e2c7456", "chart_name": "Ethereum - Tokens Transferred USD - Internal, External, EOA (Total)"}, {"metric_id": "61b9814852f1b35a8e2c7407", "metric_full_name": "ETH_tokens-transferred-usd-internal-external-eoa-mean", "chart_id": "61b986ca52f1b35a8e2c7457", "chart_name": "Ethereum - Tokens Transferred USD - Internal, External, EOA (Mean)"}, {"metric_id": "61b9814d52f1b35a8e2c7408", "metric_full_name": "ETH_tokens-transferred-usd-internal-external-eoa-median", "chart_id": "61b986ce52f1b35a8e2c7458", "chart_name": "Ethereum - Tokens Transferred USD - Internal, External, EOA (Median)"}, {"metric_id": "61b97cdc52f1b35a8e2c73c9", "metric_full_name": "ETH_contract-calls-total", "chart_id": "61b9862b52f1b35a8e2c7429", "chart_name": "Ethereum - Contract Calls (Total)"}, {"metric_id": "61b97ce552f1b35a8e2c73ca", "metric_full_name": "ETH_contract-calls-mean", "chart_id": "61b9862f52f1b35a8e2c742a", "chart_name": "Ethereum - Contract Calls (Mean)"}, {"metric_id": "61b97f7e52f1b35a8e2c73db", "metric_full_name": "ETH_transfers-by-contract-calls-total", "chart_id": "61b9865952f1b35a8e2c7437", "chart_name": "Ethereum - Transfers by Contract Calls (Total)"}, {"metric_id": "61b97f8452f1b35a8e2c73dc", "metric_full_name": "ETH_transfers-by-contract-calls-mean", "chart_id": "61b9865c52f1b35a8e2c7438", "chart_name": "Ethereum - Transfers by Contract Calls (Mean)"}, {"metric_id": "61b982c852f1b35a8e2c740f", "metric_full_name": "ETH_tokens-transferred-by-contract-calls-total", "chart_id": "61b986d152f1b35a8e2c7459", "chart_name": "Ethereum - Tokens Transferred by Contract Calls (Total)"}, {"metric_id": "61b982ce52f1b35a8e2c7410", "metric_full_name": "ETH_tokens-transferred-by-contract-calls-mean", "chart_id": "61b986d552f1b35a8e2c745a", "chart_name": "Ethereum - Tokens Transferred by Contract Calls (Mean)"}, {"metric_id": "61b982d352f1b35a8e2c7411", "metric_full_name": "ETH_tokens-transferred-by-contract-calls-median", "chart_id": "61b986d852f1b35a8e2c745b", "chart_name": "Ethereum - Tokens Transferred by Contract Calls (Median)"}, {"metric_id": "61b982da52f1b35a8e2c7412", "metric_full_name": "ETH_tokens-transferred-by-contract-calls-usd-total", "chart_id": "61b986db52f1b35a8e2c745c", "chart_name": "Ethereum - Tokens Transferred by Contract Calls USD (Total)"}, {"metric_id": "61b982e452f1b35a8e2c7413", "metric_full_name": "ETH_tokens-transferred-by-contract-calls-usd-mean", "chart_id": "61b986df52f1b35a8e2c745d", "chart_name": "Ethereum - Tokens Transferred by Contract Calls USD (Mean)"}, {"metric_id": "61b982ea52f1b35a8e2c7414", "metric_full_name": "ETH_tokens-transferred-by-contract-calls-usd-median", "chart_id": "61b986e252f1b35a8e2c745e", "chart_name": "Ethereum - Tokens Transferred by Contract Calls USD (Median)"}, {"metric_id": "61b97ca452f1b35a8e2c73c5", "metric_full_name": "ETH_external-contract-calls-total", "chart_id": "61b9861f52f1b35a8e2c7425", "chart_name": "Ethereum - External Contract Calls (Total)"}, {"metric_id": "61b97cab52f1b35a8e2c73c6", "metric_full_name": "ETH_external-contract-calls-mean", "chart_id": "61b9862252f1b35a8e2c7426", "chart_name": "Ethereum - External Contract Calls (Mean)"}, {"metric_id": "61b97f5652f1b35a8e2c73d8", "metric_full_name": "ETH_transfers-by-external-contract-calls-total", "chart_id": "61b9865052f1b35a8e2c7434", "chart_name": "Ethereum - Transfers by External Contract Calls (Total)"}, {"metric_id": "61b97f5c52f1b35a8e2c73d9", "metric_full_name": "ETH_transfers-by-external-contract-calls-mean", "chart_id": "61b9865352f1b35a8e2c7435", "chart_name": "Ethereum - Transfers by External Contract Calls (Mean)"}, {"metric_id": "61b980cb52f1b35a8e2c73f7", "metric_full_name": "ETH_tokens-transferred-by-external-contract-calls-total", "chart_id": "61b9869852f1b35a8e2c7447", "chart_name": "Ethereum - Tokens Transferred by External Contract Calls (Total)"}, {"metric_id": "61b980d252f1b35a8e2c73f8", "metric_full_name": "ETH_tokens-transferred-by-external-contract-calls-mean", "chart_id": "61b9869b52f1b35a8e2c7448", "chart_name": "Ethereum - Tokens Transferred by External Contract Calls (Mean)"}, {"metric_id": "61b980d752f1b35a8e2c73f9", "metric_full_name": "ETH_tokens-transferred-by-external-contract-calls-median", "chart_id": "61b9869f52f1b35a8e2c7449", "chart_name": "Ethereum - Tokens Transferred by External Contract Calls (Median)"}, {"metric_id": "61b980dd52f1b35a8e2c73fa", "metric_full_name": "ETH_tokens-transferred-by-external-contract-calls-usd-total", "chart_id": "61b986a252f1b35a8e2c744a", "chart_name": "Ethereum - Tokens Transferred by External Contract Calls USD (Total)"}, {"metric_id": "61b980e352f1b35a8e2c73fb", "metric_full_name": "ETH_tokens-transferred-by-external-contract-calls-usd-mean", "chart_id": "61b986a752f1b35a8e2c744b", "chart_name": "Ethereum - Tokens Transferred by External Contract Calls USD (Mean)"}, {"metric_id": "61b980e852f1b35a8e2c73fc", "metric_full_name": "ETH_tokens-transferred-by-external-contract-calls-usd-median", "chart_id": "61b986aa52f1b35a8e2c744c", "chart_name": "Ethereum - Tokens Transferred by External Contract Calls USD (Median)"}, {"metric_id": "61b97cbc52f1b35a8e2c73c7", "metric_full_name": "ETH_internal-contract-calls-total", "chart_id": "61b9862552f1b35a8e2c7427", "chart_name": "Ethereum - Internal Contract Calls (Total)"}, {"metric_id": "61b97cc452f1b35a8e2c73c8", "metric_full_name": "ETH_internal-contract-calls-mean", "chart_id": "61b9862752f1b35a8e2c7428", "chart_name": "Ethereum - Internal Contract Calls (Mean)"}, {"metric_id": "61b97f6d52f1b35a8e2c73da", "metric_full_name": "ETH_transfers-by-internal-contract-calls-total", "chart_id": "61b9865652f1b35a8e2c7436", "chart_name": "Ethereum - Transfers by Internal Contract Calls (Total)"}, {"metric_id": "61b9888352f1b35a8e2c7461", "metric_full_name": "ETH_transfers-by-internal-contract-calls-mean", "chart_id": "61b9888f52f1b35a8e2c7462", "chart_name": "Ethereum - Transfers by Internal Contract Calls (Mean)"}, {"metric_id": "61b980fb52f1b35a8e2c73fd", "metric_full_name": "ETH_tokens-transferred-by-internal-contract-calls-total", "chart_id": "61b986ad52f1b35a8e2c744d", "chart_name": "Ethereum - Tokens Transferred by Internal Contract Calls (Total)"}, {"metric_id": "61b9810152f1b35a8e2c73fe", "metric_full_name": "ETH_tokens-transferred-by-internal-contract-calls-mean", "chart_id": "61b986b052f1b35a8e2c744e", "chart_name": "Ethereum - Tokens Transferred by Internal Contract Calls (Mean)"}, {"metric_id": "61b9810652f1b35a8e2c73ff", "metric_full_name": "ETH_tokens-transferred-by-internal-contract-calls-median", "chart_id": "61b986b352f1b35a8e2c744f", "chart_name": "Ethereum - Tokens Transferred by Internal Contract Calls (Median)"}, {"metric_id": "61b9810f52f1b35a8e2c7400", "metric_full_name": "ETH_tokens-transferred-by-internal-contract-calls-usd-total", "chart_id": "61b986b652f1b35a8e2c7450", "chart_name": "Ethereum - Tokens Transferred by Internal Contract Calls USD (Total)"}, {"metric_id": "61b9811552f1b35a8e2c7401", "metric_full_name": "ETH_tokens-transferred-by-internal-contract-calls-usd-mean", "chart_id": "61b986b952f1b35a8e2c7451", "chart_name": "Ethereum - Tokens Transferred by Internal Contract Calls USD (Mean)"}, {"metric_id": "61b9811a52f1b35a8e2c7402", "metric_full_name": "ETH_tokens-transferred-by-internal-contract-calls-usd-median", "chart_id": "61b986bc52f1b35a8e2c7452", "chart_name": "Ethereum - Tokens Transferred by Internal Contract Calls USD (Median)"}, {"metric_id": "61b985cc52f1b35a8e2c741e", "metric_full_name": "ETH_failed-transaction-count-total", "chart_id": "61b986e852f1b35a8e2c7460", "chart_name": "Ethereum - Failed Transaction Count (Total)"}, {"metric_id": "61b9833852f1b35a8e2c741b", "metric_full_name": "ETH_failed-transfer-count-total", "chart_id": "61b986e552f1b35a8e2c745f", "chart_name": "Ethereum - Failed Transfer Count (Total)"}]