{"exchange-flows": [{"id": "622a08431ef01949d467e79e", "name": "exchange-reserve"}, {"id": "622a08431ef01949d467e7b6", "name": "exchange-reserve-usd"}, {"id": "622a08431ef01949d467e7e8", "name": "exchange-inflow-total"}, {"id": "622a08431ef01949d467e849", "name": "exchange-outflow-total"}, {"id": "622a08431ef01949d467e7cf", "name": "exchange-netflow-total"}, {"id": "622a08431ef01949d467e818", "name": "exchange-inflow-mean"}, {"id": "622a08431ef01949d467e879", "name": "exchange-outflow-mean"}, {"id": "622a08431ef01949d467e800", "name": "exchange-inflow-top10"}, {"id": "622a08431ef01949d467e861", "name": "exchange-outflow-top10"}, {"id": "622a08431ef01949d467e891", "name": "exchange-outflow-mean-ma7"}, {"id": "622a08431ef01949d467e830", "name": "exchange-inflow-mean-ma7"}, {"id": "622a08441ef01949d467e8aa", "name": "exchange-depositing-transactions"}, {"id": "622a08441ef01949d467e8c2", "name": "exchange-withdrawing-transactions"}, {"id": "622a08441ef01949d467e8db", "name": "exchange-depositing-addresses"}, {"id": "622a08441ef01949d467e8f3", "name": "exchange-withdrawing-addresses"}], "market-data": [{"id": "61ca73d9def50741844a0e9f", "name": "price-volume"}]}