{"exchange-flows": [{"id": "622a082c1ef01949d467cbab", "name": "exchange-reserve"}, {"id": "622a082c1ef01949d467cbc2", "name": "exchange-reserve-usd"}, {"id": "622a082d1ef01949d467cbf2", "name": "exchange-inflow-total"}, {"id": "622a082d1ef01949d467cc4f", "name": "exchange-outflow-total"}, {"id": "622a082c1ef01949d467cbda", "name": "exchange-netflow-total"}, {"id": "622a082d1ef01949d467cc20", "name": "exchange-inflow-mean"}, {"id": "622a082d1ef01949d467cc7d", "name": "exchange-outflow-mean"}, {"id": "622a082d1ef01949d467cc09", "name": "exchange-inflow-top10"}, {"id": "622a082d1ef01949d467cc66", "name": "exchange-outflow-top10"}, {"id": "622a082d1ef01949d467cc94", "name": "exchange-outflow-mean-ma7"}, {"id": "622a082d1ef01949d467cc37", "name": "exchange-inflow-mean-ma7"}, {"id": "622a082d1ef01949d467ccac", "name": "exchange-depositing-transactions"}, {"id": "622a082d1ef01949d467ccc3", "name": "exchange-withdrawing-transactions"}, {"id": "622a082d1ef01949d467ccdb", "name": "exchange-depositing-addresses"}, {"id": "622a082d1ef01949d467ccf2", "name": "exchange-withdrawing-addresses"}], "flow-indicator": [{"id": "625fb89ea09f3d33d55ed4e2", "name": "exchange-supply-ratio"}], "market-data": [{"id": "61ca73d6def50741844a0dff", "name": "price-volume"}], "addresses": [{"id": "620e1b952e920f5f0b276e05", "name": "active-addresses"}, {"id": "620e1b992e920f5f0b276e08", "name": "active-sending-addresses"}, {"id": "620e1b9e2e920f5f0b276e0b", "name": "active-receiving-addresses"}], "supply": [{"id": "620e1b5d2e920f5f0b276de0", "name": "total-supply"}, {"id": "620e1b682e920f5f0b276de7", "name": "velocity"}, {"id": "620e2d8ecdc76f4e17ed2178", "name": "minted-supply"}, {"id": "620e2d92cdc76f4e17ed217b", "name": "burned-supply"}], "transactions": [{"id": "620e1b6e2e920f5f0b276dec", "name": "transaction-count-total"}, {"id": "620e1b732e920f5f0b276def", "name": "transaction-count-mean"}, {"id": "620e1b792e920f5f0b276df3", "name": "transfer-count-total"}, {"id": "620e1b7e2e920f5f0b276df6", "name": "transfer-count-mean"}, {"id": "620e1b842e920f5f0b276dfa", "name": "tokens-transferred-total"}, {"id": "620e1b892e920f5f0b276dfd", "name": "tokens-transferred-mean"}, {"id": "620e1b8e2e920f5f0b276e00", "name": "tokens-transferred-median"}]}