{"exchange-flows": [{"id": "622a08131ef01949d467aea5", "name": "exchange-reserve"}, {"id": "622a08131ef01949d467aec1", "name": "exchange-reserve-usd"}, {"id": "622a08131ef01949d467aefb", "name": "exchange-inflow-total"}, {"id": "622a08131ef01949d467af6c", "name": "exchange-outflow-total"}, {"id": "622a08131ef01949d467aede", "name": "exchange-netflow-total"}, {"id": "622a08131ef01949d467af33", "name": "exchange-inflow-mean"}, {"id": "622a08131ef01949d467afa4", "name": "exchange-outflow-mean"}, {"id": "622a08131ef01949d467af17", "name": "exchange-inflow-top10"}, {"id": "622a08131ef01949d467af88", "name": "exchange-outflow-top10"}, {"id": "622a08141ef01949d467afc0", "name": "exchange-outflow-mean-ma7"}, {"id": "622a08131ef01949d467af4f", "name": "exchange-inflow-mean-ma7"}, {"id": "622a08141ef01949d467afdd", "name": "exchange-depositing-transactions"}, {"id": "622a08141ef01949d467aff9", "name": "exchange-withdrawing-transactions"}, {"id": "622a08141ef01949d467b016", "name": "exchange-depositing-addresses"}, {"id": "622a08141ef01949d467b032", "name": "exchange-withdrawing-addresses"}], "flow-indicator": [{"id": "625fb9a4a09f3d33d55eda1f", "name": "exchange-supply-ratio"}], "market-data": [{"id": "61ca73d3def50741844a0d37", "name": "price-volume"}], "addresses": [{"id": "620e22c62e920f5f0b2772e5", "name": "active-addresses"}, {"id": "620e22cb2e920f5f0b2772e8", "name": "active-sending-addresses"}, {"id": "620e22cf2e920f5f0b2772eb", "name": "active-receiving-addresses"}], "supply": [{"id": "620e22922e920f5f0b2772c0", "name": "total-supply"}, {"id": "620e229c2e920f5f0b2772c7", "name": "velocity"}, {"id": "620e2eddcdc76f4e17ed2214", "name": "minted-supply"}, {"id": "620e2ee2cdc76f4e17ed2217", "name": "burned-supply"}], "transactions": [{"id": "620e22a22e920f5f0b2772cc", "name": "transaction-count-total"}, {"id": "620e22a72e920f5f0b2772cf", "name": "transaction-count-mean"}, {"id": "620e22ac2e920f5f0b2772d3", "name": "transfer-count-total"}, {"id": "620e22b12e920f5f0b2772d6", "name": "transfer-count-mean"}, {"id": "620e22b62e920f5f0b2772da", "name": "tokens-transferred-total"}, {"id": "620e22bb2e920f5f0b2772dd", "name": "tokens-transferred-mean"}, {"id": "620e22c02e920f5f0b2772e0", "name": "tokens-transferred-median"}]}