{"exchange-flows": [{"id": "622a081d1ef01949d467bae0", "name": "exchange-reserve"}, {"id": "622a081e1ef01949d467baf2", "name": "exchange-reserve-usd"}, {"id": "622a081e1ef01949d467bb18", "name": "exchange-inflow-total"}, {"id": "622a081e1ef01949d467bb61", "name": "exchange-outflow-total"}, {"id": "622a081e1ef01949d467bb05", "name": "exchange-netflow-total"}, {"id": "622a081e1ef01949d467bb3c", "name": "exchange-inflow-mean"}, {"id": "622a081e1ef01949d467bb85", "name": "exchange-outflow-mean"}, {"id": "622a081e1ef01949d467bb2a", "name": "exchange-inflow-top10"}, {"id": "622a081e1ef01949d467bb73", "name": "exchange-outflow-top10"}, {"id": "622a081e1ef01949d467bb97", "name": "exchange-outflow-mean-ma7"}, {"id": "622a081e1ef01949d467bb4e", "name": "exchange-inflow-mean-ma7"}, {"id": "622a081e1ef01949d467bbaa", "name": "exchange-depositing-transactions"}, {"id": "622a081e1ef01949d467bbbc", "name": "exchange-withdrawing-transactions"}, {"id": "622a081e1ef01949d467bbcf", "name": "exchange-depositing-addresses"}, {"id": "622a081e1ef01949d467bbe1", "name": "exchange-withdrawing-addresses"}], "flow-indicator": [{"id": "625fb9c4a09f3d33d55edab8", "name": "exchange-supply-ratio"}], "market-data": [{"id": "61ca73d4def50741844a0d87", "name": "price-volume"}], "addresses": [{"id": "620e24602e920f5f0b277405", "name": "active-addresses"}, {"id": "620e24642e920f5f0b277408", "name": "active-sending-addresses"}, {"id": "620e24692e920f5f0b27740b", "name": "active-receiving-addresses"}], "supply": [{"id": "620e242b2e920f5f0b2773e0", "name": "total-supply"}, {"id": "620e24352e920f5f0b2773e7", "name": "velocity"}, {"id": "620e2f2ccdc76f4e17ed2238", "name": "minted-supply"}, {"id": "620e2f30cdc76f4e17ed223b", "name": "burned-supply"}], "transactions": [{"id": "620e243c2e920f5f0b2773ec", "name": "transaction-count-total"}, {"id": "620e24402e920f5f0b2773ef", "name": "transaction-count-mean"}, {"id": "620e24462e920f5f0b2773f3", "name": "transfer-count-total"}, {"id": "620e244b2e920f5f0b2773f6", "name": "transfer-count-mean"}, {"id": "620e24502e920f5f0b2773fa", "name": "tokens-transferred-total"}, {"id": "620e24552e920f5f0b2773fd", "name": "tokens-transferred-mean"}, {"id": "620e24592e920f5f0b277400", "name": "tokens-transferred-median"}]}