{"addresses": [{"id": "625e23d9e3a6f37be8d2c8ab", "name": "active-addresses"}, {"id": "625e23d9e3a6f37be8d2c8ae", "name": "active-sending-addresses"}, {"id": "625e23d9e3a6f37be8d2c8b1", "name": "active-receiving-addresses"}], "supply": [{"id": "625e23d9e3a6f37be8d2c8b6", "name": "total-supply"}, {"id": "625e23d9e3a6f37be8d2c8c0", "name": "velocity"}, {"id": "625e23d9e3a6f37be8d2c8b9", "name": "minted-supply"}, {"id": "625e23d9e3a6f37be8d2c8bc", "name": "burned-supply"}], "transactions": [{"id": "625e23d9e3a6f37be8d2c8c5", "name": "transaction-count-total"}, {"id": "625e23d9e3a6f37be8d2c8c8", "name": "transaction-count-mean"}, {"id": "625e23d9e3a6f37be8d2c8cc", "name": "transfer-count-total"}, {"id": "625e23d9e3a6f37be8d2c8cf", "name": "transfer-count-mean"}, {"id": "625e23d9e3a6f37be8d2c8d3", "name": "tokens-transferred-total"}, {"id": "625e23d9e3a6f37be8d2c8d6", "name": "tokens-transferred-mean"}, {"id": "625e23d9e3a6f37be8d2c8d9", "name": "tokens-transferred-median"}]}