{"addresses": [{"id": "625e23cfe3a6f37be8d2c39d", "name": "active-addresses"}, {"id": "625e23cfe3a6f37be8d2c3a0", "name": "active-sending-addresses"}, {"id": "625e23cfe3a6f37be8d2c3a3", "name": "active-receiving-addresses"}], "supply": [{"id": "625e23cfe3a6f37be8d2c3a8", "name": "total-supply"}, {"id": "625e23cfe3a6f37be8d2c3b2", "name": "velocity"}, {"id": "625e23cfe3a6f37be8d2c3ab", "name": "minted-supply"}, {"id": "625e23cfe3a6f37be8d2c3ae", "name": "burned-supply"}], "transactions": [{"id": "625e23cfe3a6f37be8d2c3b7", "name": "transaction-count-total"}, {"id": "625e23cfe3a6f37be8d2c3ba", "name": "transaction-count-mean"}, {"id": "625e23cfe3a6f37be8d2c3be", "name": "transfer-count-total"}, {"id": "625e23cfe3a6f37be8d2c3c1", "name": "transfer-count-mean"}, {"id": "625e23cfe3a6f37be8d2c3c5", "name": "tokens-transferred-total"}, {"id": "625e23cfe3a6f37be8d2c3c8", "name": "tokens-transferred-mean"}, {"id": "625e23cfe3a6f37be8d2c3cb", "name": "tokens-transferred-median"}]}