{"exchange-flows": [{"id": "622a08441ef01949d467e90d", "name": "exchange-reserve"}, {"id": "622a08441ef01949d467e936", "name": "exchange-reserve-usd"}, {"id": "622a08451ef01949d467e98a", "name": "exchange-inflow-total"}, {"id": "622a08451ef01949d467ea2f", "name": "exchange-outflow-total"}, {"id": "622a08441ef01949d467e960", "name": "exchange-netflow-total"}, {"id": "622a08451ef01949d467e9dc", "name": "exchange-inflow-mean"}, {"id": "622a08451ef01949d467ea81", "name": "exchange-outflow-mean"}, {"id": "622a08451ef01949d467e9b3", "name": "exchange-inflow-top10"}, {"id": "622a08451ef01949d467ea58", "name": "exchange-outflow-top10"}, {"id": "622a08451ef01949d467eaaa", "name": "exchange-outflow-mean-ma7"}, {"id": "622a08451ef01949d467ea05", "name": "exchange-inflow-mean-ma7"}, {"id": "622a08451ef01949d467ead4", "name": "exchange-depositing-transactions"}, {"id": "622a08451ef01949d467eafd", "name": "exchange-withdrawing-transactions"}, {"id": "622a08461ef01949d467eb27", "name": "exchange-depositing-addresses"}, {"id": "622a08461ef01949d467eb50", "name": "exchange-withdrawing-addresses"}], "flow-indicator": [{"id": "625fb8d3a09f3d33d55ed5ea", "name": "exchange-supply-ratio"}], "market-data": [{"id": "61ca73d9def50741844a0ea9", "name": "price-volume"}], "addresses": [{"id": "625e23d5e3a6f37be8d2c6da", "name": "active-addresses"}, {"id": "625e23d5e3a6f37be8d2c6dd", "name": "active-sending-addresses"}, {"id": "625e23d5e3a6f37be8d2c6e0", "name": "active-receiving-addresses"}], "supply": [{"id": "625e23d5e3a6f37be8d2c6e5", "name": "total-supply"}, {"id": "625e23d6e3a6f37be8d2c6ef", "name": "velocity"}, {"id": "625e23d5e3a6f37be8d2c6e8", "name": "minted-supply"}, {"id": "625e23d6e3a6f37be8d2c6eb", "name": "burned-supply"}], "transactions": [{"id": "625e23d6e3a6f37be8d2c6f4", "name": "transaction-count-total"}, {"id": "625e23d6e3a6f37be8d2c6f7", "name": "transaction-count-mean"}, {"id": "625e23d6e3a6f37be8d2c6fb", "name": "transfer-count-total"}, {"id": "625e23d6e3a6f37be8d2c6fe", "name": "transfer-count-mean"}, {"id": "625e23d6e3a6f37be8d2c702", "name": "tokens-transferred-total"}, {"id": "625e23d6e3a6f37be8d2c705", "name": "tokens-transferred-mean"}, {"id": "625e23d6e3a6f37be8d2c708", "name": "tokens-transferred-median"}]}