{"addresses": [{"id": "625e23d7e3a6f37be8d2c775", "name": "active-addresses"}, {"id": "625e23d7e3a6f37be8d2c778", "name": "active-sending-addresses"}, {"id": "625e23d7e3a6f37be8d2c77b", "name": "active-receiving-addresses"}], "supply": [{"id": "625e23d7e3a6f37be8d2c780", "name": "total-supply"}, {"id": "625e23d7e3a6f37be8d2c78a", "name": "velocity"}, {"id": "625e23d7e3a6f37be8d2c783", "name": "minted-supply"}, {"id": "625e23d7e3a6f37be8d2c786", "name": "burned-supply"}], "transactions": [{"id": "625e23d7e3a6f37be8d2c78f", "name": "transaction-count-total"}, {"id": "625e23d7e3a6f37be8d2c792", "name": "transaction-count-mean"}, {"id": "625e23d7e3a6f37be8d2c796", "name": "transfer-count-total"}, {"id": "625e23d7e3a6f37be8d2c799", "name": "transfer-count-mean"}, {"id": "625e23d7e3a6f37be8d2c79d", "name": "tokens-transferred-total"}, {"id": "625e23d7e3a6f37be8d2c7a0", "name": "tokens-transferred-mean"}, {"id": "625e23d7e3a6f37be8d2c7a3", "name": "tokens-transferred-median"}]}