{"exchange-flows": [{"id": "622a084a1ef01949d467f083", "name": "exchange-reserve"}, {"id": "622a084a1ef01949d467f08d", "name": "exchange-reserve-usd"}, {"id": "622a084a1ef01949d467f0a3", "name": "exchange-inflow-total"}, {"id": "622a084b1ef01949d467f0cc", "name": "exchange-outflow-total"}, {"id": "622a084a1ef01949d467f098", "name": "exchange-netflow-total"}, {"id": "622a084a1ef01949d467f0b7", "name": "exchange-inflow-mean"}, {"id": "622a084b1ef01949d467f0e0", "name": "exchange-outflow-mean"}, {"id": "622a084a1ef01949d467f0ad", "name": "exchange-inflow-top10"}, {"id": "622a084b1ef01949d467f0d6", "name": "exchange-outflow-top10"}, {"id": "622a084b1ef01949d467f0ea", "name": "exchange-outflow-mean-ma7"}, {"id": "622a084a1ef01949d467f0c1", "name": "exchange-inflow-mean-ma7"}, {"id": "622a084b1ef01949d467f0f5", "name": "exchange-depositing-transactions"}, {"id": "622a084b1ef01949d467f0ff", "name": "exchange-withdrawing-transactions"}, {"id": "622a084b1ef01949d467f10a", "name": "exchange-depositing-addresses"}, {"id": "622a084b1ef01949d467f114", "name": "exchange-withdrawing-addresses"}], "flow-indicator": [{"id": "625fb8f3a09f3d33d55ed69c", "name": "exchange-supply-ratio"}], "market-data": [{"id": "61ca73d9def50741844a0edb", "name": "price-volume"}], "addresses": [{"id": "625e23dce3a6f37be8d2ca78", "name": "active-addresses"}, {"id": "625e23dce3a6f37be8d2ca7b", "name": "active-sending-addresses"}, {"id": "625e23dce3a6f37be8d2ca7e", "name": "active-receiving-addresses"}], "supply": [{"id": "625e23dce3a6f37be8d2ca83", "name": "total-supply"}, {"id": "625e23dce3a6f37be8d2ca8d", "name": "velocity"}, {"id": "625e23dce3a6f37be8d2ca86", "name": "minted-supply"}, {"id": "625e23dce3a6f37be8d2ca89", "name": "burned-supply"}], "transactions": [{"id": "625e23dce3a6f37be8d2ca92", "name": "transaction-count-total"}, {"id": "625e23dce3a6f37be8d2ca95", "name": "transaction-count-mean"}, {"id": "625e23dce3a6f37be8d2ca99", "name": "transfer-count-total"}, {"id": "625e23dce3a6f37be8d2ca9c", "name": "transfer-count-mean"}, {"id": "625e23dde3a6f37be8d2caa0", "name": "tokens-transferred-total"}, {"id": "625e23dde3a6f37be8d2caa3", "name": "tokens-transferred-mean"}, {"id": "625e23dde3a6f37be8d2caa6", "name": "tokens-transferred-median"}]}