{"exchange-flows": [{"id": "61b1c4da4f680e68001c70f6", "name": "exchange-reserve"}, {"id": "61b1c4f44f680e68001c70f8", "name": "exchange-inflow-total"}, {"id": "61b1c5e94f680e68001c70fc", "name": "exchange-outflow-total"}, {"id": "61b1c4e44f680e68001c70f7", "name": "exchange-netflow-total"}, {"id": "61b1c5034f680e68001c70fa", "name": "exchange-inflow-mean"}, {"id": "61b1c6014f680e68001c70fe", "name": "exchange-outflow-mean"}, {"id": "61b1c4fa4f680e68001c70f9", "name": "exchange-inflow-top10"}, {"id": "61b1c5f44f680e68001c70fd", "name": "exchange-outflow-top10"}, {"id": "61b1c5084f680e68001c70fb", "name": "exchange-inflow-mean-ma7"}, {"id": "61b1c60d4f680e68001c70ff", "name": "exchange-outflow-mean-ma7"}, {"id": "61b1c6314f680e68001c7100", "name": "exchange-depositing-transactions"}, {"id": "61b1c6414f680e68001c7101", "name": "exchange-withdrawing-transactions"}, {"id": "61b1c67d4f680e68001c7102", "name": "exchange-depositing-addresses"}, {"id": "61b1c6834f680e68001c7103", "name": "exchange-withdrawing-addresses"}]}