{"addresses": [{"id": "625e23cee3a6f37be8d2c301", "name": "active-addresses"}, {"id": "625e23cee3a6f37be8d2c304", "name": "active-sending-addresses"}, {"id": "625e23cee3a6f37be8d2c307", "name": "active-receiving-addresses"}], "supply": [{"id": "625e23cee3a6f37be8d2c30c", "name": "total-supply"}, {"id": "625e23cee3a6f37be8d2c316", "name": "velocity"}, {"id": "625e23cee3a6f37be8d2c30f", "name": "minted-supply"}, {"id": "625e23cee3a6f37be8d2c312", "name": "burned-supply"}], "transactions": [{"id": "625e23cee3a6f37be8d2c31b", "name": "transaction-count-total"}, {"id": "625e23cee3a6f37be8d2c31e", "name": "transaction-count-mean"}, {"id": "625e23cee3a6f37be8d2c322", "name": "transfer-count-total"}, {"id": "625e23cee3a6f37be8d2c325", "name": "transfer-count-mean"}, {"id": "625e23cee3a6f37be8d2c329", "name": "tokens-transferred-total"}, {"id": "625e23cee3a6f37be8d2c32c", "name": "tokens-transferred-mean"}, {"id": "625e23cee3a6f37be8d2c32f", "name": "tokens-transferred-median"}]}