{"addresses": [{"id": "625e23d4e3a6f37be8d2c674", "name": "active-addresses"}, {"id": "625e23d4e3a6f37be8d2c677", "name": "active-sending-addresses"}, {"id": "625e23d4e3a6f37be8d2c67a", "name": "active-receiving-addresses"}], "supply": [{"id": "625e23d5e3a6f37be8d2c67f", "name": "total-supply"}, {"id": "625e23d5e3a6f37be8d2c689", "name": "velocity"}, {"id": "625e23d5e3a6f37be8d2c682", "name": "minted-supply"}, {"id": "625e23d5e3a6f37be8d2c685", "name": "burned-supply"}], "transactions": [{"id": "625e23d5e3a6f37be8d2c68e", "name": "transaction-count-total"}, {"id": "625e23d5e3a6f37be8d2c691", "name": "transaction-count-mean"}, {"id": "625e23d5e3a6f37be8d2c695", "name": "transfer-count-total"}, {"id": "625e23d5e3a6f37be8d2c698", "name": "transfer-count-mean"}, {"id": "625e23d5e3a6f37be8d2c69c", "name": "tokens-transferred-total"}, {"id": "625e23d5e3a6f37be8d2c69f", "name": "tokens-transferred-mean"}, {"id": "625e23d5e3a6f37be8d2c6a2", "name": "tokens-transferred-median"}]}