{"exchange-flows": [{"id": "622a082a1ef01949d467c8be", "name": "exchange-reserve"}, {"id": "622a082a1ef01949d467c8df", "name": "exchange-reserve-usd"}, {"id": "622a082a1ef01949d467c923", "name": "exchange-inflow-total"}, {"id": "622a082a1ef01949d467c9a8", "name": "exchange-outflow-total"}, {"id": "622a082a1ef01949d467c901", "name": "exchange-netflow-total"}, {"id": "622a082a1ef01949d467c965", "name": "exchange-inflow-mean"}, {"id": "622a082b1ef01949d467c9ea", "name": "exchange-outflow-mean"}, {"id": "622a082a1ef01949d467c944", "name": "exchange-inflow-top10"}, {"id": "622a082b1ef01949d467c9c9", "name": "exchange-outflow-top10"}, {"id": "622a082a1ef01949d467c986", "name": "exchange-inflow-mean-ma7"}, {"id": "622a082b1ef01949d467ca0b", "name": "exchange-outflow-mean-ma7"}, {"id": "622a082b1ef01949d467ca2d", "name": "exchange-depositing-transactions"}, {"id": "622a082b1ef01949d467ca4e", "name": "exchange-withdrawing-transactions"}, {"id": "622a082b1ef01949d467ca70", "name": "exchange-depositing-addresses"}, {"id": "622a082b1ef01949d467ca91", "name": "exchange-withdrawing-addresses"}], "flow-indicator": [{"id": "625fb8cba09f3d33d55ed5c7", "name": "exchange-supply-ratio"}], "market-data": [{"id": "61ca73d6def50741844a0deb", "name": "price-volume"}], "addresses": [{"id": "625e23d6e3a6f37be8d2c70d", "name": "active-addresses"}, {"id": "625e23d6e3a6f37be8d2c710", "name": "active-sending-addresses"}, {"id": "625e23d6e3a6f37be8d2c713", "name": "active-receiving-addresses"}], "supply": [{"id": "625e23d6e3a6f37be8d2c718", "name": "total-supply"}, {"id": "625e23d6e3a6f37be8d2c722", "name": "velocity"}, {"id": "625e23d6e3a6f37be8d2c71b", "name": "minted-supply"}, {"id": "625e23d6e3a6f37be8d2c71e", "name": "burned-supply"}], "transactions": [{"id": "625e23d6e3a6f37be8d2c727", "name": "transaction-count-total"}, {"id": "625e23d6e3a6f37be8d2c72a", "name": "transaction-count-mean"}, {"id": "625e23d6e3a6f37be8d2c72e", "name": "transfer-count-total"}, {"id": "625e23d6e3a6f37be8d2c731", "name": "transfer-count-mean"}, {"id": "625e23d6e3a6f37be8d2c735", "name": "tokens-transferred-total"}, {"id": "625e23d6e3a6f37be8d2c738", "name": "tokens-transferred-mean"}, {"id": "625e23d6e3a6f37be8d2c73b", "name": "tokens-transferred-median"}]}