{"addresses": [{"id": "625e23d7e3a6f37be8d2c7a9", "name": "active-addresses"}, {"id": "625e23d7e3a6f37be8d2c7ac", "name": "active-sending-addresses"}, {"id": "625e23d7e3a6f37be8d2c7af", "name": "active-receiving-addresses"}], "supply": [{"id": "625e23d7e3a6f37be8d2c7b4", "name": "total-supply"}, {"id": "625e23d7e3a6f37be8d2c7be", "name": "velocity"}, {"id": "625e23d7e3a6f37be8d2c7b7", "name": "minted-supply"}, {"id": "625e23d7e3a6f37be8d2c7ba", "name": "burned-supply"}], "transactions": [{"id": "625e23d7e3a6f37be8d2c7c3", "name": "transaction-count-total"}, {"id": "625e23d7e3a6f37be8d2c7c6", "name": "transaction-count-mean"}, {"id": "625e23d7e3a6f37be8d2c7ca", "name": "transfer-count-total"}, {"id": "625e23d7e3a6f37be8d2c7cd", "name": "transfer-count-mean"}, {"id": "625e23d7e3a6f37be8d2c7d1", "name": "tokens-transferred-total"}, {"id": "625e23d7e3a6f37be8d2c7d4", "name": "tokens-transferred-mean"}, {"id": "625e23d7e3a6f37be8d2c7d7", "name": "tokens-transferred-median"}]}