{"exchange-flows": [{"id": "61b1ae794f680e68001c702f", "name": "exchange-reserve"}, {"id": "61b1ae9a4f680e68001c7031", "name": "exchange-inflow-total"}, {"id": "61b1aeba4f680e68001c7035", "name": "exchange-outflow-total"}, {"id": "61b1ae844f680e68001c7030", "name": "exchange-netflow-total"}, {"id": "61b1aea54f680e68001c7033", "name": "exchange-inflow-mean"}, {"id": "61b1aec64f680e68001c7037", "name": "exchange-outflow-mean"}, {"id": "61b1ae9f4f680e68001c7032", "name": "exchange-inflow-top10"}, {"id": "61b1aebf4f680e68001c7036", "name": "exchange-outflow-top10"}, {"id": "61b1aeab4f680e68001c7034", "name": "exchange-inflow-mean-ma7"}, {"id": "61b1aecb4f680e68001c7038", "name": "exchange-outflow-mean-ma7"}, {"id": "61b1aedb4f680e68001c7039", "name": "exchange-depositing-transactions"}, {"id": "61b1aee04f680e68001c703a", "name": "exchange-withdrawing-transactions"}, {"id": "61b1aeee4f680e68001c703b", "name": "exchange-depositing-addresses"}, {"id": "61b1aef64f680e68001c703c", "name": "exchange-withdrawing-addresses"}]}