{"addresses": [{"id": "625e23d4e3a6f37be8d2c60c", "name": "active-addresses"}, {"id": "625e23d4e3a6f37be8d2c60f", "name": "active-sending-addresses"}, {"id": "625e23d4e3a6f37be8d2c612", "name": "active-receiving-addresses"}], "supply": [{"id": "625e23d4e3a6f37be8d2c617", "name": "total-supply"}, {"id": "625e23d4e3a6f37be8d2c621", "name": "velocity"}, {"id": "625e23d4e3a6f37be8d2c61a", "name": "minted-supply"}, {"id": "625e23d4e3a6f37be8d2c61d", "name": "burned-supply"}], "transactions": [{"id": "625e23d4e3a6f37be8d2c626", "name": "transaction-count-total"}, {"id": "625e23d4e3a6f37be8d2c629", "name": "transaction-count-mean"}, {"id": "625e23d4e3a6f37be8d2c62d", "name": "transfer-count-total"}, {"id": "625e23d4e3a6f37be8d2c630", "name": "transfer-count-mean"}, {"id": "625e23d4e3a6f37be8d2c634", "name": "tokens-transferred-total"}, {"id": "625e23d4e3a6f37be8d2c637", "name": "tokens-transferred-mean"}, {"id": "625e23d4e3a6f37be8d2c63a", "name": "tokens-transferred-median"}]}