{"exchange-flows": [{"id": "622a08181ef01949d467b487", "name": "exchange-reserve"}, {"id": "622a08181ef01949d467b49b", "name": "exchange-reserve-usd"}, {"id": "622a08181ef01949d467b4c5", "name": "exchange-inflow-total"}, {"id": "622a08181ef01949d467b516", "name": "exchange-outflow-total"}, {"id": "622a08181ef01949d467b4b0", "name": "exchange-netflow-total"}, {"id": "622a08181ef01949d467b4ed", "name": "exchange-inflow-mean"}, {"id": "622a08181ef01949d467b53e", "name": "exchange-outflow-mean"}, {"id": "622a08181ef01949d467b4d9", "name": "exchange-inflow-top10"}, {"id": "622a08181ef01949d467b52a", "name": "exchange-outflow-top10"}, {"id": "622a08181ef01949d467b501", "name": "exchange-inflow-mean-ma7"}, {"id": "622a08181ef01949d467b552", "name": "exchange-outflow-mean-ma7"}, {"id": "622a08181ef01949d467b567", "name": "exchange-depositing-transactions"}, {"id": "622a08181ef01949d467b57b", "name": "exchange-withdrawing-transactions"}, {"id": "622a08191ef01949d467b590", "name": "exchange-depositing-addresses"}, {"id": "622a08191ef01949d467b5a4", "name": "exchange-withdrawing-addresses"}], "flow-indicator": [{"id": "625fb9baa09f3d33d55eda88", "name": "exchange-supply-ratio"}], "market-data": [{"id": "61ca73d3def50741844a0d55", "name": "price-volume"}], "addresses": [{"id": "620e23932e920f5f0b277375", "name": "active-addresses"}, {"id": "620e23982e920f5f0b277378", "name": "active-sending-addresses"}, {"id": "620e239c2e920f5f0b27737b", "name": "active-receiving-addresses"}], "supply": [{"id": "620e235f2e920f5f0b277350", "name": "total-supply"}, {"id": "620e23692e920f5f0b277357", "name": "velocity"}, {"id": "620e2f05cdc76f4e17ed2226", "name": "minted-supply"}, {"id": "620e2f09cdc76f4e17ed2229", "name": "burned-supply"}], "transactions": [{"id": "620e236f2e920f5f0b27735c", "name": "transaction-count-total"}, {"id": "620e23742e920f5f0b27735f", "name": "transaction-count-mean"}, {"id": "620e23792e920f5f0b277363", "name": "transfer-count-total"}, {"id": "620e237e2e920f5f0b277366", "name": "transfer-count-mean"}, {"id": "620e23832e920f5f0b27736a", "name": "tokens-transferred-total"}, {"id": "620e23882e920f5f0b27736d", "name": "tokens-transferred-mean"}, {"id": "620e238d2e920f5f0b277370", "name": "tokens-transferred-median"}]}