{"addresses": [{"id": "625e23cde3a6f37be8d2c2cd", "name": "active-addresses"}, {"id": "625e23cde3a6f37be8d2c2d0", "name": "active-sending-addresses"}, {"id": "625e23cde3a6f37be8d2c2d3", "name": "active-receiving-addresses"}], "supply": [{"id": "625e23cde3a6f37be8d2c2d8", "name": "total-supply"}, {"id": "625e23cee3a6f37be8d2c2e2", "name": "velocity"}, {"id": "625e23cde3a6f37be8d2c2db", "name": "minted-supply"}, {"id": "625e23cde3a6f37be8d2c2de", "name": "burned-supply"}], "transactions": [{"id": "625e23cee3a6f37be8d2c2e7", "name": "transaction-count-total"}, {"id": "625e23cee3a6f37be8d2c2ea", "name": "transaction-count-mean"}, {"id": "625e23cee3a6f37be8d2c2ee", "name": "transfer-count-total"}, {"id": "625e23cee3a6f37be8d2c2f1", "name": "transfer-count-mean"}, {"id": "625e23cee3a6f37be8d2c2f5", "name": "tokens-transferred-total"}, {"id": "625e23cee3a6f37be8d2c2f8", "name": "tokens-transferred-mean"}, {"id": "625e23cee3a6f37be8d2c2fb", "name": "tokens-transferred-median"}]}