{"exchange-flows": [{"id": "622a08491ef01949d467ef8c", "name": "exchange-reserve"}, {"id": "622a08491ef01949d467ef9c", "name": "exchange-reserve-usd"}, {"id": "622a084a1ef01949d467efbe", "name": "exchange-inflow-total"}, {"id": "622a084a1ef01949d467efff", "name": "exchange-outflow-total"}, {"id": "622a084a1ef01949d467efad", "name": "exchange-netflow-total"}, {"id": "622a084a1ef01949d467efde", "name": "exchange-inflow-mean"}, {"id": "622a084a1ef01949d467f01f", "name": "exchange-outflow-mean"}, {"id": "622a084a1ef01949d467efce", "name": "exchange-inflow-top10"}, {"id": "622a084a1ef01949d467f00f", "name": "exchange-outflow-top10"}, {"id": "622a084a1ef01949d467efee", "name": "exchange-inflow-mean-ma7"}, {"id": "622a084a1ef01949d467f02f", "name": "exchange-outflow-mean-ma7"}, {"id": "622a084a1ef01949d467f040", "name": "exchange-depositing-transactions"}, {"id": "622a084a1ef01949d467f050", "name": "exchange-withdrawing-transactions"}, {"id": "622a084a1ef01949d467f061", "name": "exchange-depositing-addresses"}, {"id": "622a084a1ef01949d467f071", "name": "exchange-withdrawing-addresses"}], "flow-indicator": [{"id": "625fb8c7a09f3d33d55ed5b5", "name": "exchange-supply-ratio"}], "market-data": [{"id": "61ca73d9def50741844a0ed1", "name": "price-volume"}], "addresses": [{"id": "620e1cb52e920f5f0b276ec5", "name": "active-addresses"}, {"id": "620e1cba2e920f5f0b276ec8", "name": "active-sending-addresses"}, {"id": "620e1cbf2e920f5f0b276ecb", "name": "active-receiving-addresses"}], "supply": [{"id": "620e1c7e2e920f5f0b276ea0", "name": "total-supply"}, {"id": "620e1c882e920f5f0b276ea7", "name": "velocity"}, {"id": "620e2dbecdc76f4e17ed2190", "name": "minted-supply"}, {"id": "620e2dc3cdc76f4e17ed2193", "name": "burned-supply"}], "transactions": [{"id": "620e1c8f2e920f5f0b276eac", "name": "transaction-count-total"}, {"id": "620e1c942e920f5f0b276eaf", "name": "transaction-count-mean"}, {"id": "620e1c9a2e920f5f0b276eb3", "name": "transfer-count-total"}, {"id": "620e1c9f2e920f5f0b276eb6", "name": "transfer-count-mean"}, {"id": "620e1ca52e920f5f0b276eba", "name": "tokens-transferred-total"}, {"id": "620e1caa2e920f5f0b276ebd", "name": "tokens-transferred-mean"}, {"id": "620e1caf2e920f5f0b276ec0", "name": "tokens-transferred-median"}]}