{"addresses": [{"id": "625e23dde3a6f37be8d2caac", "name": "active-addresses"}, {"id": "625e23dde3a6f37be8d2caaf", "name": "active-sending-addresses"}, {"id": "625e23dde3a6f37be8d2cab2", "name": "active-receiving-addresses"}], "supply": [{"id": "625e23dde3a6f37be8d2cab7", "name": "total-supply"}, {"id": "625e23dde3a6f37be8d2cac1", "name": "velocity"}, {"id": "625e23dde3a6f37be8d2caba", "name": "minted-supply"}, {"id": "625e23dde3a6f37be8d2cabd", "name": "burned-supply"}], "transactions": [{"id": "625e23dde3a6f37be8d2cac6", "name": "transaction-count-total"}, {"id": "625e23dde3a6f37be8d2cac9", "name": "transaction-count-mean"}, {"id": "625e23dde3a6f37be8d2cacd", "name": "transfer-count-total"}, {"id": "625e23dde3a6f37be8d2cad0", "name": "transfer-count-mean"}, {"id": "625e23dde3a6f37be8d2cad4", "name": "tokens-transferred-total"}, {"id": "625e23dde3a6f37be8d2cad7", "name": "tokens-transferred-mean"}, {"id": "625e23dde3a6f37be8d2cada", "name": "tokens-transferred-median"}]}