{"exchange-flows": [{"id": "63c78a7cdebdef0ae2ba8c7c", "name": "exchange-reserve"}, {"id": "63c78a7ddebdef0ae2ba8c8c", "name": "exchange-reserve-usd"}, {"id": "63c78a7ddebdef0ae2ba8c9c", "name": "exchange-inflow-total"}, {"id": "63c78a7ddebdef0ae2ba8cdc", "name": "exchange-outflow-total"}, {"id": "63c78a7ddebdef0ae2ba8d1c", "name": "exchange-netflow-total"}, {"id": "63c78a7ddebdef0ae2ba8cac", "name": "exchange-inflow-mean"}, {"id": "63c78a7ddebdef0ae2ba8cec", "name": "exchange-outflow-mean"}, {"id": "63c78a7ddebdef0ae2ba8cbc", "name": "exchange-inflow-top10"}, {"id": "63c78a7ddebdef0ae2ba8cfc", "name": "exchange-outflow-top10"}, {"id": "63c78a7ddebdef0ae2ba8ccc", "name": "exchange-inflow-mean-ma7"}, {"id": "63c78a7ddebdef0ae2ba8d0c", "name": "exchange-outflow-mean-ma7"}, {"id": "63c78a7ddebdef0ae2ba8d2c", "name": "exchange-depositing-transactions"}, {"id": "63c78a7ddebdef0ae2ba8d3c", "name": "exchange-withdrawing-transactions"}, {"id": "63c78a7edebdef0ae2ba8d4c", "name": "exchange-depositing-addresses"}, {"id": "63c78a7edebdef0ae2ba8d5c", "name": "exchange-withdrawing-addresses"}], "miner-flows": [{"id": "63c78a7edebdef0ae2ba8d6c", "name": "miner-reserve"}, {"id": "63c78a7edebdef0ae2ba8d99", "name": "miner-reserve-usd"}, {"id": "63c78a7fdebdef0ae2ba8e7a", "name": "miner-outflow-total"}, {"id": "63c78a7fdebdef0ae2ba8dc6", "name": "miner-inflow-total"}, {"id": "63c78a80debdef0ae2ba8f2e", "name": "miner-netflow-total"}, {"id": "63c78a80debdef0ae2ba8ea7", "name": "miner-outflow-mean"}, {"id": "63c78a7fdebdef0ae2ba8df3", "name": "miner-inflow-mean"}, {"id": "63c78a80debdef0ae2ba8ed4", "name": "miner-outflow-top10"}, {"id": "63c78a7fdebdef0ae2ba8e20", "name": "miner-inflow-top10"}, {"id": "63c78a80debdef0ae2ba8f01", "name": "miner-outflow-mean-ma7"}, {"id": "63c78a7fdebdef0ae2ba8e4d", "name": "miner-inflow-mean-ma7"}, {"id": "63c78a80debdef0ae2ba8f88", "name": "miner-withdrawing-transactions"}, {"id": "63c78a80debdef0ae2ba8f5b", "name": "miner-depositing-transactions"}, {"id": "63c78a81debdef0ae2ba8fe2", "name": "miner-withdrawing-addresses"}, {"id": "63c78a80debdef0ae2ba8fb5", "name": "miner-depositing-addresses"}], "derivatives": [{"id": "638989033ebcd1509a15c365", "name": "open-interest"}, {"id": "638989033ebcd1509a15c371", "name": "funding-rates"}, {"id": "638989033ebcd1509a15c37d", "name": "long-liquidations"}, {"id": "638989033ebcd1509a15c389", "name": "short-liquidations"}, {"id": "638989033ebcd1509a15c395", "name": "long-liquidations-usd"}, {"id": "638989043ebcd1509a15c3a1", "name": "short-liquidations-usd"}], "market-data": [{"id": "61e92c59c1f2674475ba32c6", "name": "price-volume"}, {"id": "63c79544debdef0ae2bab58f", "name": "market-cap"}], "addresses": [{"id": "6335608036d620448375e380", "name": "active-addresses"}, {"id": "6335608036d620448375e383", "name": "active-sending-addresses"}, {"id": "6335608036d620448375e386", "name": "active-receiving-addresses"}, {"id": "6335608036d620448375e37d", "name": "active-addresses-cumulative"}, {"id": "6335608136d620448375e389", "name": "active-contracts"}, {"id": "6335608136d620448375e392", "name": "number-of-contracts"}, {"id": "6335608136d620448375e38c", "name": "new-contracts"}, {"id": "6335608136d620448375e38f", "name": "destroyed-contracts"}], "fees-and-revenue": [{"id": "6335607f36d620448375e371", "name": "fees-total"}, {"id": "6335607f36d620448375e374", "name": "fees-usd-total"}, {"id": "6335608036d620448375e377", "name": "block-rewards"}, {"id": "6335608036d620448375e37a", "name": "block-rewards-usd"}], "network-stats": [{"id": "6335607e36d620448375e368", "name": "blocks-mined"}, {"id": "6335607d36d620448375e365", "name": "block-size-mean"}, {"id": "6335607e36d620448375e36b", "name": "block-interval-mean"}, {"id": "6335607f36d620448375e36e", "name": "transfer-latency"}], "supply": [{"id": "6335608136d620448375e395", "name": "total-supply"}, {"id": "6335608136d620448375e398", "name": "circulating-supply"}, {"id": "6335608136d620448375e3a1", "name": "staked-supply"}, {"id": "6335608136d620448375e39b", "name": "minted-supply"}, {"id": "6335608136d620448375e39e", "name": "burned-supply"}], "transactions": [{"id": "6335608236d620448375e3a4", "name": "transaction-count-total"}, {"id": "6335608236d620448375e3a7", "name": "transfer-count-total"}, {"id": "6335608336d620448375e3aa", "name": "tokens-transferred-total"}, {"id": "6335608336d620448375e3ad", "name": "tokens-transferred-usd-total"}], "inter-entity-flows": [{"id": "63c78a81debdef0ae2ba900f", "name": "exchange-to-exchange-flow-total"}, {"id": "63c78b59debdef0ae2ba90c7", "name": "exchange-to-exchange-transactions"}, {"id": "63c78b97debdef0ae2ba917f", "name": "exchange-to-exchange-flow-mean"}, {"id": "63c78bccdebdef0ae2ba9237", "name": "miner-to-exchange-flow-total"}, {"id": "63c78c80debdef0ae2ba9493", "name": "miner-to-exchange-transactions"}, {"id": "63c78d1adebdef0ae2ba96ef", "name": "miner-to-exchange-flow-mean"}, {"id": "63c78dabdebdef0ae2ba994b", "name": "exchange-to-miner-flow-total"}, {"id": "63c78e49debdef0ae2ba9ba7", "name": "exchange-to-miner-transactions"}, {"id": "63c78ee8debdef0ae2ba9e03", "name": "exchange-to-miner-flow-mean"}, {"id": "63c78f80debdef0ae2baa05f", "name": "miner-to-miner-flow-total"}, {"id": "63c79156debdef0ae2baa76f", "name": "miner-to-miner-transactions"}, {"id": "63c79353debdef0ae2baae7f", "name": "miner-to-miner-flow-mean"}], "nft": [{"id": "6335608336d620448375e3b0", "name": "nft-sales-volume"}, {"id": "6335608436d620448375e3b3", "name": "number-of-nft-holders"}, {"id": "6335608436d620448375e3b6", "name": "nft-market-cap"}, {"id": "6335608536d620448375e3c0", "name": "nft-holders-count-value-bands"}, {"id": "6335608536d620448375e3ca", "name": "nft-holders-count-value-bands-percent"}, {"id": "6335608636d620448375e3d4", "name": "nft-holding-value-bands"}, {"id": "6335608636d620448375e3de", "name": "nft-holding-value-bands-percent"}]}