{"exchange-flows": [{"id": "622a08351ef01949d467d6e1", "name": "exchange-reserve"}, {"id": "622a08351ef01949d467d6fc", "name": "exchange-reserve-usd"}, {"id": "622a08351ef01949d467d734", "name": "exchange-inflow-total"}, {"id": "622a08361ef01949d467d7a1", "name": "exchange-outflow-total"}, {"id": "622a08351ef01949d467d718", "name": "exchange-netflow-total"}, {"id": "622a08361ef01949d467d76a", "name": "exchange-inflow-mean"}, {"id": "622a08361ef01949d467d7d7", "name": "exchange-outflow-mean"}, {"id": "622a08361ef01949d467d74f", "name": "exchange-inflow-top10"}, {"id": "622a08361ef01949d467d7bc", "name": "exchange-outflow-top10"}, {"id": "622a08361ef01949d467d785", "name": "exchange-inflow-mean-ma7"}, {"id": "622a08361ef01949d467d7f2", "name": "exchange-outflow-mean-ma7"}, {"id": "622a08361ef01949d467d80e", "name": "exchange-depositing-transactions"}, {"id": "622a08361ef01949d467d829", "name": "exchange-withdrawing-transactions"}, {"id": "622a08361ef01949d467d845", "name": "exchange-depositing-addresses"}, {"id": "622a08361ef01949d467d860", "name": "exchange-withdrawing-addresses"}], "market-data": [{"id": "61ca73d7def50741844a0e31", "name": "price-volume"}], "addresses": [{"id": "62b458d194489c5a09fe1b05", "name": "active-addresses"}, {"id": "62b458d194489c5a09fe1b08", "name": "active-sending-addresses"}, {"id": "62b458d194489c5a09fe1b0b", "name": "active-receiving-addresses"}], "supply": [{"id": "62b458d194489c5a09fe1b0e", "name": "total-supply"}, {"id": "62b458d194489c5a09fe1b17", "name": "velocity"}, {"id": "62b458d194489c5a09fe1b11", "name": "minted-supply"}, {"id": "62b458d194489c5a09fe1b14", "name": "burned-supply"}], "transactions": [{"id": "62b458d194489c5a09fe1b1a", "name": "transaction-count-total"}, {"id": "62b458d194489c5a09fe1b1d", "name": "transaction-count-mean"}, {"id": "62b458d194489c5a09fe1b20", "name": "transfer-count-total"}, {"id": "62b458d194489c5a09fe1b23", "name": "transfer-count-mean"}, {"id": "62b458d294489c5a09fe1b26", "name": "tokens-transferred-total"}, {"id": "62b458d294489c5a09fe1b29", "name": "tokens-transferred-mean"}, {"id": "62b458d294489c5a09fe1b2c", "name": "tokens-transferred-median"}]}