{"exchange-flows": [{"id": "61b2e4391688d16782a86fe5", "name": "exchange-reserve"}, {"id": "61b2f0ba1688d16782a871ff", "name": "exchange-reserve-usd"}, {"id": "61b2e4461688d16782a86fe7", "name": "exchange-inflow-total"}, {"id": "61b2e47e1688d16782a86fec", "name": "exchange-outflow-total"}, {"id": "61b2e4401688d16782a86fe6", "name": "exchange-netflow-total"}, {"id": "61b2e4691688d16782a86fea", "name": "exchange-inflow-mean"}, {"id": "61b2e4891688d16782a86fee", "name": "exchange-outflow-mean"}, {"id": "61b2e4601688d16782a86fe9", "name": "exchange-inflow-top10"}, {"id": "61b2e4831688d16782a86fed", "name": "exchange-outflow-top10"}, {"id": "61b2e46f1688d16782a86feb", "name": "exchange-inflow-mean-ma7"}, {"id": "61b2e48e1688d16782a86fef", "name": "exchange-outflow-mean-ma7"}, {"id": "61b2e4971688d16782a86ff0", "name": "exchange-depositing-transactions"}, {"id": "61b2e49c1688d16782a86ff1", "name": "exchange-withdrawing-transactions"}, {"id": "61b2e4b31688d16782a86ff2", "name": "exchange-depositing-addresses"}, {"id": "61b2e4b81688d16782a86ff3", "name": "exchange-withdrawing-addresses"}], "flow-indicator": [{"id": "625fb88aa09f3d33d55ed488", "name": "exchange-supply-ratio"}], "market-data": [{"id": "61c00e8162b04c1286a3feec", "name": "price-volume"}], "addresses": [{"id": "620e1b4c2e920f5f0b276dd5", "name": "active-addresses"}, {"id": "620e1b512e920f5f0b276dd8", "name": "active-sending-addresses"}, {"id": "620e1b562e920f5f0b276ddb", "name": "active-receiving-addresses"}], "supply": [{"id": "620e1b1b2e920f5f0b276db0", "name": "total-supply"}, {"id": "620e1b222e920f5f0b276db7", "name": "velocity"}, {"id": "620e2d85cdc76f4e17ed2172", "name": "minted-supply"}, {"id": "620e2d88cdc76f4e17ed2175", "name": "burned-supply"}], "transactions": [{"id": "620e1b282e920f5f0b276dbc", "name": "transaction-count-total"}, {"id": "620e1b2c2e920f5f0b276dbf", "name": "transaction-count-mean"}, {"id": "620e1b312e920f5f0b276dc3", "name": "transfer-count-total"}, {"id": "620e1b362e920f5f0b276dc6", "name": "transfer-count-mean"}, {"id": "620e1b3c2e920f5f0b276dca", "name": "tokens-transferred-total"}, {"id": "620e1b402e920f5f0b276dcd", "name": "tokens-transferred-mean"}, {"id": "620e1b452e920f5f0b276dd0", "name": "tokens-transferred-median"}]}