{"addresses": [{"id": "625e23d4e3a6f37be8d2c640", "name": "active-addresses"}, {"id": "625e23d4e3a6f37be8d2c643", "name": "active-sending-addresses"}, {"id": "625e23d4e3a6f37be8d2c646", "name": "active-receiving-addresses"}], "supply": [{"id": "625e23d4e3a6f37be8d2c64b", "name": "total-supply"}, {"id": "625e23d4e3a6f37be8d2c655", "name": "velocity"}, {"id": "625e23d4e3a6f37be8d2c64e", "name": "minted-supply"}, {"id": "625e23d4e3a6f37be8d2c651", "name": "burned-supply"}], "transactions": [{"id": "625e23d4e3a6f37be8d2c65a", "name": "transaction-count-total"}, {"id": "625e23d4e3a6f37be8d2c65d", "name": "transaction-count-mean"}, {"id": "625e23d4e3a6f37be8d2c661", "name": "transfer-count-total"}, {"id": "625e23d4e3a6f37be8d2c664", "name": "transfer-count-mean"}, {"id": "625e23d4e3a6f37be8d2c668", "name": "tokens-transferred-total"}, {"id": "625e23d4e3a6f37be8d2c66b", "name": "tokens-transferred-mean"}, {"id": "625e23d4e3a6f37be8d2c66e", "name": "tokens-transferred-median"}]}