{"market-data": [{"id": "61ca73d7def50741844a0e59", "name": "price-volume"}], "addresses": [{"id": "625e23dee3a6f37be8d2cb45", "name": "active-addresses"}, {"id": "625e23dee3a6f37be8d2cb48", "name": "active-sending-addresses"}, {"id": "625e23dee3a6f37be8d2cb4b", "name": "active-receiving-addresses"}], "supply": [{"id": "625e23dee3a6f37be8d2cb50", "name": "total-supply"}, {"id": "625e23dee3a6f37be8d2cb5a", "name": "velocity"}, {"id": "625e23dee3a6f37be8d2cb53", "name": "minted-supply"}, {"id": "625e23dee3a6f37be8d2cb56", "name": "burned-supply"}], "transactions": [{"id": "625e23dee3a6f37be8d2cb5f", "name": "transaction-count-total"}, {"id": "625e23dee3a6f37be8d2cb62", "name": "transaction-count-mean"}, {"id": "625e23dee3a6f37be8d2cb66", "name": "transfer-count-total"}, {"id": "625e23dee3a6f37be8d2cb69", "name": "transfer-count-mean"}, {"id": "625e23dee3a6f37be8d2cb6d", "name": "tokens-transferred-total"}, {"id": "625e23dee3a6f37be8d2cb70", "name": "tokens-transferred-mean"}, {"id": "625e23dee3a6f37be8d2cb73", "name": "tokens-transferred-median"}]}