{"exchange-flows": [{"id": "622a080c1ef01949d467a6be", "name": "exchange-reserve"}, {"id": "622a080c1ef01949d467a6e6", "name": "exchange-reserve-usd"}, {"id": "622a080d1ef01949d467a738", "name": "exchange-inflow-total"}, {"id": "622a080d1ef01949d467a7d9", "name": "exchange-outflow-total"}, {"id": "622a080c1ef01949d467a70f", "name": "exchange-netflow-total"}, {"id": "622a080d1ef01949d467a788", "name": "exchange-inflow-mean"}, {"id": "622a080d1ef01949d467a829", "name": "exchange-outflow-mean"}, {"id": "622a080d1ef01949d467a760", "name": "exchange-inflow-top10"}, {"id": "622a080d1ef01949d467a801", "name": "exchange-outflow-top10"}, {"id": "622a080d1ef01949d467a851", "name": "exchange-outflow-mean-ma7"}, {"id": "622a080d1ef01949d467a7b0", "name": "exchange-inflow-mean-ma7"}, {"id": "622a080e1ef01949d467a87a", "name": "exchange-depositing-transactions"}, {"id": "622a080e1ef01949d467a8a2", "name": "exchange-withdrawing-transactions"}, {"id": "622a080e1ef01949d467a8cb", "name": "exchange-depositing-addresses"}, {"id": "622a080e1ef01949d467a8f3", "name": "exchange-withdrawing-addresses"}], "flow-indicator": [{"id": "625fb989a09f3d33d55ed992", "name": "exchange-supply-ratio"}], "market-data": [{"id": "61ca73d1def50741844a0d0f", "name": "price-volume"}], "addresses": [{"id": "620e21bf2e920f5f0b277225", "name": "active-addresses"}, {"id": "620e21c42e920f5f0b277228", "name": "active-sending-addresses"}, {"id": "620e21c92e920f5f0b27722b", "name": "active-receiving-addresses"}], "supply": [{"id": "620e21882e920f5f0b277200", "name": "total-supply"}, {"id": "620e21932e920f5f0b277207", "name": "velocity"}, {"id": "620e2ea9cdc76f4e17ed21fc", "name": "minted-supply"}, {"id": "620e2eaecdc76f4e17ed21ff", "name": "burned-supply"}], "transactions": [{"id": "620e21992e920f5f0b27720c", "name": "transaction-count-total"}, {"id": "620e219e2e920f5f0b27720f", "name": "transaction-count-mean"}, {"id": "620e21a42e920f5f0b277213", "name": "transfer-count-total"}, {"id": "620e21a92e920f5f0b277216", "name": "transfer-count-mean"}, {"id": "620e21af2e920f5f0b27721a", "name": "tokens-transferred-total"}, {"id": "620e21b32e920f5f0b27721d", "name": "tokens-transferred-mean"}, {"id": "620e21b82e920f5f0b277220", "name": "tokens-transferred-median"}]}