{"exchange-flows": [{"id": "622a08481ef01949d467ee59", "name": "exchange-reserve"}, {"id": "622a08481ef01949d467ee6d", "name": "exchange-reserve-usd"}, {"id": "622a08491ef01949d467ee97", "name": "exchange-inflow-total"}, {"id": "622a08491ef01949d467eee8", "name": "exchange-outflow-total"}, {"id": "622a08491ef01949d467ee82", "name": "exchange-netflow-total"}, {"id": "622a08491ef01949d467eebf", "name": "exchange-inflow-mean"}, {"id": "622a08491ef01949d467ef10", "name": "exchange-outflow-mean"}, {"id": "622a08491ef01949d467eeab", "name": "exchange-inflow-top10"}, {"id": "622a08491ef01949d467eefc", "name": "exchange-outflow-top10"}, {"id": "622a08491ef01949d467ef24", "name": "exchange-outflow-mean-ma7"}, {"id": "622a08491ef01949d467eed3", "name": "exchange-inflow-mean-ma7"}, {"id": "622a08491ef01949d467ef39", "name": "exchange-depositing-transactions"}, {"id": "622a08491ef01949d467ef4d", "name": "exchange-withdrawing-transactions"}, {"id": "622a08491ef01949d467ef62", "name": "exchange-depositing-addresses"}, {"id": "622a08491ef01949d467ef76", "name": "exchange-withdrawing-addresses"}], "flow-indicator": [{"id": "625fb8efa09f3d33d55ed686", "name": "exchange-supply-ratio"}], "market-data": [{"id": "61ca73d9def50741844a0ec7", "name": "price-volume"}], "addresses": [{"id": "620e1d8c2e920f5f0b276f55", "name": "active-addresses"}, {"id": "620e1d912e920f5f0b276f58", "name": "active-sending-addresses"}, {"id": "620e1d962e920f5f0b276f5b", "name": "active-receiving-addresses"}], "supply": [{"id": "620e1d552e920f5f0b276f30", "name": "total-supply"}, {"id": "620e1d602e920f5f0b276f37", "name": "velocity"}, {"id": "620e2de5cdc76f4e17ed21a2", "name": "minted-supply"}, {"id": "620e2deacdc76f4e17ed21a5", "name": "burned-supply"}], "transactions": [{"id": "620e1d672e920f5f0b276f3c", "name": "transaction-count-total"}, {"id": "620e1d6b2e920f5f0b276f3f", "name": "transaction-count-mean"}, {"id": "620e1d712e920f5f0b276f43", "name": "transfer-count-total"}, {"id": "620e1d762e920f5f0b276f46", "name": "transfer-count-mean"}, {"id": "620e1d7c2e920f5f0b276f4a", "name": "tokens-transferred-total"}, {"id": "620e1d812e920f5f0b276f4d", "name": "tokens-transferred-mean"}, {"id": "620e1d862e920f5f0b276f50", "name": "tokens-transferred-median"}]}