{"exchange-flows": [{"id": "622a083c1ef01949d467deb1", "name": "exchange-reserve"}, {"id": "622a083c1ef01949d467dedc", "name": "exchange-reserve-usd"}, {"id": "622a083c1ef01949d467df34", "name": "exchange-inflow-total"}, {"id": "622a083d1ef01949d467dfe1", "name": "exchange-outflow-total"}, {"id": "622a083c1ef01949d467df08", "name": "exchange-netflow-total"}, {"id": "622a083c1ef01949d467df8a", "name": "exchange-inflow-mean"}, {"id": "622a083d1ef01949d467e037", "name": "exchange-outflow-mean"}, {"id": "622a083c1ef01949d467df5f", "name": "exchange-inflow-top10"}, {"id": "622a083d1ef01949d467e00c", "name": "exchange-outflow-top10"}, {"id": "622a083d1ef01949d467e062", "name": "exchange-outflow-mean-ma7"}, {"id": "622a083c1ef01949d467dfb5", "name": "exchange-inflow-mean-ma7"}, {"id": "622a083d1ef01949d467e08e", "name": "exchange-depositing-transactions"}, {"id": "622a083d1ef01949d467e0b9", "name": "exchange-withdrawing-transactions"}, {"id": "622a083d1ef01949d467e0e5", "name": "exchange-depositing-addresses"}, {"id": "622a083d1ef01949d467e110", "name": "exchange-withdrawing-addresses"}], "flow-indicator": [{"id": "625fb894a09f3d33d55ed4b5", "name": "exchange-supply-ratio"}], "market-data": [{"id": "61ca73d8def50741844a0e6d", "name": "price-volume"}], "addresses": [{"id": "625e23dae3a6f37be8d2c944", "name": "active-addresses"}, {"id": "625e23dae3a6f37be8d2c947", "name": "active-sending-addresses"}, {"id": "625e23dae3a6f37be8d2c94a", "name": "active-receiving-addresses"}], "supply": [{"id": "625e23dae3a6f37be8d2c94f", "name": "total-supply"}, {"id": "625e23dae3a6f37be8d2c959", "name": "velocity"}, {"id": "625e23dae3a6f37be8d2c952", "name": "minted-supply"}, {"id": "625e23dae3a6f37be8d2c955", "name": "burned-supply"}], "transactions": [{"id": "625e23dae3a6f37be8d2c95e", "name": "transaction-count-total"}, {"id": "625e23dae3a6f37be8d2c961", "name": "transaction-count-mean"}, {"id": "625e23dae3a6f37be8d2c965", "name": "transfer-count-total"}, {"id": "625e23dae3a6f37be8d2c968", "name": "transfer-count-mean"}, {"id": "625e23dae3a6f37be8d2c96c", "name": "tokens-transferred-total"}, {"id": "625e23dae3a6f37be8d2c96f", "name": "tokens-transferred-mean"}, {"id": "625e23dae3a6f37be8d2c972", "name": "tokens-transferred-median"}]}