{"exchange-flows": [{"id": "622a081a1ef01949d467b70b", "name": "exchange-reserve"}, {"id": "622a081a1ef01949d467b719", "name": "exchange-reserve-usd"}, {"id": "622a081a1ef01949d467b737", "name": "exchange-inflow-total"}, {"id": "622a081a1ef01949d467b770", "name": "exchange-outflow-total"}, {"id": "622a081a1ef01949d467b728", "name": "exchange-netflow-total"}, {"id": "622a081a1ef01949d467b753", "name": "exchange-inflow-mean"}, {"id": "622a081a1ef01949d467b78c", "name": "exchange-outflow-mean"}, {"id": "622a081a1ef01949d467b745", "name": "exchange-inflow-top10"}, {"id": "622a081a1ef01949d467b77e", "name": "exchange-outflow-top10"}, {"id": "622a081a1ef01949d467b761", "name": "exchange-inflow-mean-ma7"}, {"id": "622a081a1ef01949d467b79a", "name": "exchange-outflow-mean-ma7"}, {"id": "622a081b1ef01949d467b7a9", "name": "exchange-depositing-transactions"}, {"id": "622a081b1ef01949d467b7b7", "name": "exchange-withdrawing-transactions"}, {"id": "622a081b1ef01949d467b7c6", "name": "exchange-depositing-addresses"}, {"id": "622a081b1ef01949d467b7d4", "name": "exchange-withdrawing-addresses"}], "flow-indicator": [{"id": "625fb9bfa09f3d33d55eda9e", "name": "exchange-supply-ratio"}], "market-data": [{"id": "61ca73d4def50741844a0d69", "name": "price-volume"}], "addresses": [{"id": "620e23d72e920f5f0b2773a5", "name": "active-addresses"}, {"id": "620e23db2e920f5f0b2773a8", "name": "active-sending-addresses"}, {"id": "620e23e02e920f5f0b2773ab", "name": "active-receiving-addresses"}], "supply": [{"id": "620e23a32e920f5f0b277380", "name": "total-supply"}, {"id": "620e23ad2e920f5f0b277387", "name": "velocity"}, {"id": "620e2f12cdc76f4e17ed222c", "name": "minted-supply"}, {"id": "620e2f16cdc76f4e17ed222f", "name": "burned-supply"}], "transactions": [{"id": "620e23b32e920f5f0b27738c", "name": "transaction-count-total"}, {"id": "620e23b82e920f5f0b27738f", "name": "transaction-count-mean"}, {"id": "620e23bd2e920f5f0b277393", "name": "transfer-count-total"}, {"id": "620e23c22e920f5f0b277396", "name": "transfer-count-mean"}, {"id": "620e23c72e920f5f0b27739a", "name": "tokens-transferred-total"}, {"id": "620e23cc2e920f5f0b27739d", "name": "tokens-transferred-mean"}, {"id": "620e23d02e920f5f0b2773a0", "name": "tokens-transferred-median"}]}