{"exchange-flows": [{"id": "61b6c2191688d16782a8787a", "name": "exchange-reserve"}, {"id": "61b6c2211688d16782a8787b", "name": "exchange-reserve-usd"}, {"id": "61b6c23b1688d16782a8787d", "name": "exchange-inflow-total"}, {"id": "61b6c2721688d16782a87881", "name": "exchange-outflow-total"}, {"id": "61b6c2341688d16782a8787c", "name": "exchange-netflow-total"}, {"id": "61b6c2461688d16782a8787f", "name": "exchange-inflow-mean"}, {"id": "61b6c27d1688d16782a87883", "name": "exchange-outflow-mean"}, {"id": "61b6c2401688d16782a8787e", "name": "exchange-inflow-top10"}, {"id": "61b6c2771688d16782a87882", "name": "exchange-outflow-top10"}, {"id": "61b6c24b1688d16782a87880", "name": "exchange-inflow-mean-ma7"}, {"id": "61b6c2811688d16782a87884", "name": "exchange-outflow-mean-ma7"}, {"id": "61b6c28a1688d16782a87885", "name": "exchange-depositing-transactions"}, {"id": "61b6c28f1688d16782a87886", "name": "exchange-withdrawing-transactions"}, {"id": "61b6c2971688d16782a87887", "name": "exchange-depositing-addresses"}, {"id": "61b6c29c1688d16782a87888", "name": "exchange-withdrawing-addresses"}], "flow-indicator": [{"id": "625fb953a09f3d33d55ed879", "name": "exchange-supply-ratio"}], "market-data": [{"id": "61c013a362b04c1286a3ff11", "name": "price-volume"}], "addresses": [{"id": "620e1fc82e920f5f0b2770d5", "name": "active-addresses"}, {"id": "620e1fcd2e920f5f0b2770d8", "name": "active-sending-addresses"}, {"id": "620e1fd22e920f5f0b2770db", "name": "active-receiving-addresses"}], "supply": [{"id": "620e1f912e920f5f0b2770b0", "name": "total-supply"}, {"id": "620e1f9c2e920f5f0b2770b7", "name": "velocity"}, {"id": "620e2e4ecdc76f4e17ed21d2", "name": "minted-supply"}, {"id": "620e2e52cdc76f4e17ed21d5", "name": "burned-supply"}], "transactions": [{"id": "620e1fa22e920f5f0b2770bc", "name": "transaction-count-total"}, {"id": "620e1fa72e920f5f0b2770bf", "name": "transaction-count-mean"}, {"id": "620e1fad2e920f5f0b2770c3", "name": "transfer-count-total"}, {"id": "620e1fb22e920f5f0b2770c6", "name": "transfer-count-mean"}, {"id": "620e1fb82e920f5f0b2770ca", "name": "tokens-transferred-total"}, {"id": "620e1fbd2e920f5f0b2770cd", "name": "tokens-transferred-mean"}, {"id": "620e1fc12e920f5f0b2770d0", "name": "tokens-transferred-median"}]}