{"addresses": [{"id": "625e23d1e3a6f37be8d2c4a0", "name": "active-addresses"}, {"id": "625e23d1e3a6f37be8d2c4a3", "name": "active-sending-addresses"}, {"id": "625e23d1e3a6f37be8d2c4a6", "name": "active-receiving-addresses"}], "supply": [{"id": "625e23d1e3a6f37be8d2c4ab", "name": "total-supply"}, {"id": "625e23d1e3a6f37be8d2c4b5", "name": "velocity"}, {"id": "625e23d1e3a6f37be8d2c4ae", "name": "minted-supply"}, {"id": "625e23d1e3a6f37be8d2c4b1", "name": "burned-supply"}], "transactions": [{"id": "625e23d1e3a6f37be8d2c4ba", "name": "transaction-count-total"}, {"id": "625e23d1e3a6f37be8d2c4bd", "name": "transaction-count-mean"}, {"id": "625e23d1e3a6f37be8d2c4c1", "name": "transfer-count-total"}, {"id": "625e23d1e3a6f37be8d2c4c4", "name": "transfer-count-mean"}, {"id": "625e23d1e3a6f37be8d2c4c8", "name": "tokens-transferred-total"}, {"id": "625e23d1e3a6f37be8d2c4cb", "name": "tokens-transferred-mean"}, {"id": "625e23d1e3a6f37be8d2c4ce", "name": "tokens-transferred-median"}]}