{"exchange-flows": [{"id": "622a08471ef01949d467ecea", "name": "exchange-reserve"}, {"id": "622a08471ef01949d467ed02", "name": "exchange-reserve-usd"}, {"id": "622a08471ef01949d467ed34", "name": "exchange-inflow-total"}, {"id": "622a08481ef01949d467ed95", "name": "exchange-outflow-total"}, {"id": "622a08471ef01949d467ed1b", "name": "exchange-netflow-total"}, {"id": "622a08481ef01949d467ed64", "name": "exchange-inflow-mean"}, {"id": "622a08481ef01949d467edc5", "name": "exchange-outflow-mean"}, {"id": "622a08481ef01949d467ed4c", "name": "exchange-inflow-top10"}, {"id": "622a08481ef01949d467edad", "name": "exchange-outflow-top10"}, {"id": "622a08481ef01949d467eddd", "name": "exchange-outflow-mean-ma7"}, {"id": "622a08481ef01949d467ed7c", "name": "exchange-inflow-mean-ma7"}, {"id": "622a08481ef01949d467edf6", "name": "exchange-depositing-transactions"}, {"id": "622a08481ef01949d467ee0e", "name": "exchange-withdrawing-transactions"}, {"id": "622a08481ef01949d467ee27", "name": "exchange-depositing-addresses"}, {"id": "622a08481ef01949d467ee3f", "name": "exchange-withdrawing-addresses"}], "market-data": [{"id": "61ca73d9def50741844a0ebd", "name": "price-volume"}]}