{"exchange-flows": [{"id": "622a08461ef01949d467eb7b", "name": "exchange-reserve"}, {"id": "622a08461ef01949d467eb93", "name": "exchange-reserve-usd"}, {"id": "622a08461ef01949d467ebc5", "name": "exchange-inflow-total"}, {"id": "622a08461ef01949d467ec26", "name": "exchange-outflow-total"}, {"id": "622a08461ef01949d467ebac", "name": "exchange-netflow-total"}, {"id": "622a08461ef01949d467ebf5", "name": "exchange-inflow-mean"}, {"id": "622a08471ef01949d467ec56", "name": "exchange-outflow-mean"}, {"id": "622a08461ef01949d467ebdd", "name": "exchange-inflow-top10"}, {"id": "622a08471ef01949d467ec3e", "name": "exchange-outflow-top10"}, {"id": "622a08471ef01949d467ec6e", "name": "exchange-outflow-mean-ma7"}, {"id": "622a08461ef01949d467ec0d", "name": "exchange-inflow-mean-ma7"}, {"id": "622a08471ef01949d467ec87", "name": "exchange-depositing-transactions"}, {"id": "622a08471ef01949d467ec9f", "name": "exchange-withdrawing-transactions"}, {"id": "622a08471ef01949d467ecb8", "name": "exchange-depositing-addresses"}, {"id": "622a08471ef01949d467ecd0", "name": "exchange-withdrawing-addresses"}], "market-data": [{"id": "61ca73d9def50741844a0eb3", "name": "price-volume"}], "addresses": [{"id": "62b458a094489c5a09fe1adb", "name": "active-addresses"}, {"id": "62b458a094489c5a09fe1ade", "name": "active-sending-addresses"}, {"id": "62b458a094489c5a09fe1ae1", "name": "active-receiving-addresses"}], "supply": [{"id": "62b458a094489c5a09fe1ae4", "name": "total-supply"}, {"id": "62b458a094489c5a09fe1aed", "name": "velocity"}, {"id": "62b458a094489c5a09fe1ae7", "name": "minted-supply"}, {"id": "62b458a094489c5a09fe1aea", "name": "burned-supply"}], "transactions": [{"id": "62b458a094489c5a09fe1af0", "name": "transaction-count-total"}, {"id": "62b458a094489c5a09fe1af3", "name": "transaction-count-mean"}, {"id": "62b458a094489c5a09fe1af6", "name": "transfer-count-total"}, {"id": "62b458a094489c5a09fe1af9", "name": "transfer-count-mean"}, {"id": "62b458a094489c5a09fe1afc", "name": "tokens-transferred-total"}, {"id": "62b458a094489c5a09fe1aff", "name": "tokens-transferred-mean"}, {"id": "62b458a094489c5a09fe1b02", "name": "tokens-transferred-median"}]}