{"exchange-flows": [{"id": "622a08221ef01949d467bf61", "name": "exchange-reserve"}, {"id": "622a08221ef01949d467bf7e", "name": "exchange-reserve-usd"}, {"id": "622a08221ef01949d467bfba", "name": "exchange-inflow-total"}, {"id": "622a08221ef01949d467c02f", "name": "exchange-outflow-total"}, {"id": "622a08221ef01949d467bf9c", "name": "exchange-netflow-total"}, {"id": "622a08221ef01949d467bff4", "name": "exchange-inflow-mean"}, {"id": "622a08221ef01949d467c069", "name": "exchange-outflow-mean"}, {"id": "622a08221ef01949d467bfd7", "name": "exchange-inflow-top10"}, {"id": "622a08221ef01949d467c04c", "name": "exchange-outflow-top10"}, {"id": "622a08231ef01949d467c086", "name": "exchange-outflow-mean-ma7"}, {"id": "622a08221ef01949d467c011", "name": "exchange-inflow-mean-ma7"}, {"id": "622a08231ef01949d467c0a4", "name": "exchange-depositing-transactions"}, {"id": "622a08231ef01949d467c0c1", "name": "exchange-withdrawing-transactions"}, {"id": "622a08231ef01949d467c0df", "name": "exchange-depositing-addresses"}, {"id": "622a08231ef01949d467c0fc", "name": "exchange-withdrawing-addresses"}], "flow-indicator": [{"id": "625fb9dca09f3d33d55edb35", "name": "exchange-supply-ratio"}], "market-data": [{"id": "61ca73d4def50741844a0daf", "name": "price-volume"}], "addresses": [{"id": "620e25702e920f5f0b2774c5", "name": "active-addresses"}, {"id": "620e25742e920f5f0b2774c8", "name": "active-sending-addresses"}, {"id": "620e25792e920f5f0b2774cb", "name": "active-receiving-addresses"}], "supply": [{"id": "620e253b2e920f5f0b2774a0", "name": "total-supply"}, {"id": "620e25462e920f5f0b2774a7", "name": "velocity"}, {"id": "620e2f60cdc76f4e17ed2250", "name": "minted-supply"}, {"id": "620e2f64cdc76f4e17ed2253", "name": "burned-supply"}], "transactions": [{"id": "620e254c2e920f5f0b2774ac", "name": "transaction-count-total"}, {"id": "620e25512e920f5f0b2774af", "name": "transaction-count-mean"}, {"id": "620e25562e920f5f0b2774b3", "name": "transfer-count-total"}, {"id": "620e255b2e920f5f0b2774b6", "name": "transfer-count-mean"}, {"id": "620e25602e920f5f0b2774ba", "name": "tokens-transferred-total"}, {"id": "620e25652e920f5f0b2774bd", "name": "tokens-transferred-mean"}, {"id": "620e25692e920f5f0b2774c0", "name": "tokens-transferred-median"}]}