{"addresses": [{"id": "625e23d8e3a6f37be8d2c811", "name": "active-addresses"}, {"id": "625e23d8e3a6f37be8d2c814", "name": "active-sending-addresses"}, {"id": "625e23d8e3a6f37be8d2c817", "name": "active-receiving-addresses"}], "supply": [{"id": "625e23d8e3a6f37be8d2c81c", "name": "total-supply"}, {"id": "625e23d8e3a6f37be8d2c826", "name": "velocity"}, {"id": "625e23d8e3a6f37be8d2c81f", "name": "minted-supply"}, {"id": "625e23d8e3a6f37be8d2c822", "name": "burned-supply"}], "transactions": [{"id": "625e23d8e3a6f37be8d2c82b", "name": "transaction-count-total"}, {"id": "625e23d8e3a6f37be8d2c82e", "name": "transaction-count-mean"}, {"id": "625e23d8e3a6f37be8d2c832", "name": "transfer-count-total"}, {"id": "625e23d8e3a6f37be8d2c835", "name": "transfer-count-mean"}, {"id": "625e23d8e3a6f37be8d2c839", "name": "tokens-transferred-total"}, {"id": "625e23d8e3a6f37be8d2c83c", "name": "tokens-transferred-mean"}, {"id": "625e23d8e3a6f37be8d2c83f", "name": "tokens-transferred-median"}]}