{"exchange-flows": [{"id": "61b6c5af1688d16782a87a09", "name": "exchange-reserve"}, {"id": "61b6c5b41688d16782a87a0a", "name": "exchange-reserve-usd"}, {"id": "61b6c5c31688d16782a87a0c", "name": "exchange-inflow-total"}, {"id": "61b6c5e11688d16782a87a10", "name": "exchange-outflow-total"}, {"id": "61b6c5be1688d16782a87a0b", "name": "exchange-netflow-total"}, {"id": "61b6c5d11688d16782a87a0e", "name": "exchange-inflow-mean"}, {"id": "61b6c5ea1688d16782a87a12", "name": "exchange-outflow-mean"}, {"id": "61b6c5cb1688d16782a87a0d", "name": "exchange-inflow-top10"}, {"id": "61b6c5e61688d16782a87a11", "name": "exchange-outflow-top10"}, {"id": "61b6c5d81688d16782a87a0f", "name": "exchange-inflow-mean-ma7"}, {"id": "61b6c5ef1688d16782a87a13", "name": "exchange-outflow-mean-ma7"}, {"id": "61b6c5f91688d16782a87a14", "name": "exchange-depositing-transactions"}, {"id": "61b6c6411688d16782a87a15", "name": "exchange-withdrawing-transactions"}, {"id": "61b6c64c1688d16782a87a16", "name": "exchange-depositing-addresses"}, {"id": "61b6c6521688d16782a87a17", "name": "exchange-withdrawing-addresses"}], "flow-indicator": [{"id": "625fb8aca09f3d33d55ed529", "name": "exchange-supply-ratio"}], "market-data": [{"id": "61c013fa62b04c1286a3ff1a", "name": "price-volume"}], "addresses": [{"id": "620e1bdd2e920f5f0b276e35", "name": "active-addresses"}, {"id": "620e1be22e920f5f0b276e38", "name": "active-sending-addresses"}, {"id": "620e1be72e920f5f0b276e3b", "name": "active-receiving-addresses"}], "supply": [{"id": "620e1ba52e920f5f0b276e10", "name": "total-supply"}, {"id": "620e1bb02e920f5f0b276e17", "name": "velocity"}, {"id": "620e2d98cdc76f4e17ed217e", "name": "minted-supply"}, {"id": "620e2d9dcdc76f4e17ed2181", "name": "burned-supply"}], "transactions": [{"id": "620e1bb72e920f5f0b276e1c", "name": "transaction-count-total"}, {"id": "620e1bbc2e920f5f0b276e1f", "name": "transaction-count-mean"}, {"id": "620e1bc22e920f5f0b276e23", "name": "transfer-count-total"}, {"id": "620e1bc72e920f5f0b276e26", "name": "transfer-count-mean"}, {"id": "620e1bcc2e920f5f0b276e2a", "name": "tokens-transferred-total"}, {"id": "620e1bd12e920f5f0b276e2d", "name": "tokens-transferred-mean"}, {"id": "620e1bd62e920f5f0b276e30", "name": "tokens-transferred-median"}]}