{"addresses": [{"id": "625e23d2e3a6f37be8d2c53c", "name": "active-addresses"}, {"id": "625e23d2e3a6f37be8d2c53f", "name": "active-sending-addresses"}, {"id": "625e23d2e3a6f37be8d2c542", "name": "active-receiving-addresses"}], "supply": [{"id": "625e23d2e3a6f37be8d2c547", "name": "total-supply"}, {"id": "625e23d2e3a6f37be8d2c551", "name": "velocity"}, {"id": "625e23d2e3a6f37be8d2c54a", "name": "minted-supply"}, {"id": "625e23d2e3a6f37be8d2c54d", "name": "burned-supply"}], "transactions": [{"id": "625e23d2e3a6f37be8d2c556", "name": "transaction-count-total"}, {"id": "625e23d2e3a6f37be8d2c559", "name": "transaction-count-mean"}, {"id": "625e23d2e3a6f37be8d2c55d", "name": "transfer-count-total"}, {"id": "625e23d2e3a6f37be8d2c560", "name": "transfer-count-mean"}, {"id": "625e23d2e3a6f37be8d2c564", "name": "tokens-transferred-total"}, {"id": "625e23d2e3a6f37be8d2c567", "name": "tokens-transferred-mean"}, {"id": "625e23d2e3a6f37be8d2c56a", "name": "tokens-transferred-median"}]}