{"exchange-flows": [{"id": "622a08421ef01949d467e602", "name": "exchange-reserve"}, {"id": "622a08421ef01949d467e61d", "name": "exchange-reserve-usd"}, {"id": "622a08421ef01949d467e655", "name": "exchange-inflow-total"}, {"id": "622a08421ef01949d467e6c2", "name": "exchange-outflow-total"}, {"id": "622a08421ef01949d467e639", "name": "exchange-netflow-total"}, {"id": "622a08421ef01949d467e68b", "name": "exchange-inflow-mean"}, {"id": "622a08421ef01949d467e6f8", "name": "exchange-outflow-mean"}, {"id": "622a08421ef01949d467e670", "name": "exchange-inflow-top10"}, {"id": "622a08421ef01949d467e6dd", "name": "exchange-outflow-top10"}, {"id": "622a08421ef01949d467e6a6", "name": "exchange-inflow-mean-ma7"}, {"id": "622a08421ef01949d467e713", "name": "exchange-outflow-mean-ma7"}, {"id": "622a08421ef01949d467e72f", "name": "exchange-depositing-transactions"}, {"id": "622a08421ef01949d467e74a", "name": "exchange-withdrawing-transactions"}, {"id": "622a08431ef01949d467e766", "name": "exchange-depositing-addresses"}, {"id": "622a08431ef01949d467e781", "name": "exchange-withdrawing-addresses"}], "flow-indicator": [{"id": "625fb8bba09f3d33d55ed571", "name": "exchange-supply-ratio"}], "market-data": [{"id": "61ca73d8def50741844a0e95", "name": "price-volume"}], "addresses": [{"id": "620e1c252e920f5f0b276e65", "name": "active-addresses"}, {"id": "620e1c2a2e920f5f0b276e68", "name": "active-sending-addresses"}, {"id": "620e1c2f2e920f5f0b276e6b", "name": "active-receiving-addresses"}], "supply": [{"id": "620e1bed2e920f5f0b276e40", "name": "total-supply"}, {"id": "620e1bf82e920f5f0b276e47", "name": "velocity"}, {"id": "620e2da4cdc76f4e17ed2184", "name": "minted-supply"}, {"id": "620e2da9cdc76f4e17ed2187", "name": "burned-supply"}], "transactions": [{"id": "620e1bff2e920f5f0b276e4c", "name": "transaction-count-total"}, {"id": "620e1c042e920f5f0b276e4f", "name": "transaction-count-mean"}, {"id": "620e1c0a2e920f5f0b276e53", "name": "transfer-count-total"}, {"id": "620e1c0f2e920f5f0b276e56", "name": "transfer-count-mean"}, {"id": "620e1c142e920f5f0b276e5a", "name": "tokens-transferred-total"}, {"id": "620e1c192e920f5f0b276e5d", "name": "tokens-transferred-mean"}, {"id": "620e1c1e2e920f5f0b276e60", "name": "tokens-transferred-median"}]}