{"addresses": [{"id": "625e23d3e3a6f37be8d2c5a4", "name": "active-addresses"}, {"id": "625e23d3e3a6f37be8d2c5a7", "name": "active-sending-addresses"}, {"id": "625e23d3e3a6f37be8d2c5aa", "name": "active-receiving-addresses"}], "supply": [{"id": "625e23d3e3a6f37be8d2c5af", "name": "total-supply"}, {"id": "625e23d3e3a6f37be8d2c5b9", "name": "velocity"}, {"id": "625e23d3e3a6f37be8d2c5b2", "name": "minted-supply"}, {"id": "625e23d3e3a6f37be8d2c5b5", "name": "burned-supply"}], "transactions": [{"id": "625e23d3e3a6f37be8d2c5be", "name": "transaction-count-total"}, {"id": "625e23d3e3a6f37be8d2c5c1", "name": "transaction-count-mean"}, {"id": "625e23d3e3a6f37be8d2c5c5", "name": "transfer-count-total"}, {"id": "625e23d3e3a6f37be8d2c5c8", "name": "transfer-count-mean"}, {"id": "625e23d3e3a6f37be8d2c5cc", "name": "tokens-transferred-total"}, {"id": "625e23d3e3a6f37be8d2c5cf", "name": "tokens-transferred-mean"}, {"id": "625e23d3e3a6f37be8d2c5d2", "name": "tokens-transferred-median"}]}