{"addresses": [{"id": "625e23cde3a6f37be8d2c299", "name": "active-addresses"}, {"id": "625e23cde3a6f37be8d2c29c", "name": "active-sending-addresses"}, {"id": "625e23cde3a6f37be8d2c29f", "name": "active-receiving-addresses"}], "supply": [{"id": "625e23cde3a6f37be8d2c2a4", "name": "total-supply"}, {"id": "625e23cde3a6f37be8d2c2ae", "name": "velocity"}, {"id": "625e23cde3a6f37be8d2c2a7", "name": "minted-supply"}, {"id": "625e23cde3a6f37be8d2c2aa", "name": "burned-supply"}], "transactions": [{"id": "625e23cde3a6f37be8d2c2b3", "name": "transaction-count-total"}, {"id": "625e23cde3a6f37be8d2c2b6", "name": "transaction-count-mean"}, {"id": "625e23cde3a6f37be8d2c2ba", "name": "transfer-count-total"}, {"id": "625e23cde3a6f37be8d2c2bd", "name": "transfer-count-mean"}, {"id": "625e23cde3a6f37be8d2c2c1", "name": "tokens-transferred-total"}, {"id": "625e23cde3a6f37be8d2c2c4", "name": "tokens-transferred-mean"}, {"id": "625e23cde3a6f37be8d2c2c7", "name": "tokens-transferred-median"}]}