{"exchange-flows": [{"id": "622a084c1ef01949d467f208", "name": "exchange-reserve"}, {"id": "622a084c1ef01949d467f21b", "name": "exchange-reserve-usd"}, {"id": "622a084c1ef01949d467f243", "name": "exchange-inflow-total"}, {"id": "622a084c1ef01949d467f290", "name": "exchange-outflow-total"}, {"id": "622a084c1ef01949d467f22f", "name": "exchange-netflow-total"}, {"id": "622a084c1ef01949d467f269", "name": "exchange-inflow-mean"}, {"id": "622a084c1ef01949d467f2b6", "name": "exchange-outflow-mean"}, {"id": "622a084c1ef01949d467f256", "name": "exchange-inflow-top10"}, {"id": "622a084c1ef01949d467f2a3", "name": "exchange-outflow-top10"}, {"id": "622a084c1ef01949d467f2c9", "name": "exchange-outflow-mean-ma7"}, {"id": "622a084c1ef01949d467f27c", "name": "exchange-inflow-mean-ma7"}, {"id": "622a084c1ef01949d467f2dd", "name": "exchange-depositing-transactions"}, {"id": "622a084c1ef01949d467f2f0", "name": "exchange-withdrawing-transactions"}, {"id": "622a084c1ef01949d467f304", "name": "exchange-depositing-addresses"}, {"id": "622a084c1ef01949d467f317", "name": "exchange-withdrawing-addresses"}], "market-data": [{"id": "61e92c55c1f2674475ba31b8", "name": "price-volume"}]}