{"addresses": [{"id": "625e23cee3a6f37be8d2c335", "name": "active-addresses"}, {"id": "625e23cee3a6f37be8d2c338", "name": "active-sending-addresses"}, {"id": "625e23cee3a6f37be8d2c33b", "name": "active-receiving-addresses"}], "supply": [{"id": "625e23cee3a6f37be8d2c340", "name": "total-supply"}, {"id": "625e23cee3a6f37be8d2c34a", "name": "velocity"}, {"id": "625e23cee3a6f37be8d2c343", "name": "minted-supply"}, {"id": "625e23cee3a6f37be8d2c346", "name": "burned-supply"}], "transactions": [{"id": "625e23cee3a6f37be8d2c34f", "name": "transaction-count-total"}, {"id": "625e23cee3a6f37be8d2c352", "name": "transaction-count-mean"}, {"id": "625e23cee3a6f37be8d2c356", "name": "transfer-count-total"}, {"id": "625e23cee3a6f37be8d2c359", "name": "transfer-count-mean"}, {"id": "625e23cee3a6f37be8d2c35d", "name": "tokens-transferred-total"}, {"id": "625e23cee3a6f37be8d2c360", "name": "tokens-transferred-mean"}, {"id": "625e23cee3a6f37be8d2c363", "name": "tokens-transferred-median"}]}