{"addresses": [{"id": "625e23cfe3a6f37be8d2c3d1", "name": "active-addresses"}, {"id": "625e23d0e3a6f37be8d2c3d4", "name": "active-sending-addresses"}, {"id": "625e23d0e3a6f37be8d2c3d7", "name": "active-receiving-addresses"}], "supply": [{"id": "625e23d0e3a6f37be8d2c3dc", "name": "total-supply"}, {"id": "625e23d0e3a6f37be8d2c3e6", "name": "velocity"}, {"id": "625e23d0e3a6f37be8d2c3df", "name": "minted-supply"}, {"id": "625e23d0e3a6f37be8d2c3e2", "name": "burned-supply"}], "transactions": [{"id": "625e23d0e3a6f37be8d2c3eb", "name": "transaction-count-total"}, {"id": "625e23d0e3a6f37be8d2c3ee", "name": "transaction-count-mean"}, {"id": "625e23d0e3a6f37be8d2c3f2", "name": "transfer-count-total"}, {"id": "625e23d0e3a6f37be8d2c3f5", "name": "transfer-count-mean"}, {"id": "625e23d0e3a6f37be8d2c3f9", "name": "tokens-transferred-total"}, {"id": "625e23d0e3a6f37be8d2c3fc", "name": "tokens-transferred-mean"}, {"id": "625e23d0e3a6f37be8d2c3ff", "name": "tokens-transferred-median"}]}