{"addresses": [{"id": "625e23dce3a6f37be8d2ca45", "name": "active-addresses"}, {"id": "625e23dce3a6f37be8d2ca48", "name": "active-sending-addresses"}, {"id": "625e23dce3a6f37be8d2ca4b", "name": "active-receiving-addresses"}], "supply": [{"id": "625e23dce3a6f37be8d2ca50", "name": "total-supply"}, {"id": "625e23dce3a6f37be8d2ca5a", "name": "velocity"}, {"id": "625e23dce3a6f37be8d2ca53", "name": "minted-supply"}, {"id": "625e23dce3a6f37be8d2ca56", "name": "burned-supply"}], "transactions": [{"id": "625e23dce3a6f37be8d2ca5f", "name": "transaction-count-total"}, {"id": "625e23dce3a6f37be8d2ca62", "name": "transaction-count-mean"}, {"id": "625e23dce3a6f37be8d2ca66", "name": "transfer-count-total"}, {"id": "625e23dce3a6f37be8d2ca69", "name": "transfer-count-mean"}, {"id": "625e23dce3a6f37be8d2ca6d", "name": "tokens-transferred-total"}, {"id": "625e23dce3a6f37be8d2ca70", "name": "tokens-transferred-mean"}, {"id": "625e23dce3a6f37be8d2ca73", "name": "tokens-transferred-median"}]}