{"exchange-flows": [{"id": "61b1a4944f680e68001c6ecb", "name": "exchange-reserve"}, {"id": "61b1a4b14f680e68001c6ecd", "name": "exchange-inflow-total"}, {"id": "61b1a4d34f680e68001c6ed1", "name": "exchange-outflow-total"}, {"id": "61b1a4a34f680e68001c6ecc", "name": "exchange-netflow-total"}, {"id": "61b1a4be4f680e68001c6ecf", "name": "exchange-inflow-mean"}, {"id": "61b1a4e04f680e68001c6ed3", "name": "exchange-outflow-mean"}, {"id": "61b1a4b64f680e68001c6ece", "name": "exchange-inflow-top10"}, {"id": "61b1a4da4f680e68001c6ed2", "name": "exchange-outflow-top10"}, {"id": "61b1a4c34f680e68001c6ed0", "name": "exchange-inflow-mean-ma7"}, {"id": "61b1a4e54f680e68001c6ed4", "name": "exchange-outflow-mean-ma7"}, {"id": "61b1a4f44f680e68001c6ed5", "name": "exchange-depositing-transactions"}, {"id": "61b1a4fa4f680e68001c6ed6", "name": "exchange-withdrawing-transactions"}, {"id": "61b1a5074f680e68001c6ed7", "name": "exchange-depositing-addresses"}, {"id": "61b1a50d4f680e68001c6ed8", "name": "exchange-withdrawing-addresses"}], "flow-indicator": [{"id": "625fb87ea09f3d33d55ed441", "name": "exchange-supply-ratio"}], "market-data": [{"id": "61b1a62c4f680e68001c6f58", "name": "market-cap"}, {"id": "61bc5b78390ee207915d12d4", "name": "price-volume"}], "addresses": [{"id": "61b1aa094f680e68001c6f7c", "name": "active-addresses"}, {"id": "61b1aa3e4f680e68001c6f7e", "name": "active-sending-addresses"}, {"id": "61b1aa434f680e68001c6f7f", "name": "active-receiving-addresses"}, {"id": "61b1aa484f680e68001c6f80", "name": "active-sending-addresses-percent"}, {"id": "61b1aa4d4f680e68001c6f81", "name": "active-receiving-addresses-percent"}], "supply": [{"id": "61b1a9a04f680e68001c6f6f", "name": "total-supply"}, {"id": "61b1a9b14f680e68001c6f72", "name": "circulating-supply"}, {"id": "61b1a9a64f680e68001c6f70", "name": "minted-supply"}, {"id": "61b1a9ab4f680e68001c6f71", "name": "burned-supply"}, {"id": "61b1a9b64f680e68001c6f73", "name": "issued-supply"}, {"id": "61b1a9bb4f680e68001c6f74", "name": "redeemed-supply"}, {"id": "61b1a9d14f680e68001c6f76", "name": "mint-event-count"}, {"id": "61b1a9d64f680e68001c6f77", "name": "issue-event-count"}, {"id": "61b1a9db4f680e68001c6f78", "name": "burn-event-count"}, {"id": "61b1a9e14f680e68001c6f79", "name": "redeem-event-count"}], "transactions": [{"id": "61b1a9cd4f680e68001c6f75", "name": "transfer-event-count"}, {"id": "61b1a9ef4f680e68001c6f7a", "name": "tokens-transferred-total"}, {"id": "61b1a9f44f680e68001c6f7b", "name": "tokens-transferred-mean"}]}