{"exchange-flows": [{"id": "622a080e1ef01949d467a91d", "name": "exchange-reserve"}, {"id": "622a080e1ef01949d467a93d", "name": "exchange-reserve-usd"}, {"id": "622a080f1ef01949d467a97f", "name": "exchange-inflow-total"}, {"id": "622a080f1ef01949d467aa00", "name": "exchange-outflow-total"}, {"id": "622a080e1ef01949d467a95e", "name": "exchange-netflow-total"}, {"id": "622a080f1ef01949d467a9bf", "name": "exchange-inflow-mean"}, {"id": "622a080f1ef01949d467aa40", "name": "exchange-outflow-mean"}, {"id": "622a080f1ef01949d467a99f", "name": "exchange-inflow-top10"}, {"id": "622a080f1ef01949d467aa20", "name": "exchange-outflow-top10"}, {"id": "622a080f1ef01949d467aa60", "name": "exchange-outflow-mean-ma7"}, {"id": "622a080f1ef01949d467a9df", "name": "exchange-inflow-mean-ma7"}, {"id": "622a080f1ef01949d467aa81", "name": "exchange-depositing-transactions"}, {"id": "622a080f1ef01949d467aaa1", "name": "exchange-withdrawing-transactions"}, {"id": "622a080f1ef01949d467aac2", "name": "exchange-depositing-addresses"}, {"id": "622a08101ef01949d467aae2", "name": "exchange-withdrawing-addresses"}], "flow-indicator": [{"id": "625fb991a09f3d33d55ed9bc", "name": "exchange-supply-ratio"}], "market-data": [{"id": "61ca73d2def50741844a0d19", "name": "price-volume"}], "addresses": [{"id": "620e21fc2e920f5f0b277255", "name": "active-addresses"}, {"id": "620e22002e920f5f0b277258", "name": "active-sending-addresses"}, {"id": "620e22042e920f5f0b27725b", "name": "active-receiving-addresses"}], "supply": [{"id": "620e21d02e920f5f0b277230", "name": "total-supply"}, {"id": "620e21da2e920f5f0b277237", "name": "velocity"}, {"id": "620e2eb6cdc76f4e17ed2202", "name": "minted-supply"}, {"id": "620e2ebbcdc76f4e17ed2205", "name": "burned-supply"}], "transactions": [{"id": "620e21e12e920f5f0b27723c", "name": "transaction-count-total"}, {"id": "620e21e52e920f5f0b27723f", "name": "transaction-count-mean"}, {"id": "620e21e92e920f5f0b277243", "name": "transfer-count-total"}, {"id": "620e21ed2e920f5f0b277246", "name": "transfer-count-mean"}, {"id": "620e21f12e920f5f0b27724a", "name": "tokens-transferred-total"}, {"id": "620e21f42e920f5f0b27724d", "name": "tokens-transferred-mean"}, {"id": "620e21f72e920f5f0b277250", "name": "tokens-transferred-median"}]}