{"exchange-flows": [{"id": "622a08251ef01949d467c2a0", "name": "exchange-reserve"}, {"id": "622a08251ef01949d467c2cb", "name": "exchange-reserve-usd"}, {"id": "622a08251ef01949d467c323", "name": "exchange-inflow-total"}, {"id": "622a08261ef01949d467c3d0", "name": "exchange-outflow-total"}, {"id": "622a08251ef01949d467c2f7", "name": "exchange-netflow-total"}, {"id": "622a08251ef01949d467c379", "name": "exchange-inflow-mean"}, {"id": "622a08261ef01949d467c426", "name": "exchange-outflow-mean"}, {"id": "622a08251ef01949d467c34e", "name": "exchange-inflow-top10"}, {"id": "622a08261ef01949d467c3fb", "name": "exchange-outflow-top10"}, {"id": "622a08261ef01949d467c451", "name": "exchange-outflow-mean-ma7"}, {"id": "622a08251ef01949d467c3a4", "name": "exchange-inflow-mean-ma7"}, {"id": "622a08261ef01949d467c47d", "name": "exchange-depositing-transactions"}, {"id": "622a08261ef01949d467c4a8", "name": "exchange-withdrawing-transactions"}, {"id": "622a08261ef01949d467c4d4", "name": "exchange-depositing-addresses"}, {"id": "622a08261ef01949d467c4ff", "name": "exchange-withdrawing-addresses"}], "market-data": [{"id": "61ca73d5def50741844a0dcd", "name": "price-volume"}], "addresses": [{"id": "625e23d0e3a6f37be8d2c46c", "name": "active-addresses"}, {"id": "625e23d0e3a6f37be8d2c46f", "name": "active-sending-addresses"}, {"id": "625e23d0e3a6f37be8d2c472", "name": "active-receiving-addresses"}], "supply": [{"id": "625e23d1e3a6f37be8d2c477", "name": "total-supply"}, {"id": "625e23d1e3a6f37be8d2c481", "name": "velocity"}, {"id": "625e23d1e3a6f37be8d2c47a", "name": "minted-supply"}, {"id": "625e23d1e3a6f37be8d2c47d", "name": "burned-supply"}], "transactions": [{"id": "625e23d1e3a6f37be8d2c486", "name": "transaction-count-total"}, {"id": "625e23d1e3a6f37be8d2c489", "name": "transaction-count-mean"}, {"id": "625e23d1e3a6f37be8d2c48d", "name": "transfer-count-total"}, {"id": "625e23d1e3a6f37be8d2c490", "name": "transfer-count-mean"}, {"id": "625e23d1e3a6f37be8d2c494", "name": "tokens-transferred-total"}, {"id": "625e23d1e3a6f37be8d2c497", "name": "tokens-transferred-mean"}, {"id": "625e23d1e3a6f37be8d2c49a", "name": "tokens-transferred-median"}]}