{"exchange-flows": [{"id": "622a083f1ef01949d467e29d", "name": "exchange-reserve"}, {"id": "622a083f1ef01949d467e2b2", "name": "exchange-reserve-usd"}, {"id": "622a083f1ef01949d467e2de", "name": "exchange-inflow-total"}, {"id": "622a083f1ef01949d467e333", "name": "exchange-outflow-total"}, {"id": "622a083f1ef01949d467e2c8", "name": "exchange-netflow-total"}, {"id": "622a083f1ef01949d467e308", "name": "exchange-inflow-mean"}, {"id": "622a083f1ef01949d467e35d", "name": "exchange-outflow-mean"}, {"id": "622a083f1ef01949d467e2f3", "name": "exchange-inflow-top10"}, {"id": "622a083f1ef01949d467e348", "name": "exchange-outflow-top10"}, {"id": "622a083f1ef01949d467e372", "name": "exchange-outflow-mean-ma7"}, {"id": "622a083f1ef01949d467e31d", "name": "exchange-inflow-mean-ma7"}, {"id": "622a083f1ef01949d467e388", "name": "exchange-depositing-transactions"}, {"id": "622a08401ef01949d467e39d", "name": "exchange-withdrawing-transactions"}, {"id": "622a08401ef01949d467e3b3", "name": "exchange-depositing-addresses"}, {"id": "622a08401ef01949d467e3c8", "name": "exchange-withdrawing-addresses"}], "flow-indicator": [{"id": "625fb8b6a09f3d33d55ed55a", "name": "exchange-supply-ratio"}], "market-data": [{"id": "61ca73d8def50741844a0e81", "name": "price-volume"}], "addresses": [{"id": "625e23dbe3a6f37be8d2c9aa", "name": "active-addresses"}, {"id": "625e23dbe3a6f37be8d2c9ad", "name": "active-sending-addresses"}, {"id": "625e23dbe3a6f37be8d2c9b0", "name": "active-receiving-addresses"}], "supply": [{"id": "625e23dbe3a6f37be8d2c9b5", "name": "total-supply"}, {"id": "625e23dbe3a6f37be8d2c9bf", "name": "velocity"}, {"id": "625e23dbe3a6f37be8d2c9b8", "name": "minted-supply"}, {"id": "625e23dbe3a6f37be8d2c9bb", "name": "burned-supply"}], "transactions": [{"id": "625e23dbe3a6f37be8d2c9c4", "name": "transaction-count-total"}, {"id": "625e23dbe3a6f37be8d2c9c7", "name": "transaction-count-mean"}, {"id": "625e23dbe3a6f37be8d2c9cb", "name": "transfer-count-total"}, {"id": "625e23dbe3a6f37be8d2c9ce", "name": "transfer-count-mean"}, {"id": "625e23dbe3a6f37be8d2c9d2", "name": "tokens-transferred-total"}, {"id": "625e23dbe3a6f37be8d2c9d5", "name": "tokens-transferred-mean"}, {"id": "625e23dbe3a6f37be8d2c9d8", "name": "tokens-transferred-median"}]}