{"exchange-flows": [{"id": "622a08111ef01949d467acdc", "name": "exchange-reserve"}, {"id": "622a08111ef01949d467acfa", "name": "exchange-reserve-usd"}, {"id": "622a08121ef01949d467ad38", "name": "exchange-inflow-total"}, {"id": "622a08121ef01949d467adb1", "name": "exchange-outflow-total"}, {"id": "622a08111ef01949d467ad19", "name": "exchange-netflow-total"}, {"id": "622a08121ef01949d467ad74", "name": "exchange-inflow-mean"}, {"id": "622a08121ef01949d467aded", "name": "exchange-outflow-mean"}, {"id": "622a08121ef01949d467ad56", "name": "exchange-inflow-top10"}, {"id": "622a08121ef01949d467adcf", "name": "exchange-outflow-top10"}, {"id": "622a08121ef01949d467ae0b", "name": "exchange-outflow-mean-ma7"}, {"id": "622a08121ef01949d467ad92", "name": "exchange-inflow-mean-ma7"}, {"id": "622a08121ef01949d467ae2a", "name": "exchange-depositing-transactions"}, {"id": "622a08121ef01949d467ae48", "name": "exchange-withdrawing-transactions"}, {"id": "622a08121ef01949d467ae67", "name": "exchange-depositing-addresses"}, {"id": "622a08131ef01949d467ae85", "name": "exchange-withdrawing-addresses"}], "flow-indicator": [{"id": "625fb99ea09f3d33d55ed9ff", "name": "exchange-supply-ratio"}], "market-data": [{"id": "61ca73d2def50741844a0d2d", "name": "price-volume"}], "addresses": [{"id": "620e22822e920f5f0b2772b5", "name": "active-addresses"}, {"id": "620e22872e920f5f0b2772b8", "name": "active-sending-addresses"}, {"id": "620e228b2e920f5f0b2772bb", "name": "active-receiving-addresses"}], "supply": [{"id": "620e224e2e920f5f0b277290", "name": "total-supply"}, {"id": "620e22582e920f5f0b277297", "name": "velocity"}, {"id": "620e2ed0cdc76f4e17ed220e", "name": "minted-supply"}, {"id": "620e2ed5cdc76f4e17ed2211", "name": "burned-supply"}], "transactions": [{"id": "620e225e2e920f5f0b27729c", "name": "transaction-count-total"}, {"id": "620e22632e920f5f0b27729f", "name": "transaction-count-mean"}, {"id": "620e22682e920f5f0b2772a3", "name": "transfer-count-total"}, {"id": "620e226d2e920f5f0b2772a6", "name": "transfer-count-mean"}, {"id": "620e22722e920f5f0b2772aa", "name": "tokens-transferred-total"}, {"id": "620e22772e920f5f0b2772ad", "name": "tokens-transferred-mean"}, {"id": "620e227c2e920f5f0b2772b0", "name": "tokens-transferred-median"}]}