{"exchange-flows": [{"id": "61b6d9571688d16782a882b2", "name": "exchange-reserve"}, {"id": "61b6d95d1688d16782a882b3", "name": "exchange-reserve-usd"}, {"id": "61b6d96f1688d16782a882b5", "name": "exchange-inflow-total"}, {"id": "61b6d98a1688d16782a882b9", "name": "exchange-outflow-total"}, {"id": "61b6d9671688d16782a882b4", "name": "exchange-netflow-total"}, {"id": "61b6d97b1688d16782a882b7", "name": "exchange-inflow-mean"}, {"id": "61b6d9931688d16782a882bb", "name": "exchange-outflow-mean"}, {"id": "61b6d9741688d16782a882b6", "name": "exchange-inflow-top10"}, {"id": "61b6d98e1688d16782a882ba", "name": "exchange-outflow-top10"}, {"id": "61b6d97f1688d16782a882b8", "name": "exchange-inflow-mean-ma7"}, {"id": "61b6d9971688d16782a882bc", "name": "exchange-outflow-mean-ma7"}, {"id": "61b6d99f1688d16782a882bd", "name": "exchange-depositing-transactions"}, {"id": "61b6d9a41688d16782a882be", "name": "exchange-withdrawing-transactions"}, {"id": "61b6d9ad1688d16782a882bf", "name": "exchange-depositing-addresses"}, {"id": "61b6d9b11688d16782a882c0", "name": "exchange-withdrawing-addresses"}], "market-data": [{"id": "61c0151a62b04c1286a3ff3e", "name": "price-volume"}]}