{"exchange-flows": [{"id": "622a08381ef01949d467da28", "name": "exchange-reserve"}, {"id": "622a08381ef01949d467da40", "name": "exchange-reserve-usd"}, {"id": "622a08381ef01949d467da72", "name": "exchange-inflow-total"}, {"id": "622a08381ef01949d467dad3", "name": "exchange-outflow-total"}, {"id": "622a08381ef01949d467da59", "name": "exchange-netflow-total"}, {"id": "622a08381ef01949d467daa2", "name": "exchange-inflow-mean"}, {"id": "622a08391ef01949d467db03", "name": "exchange-outflow-mean"}, {"id": "622a08381ef01949d467da8a", "name": "exchange-inflow-top10"}, {"id": "622a08381ef01949d467daeb", "name": "exchange-outflow-top10"}, {"id": "622a08391ef01949d467db1b", "name": "exchange-outflow-mean-ma7"}, {"id": "622a08381ef01949d467daba", "name": "exchange-inflow-mean-ma7"}, {"id": "622a08391ef01949d467db34", "name": "exchange-depositing-transactions"}, {"id": "622a08391ef01949d467db4c", "name": "exchange-withdrawing-transactions"}, {"id": "622a08391ef01949d467db65", "name": "exchange-depositing-addresses"}, {"id": "622a08391ef01949d467db7d", "name": "exchange-withdrawing-addresses"}], "flow-indicator": [{"id": "625fb938a09f3d33d55ed7e7", "name": "exchange-supply-ratio"}], "market-data": [{"id": "61ca73d7def50741844a0e45", "name": "price-volume"}], "addresses": [{"id": "620e1f392e920f5f0b277075", "name": "active-addresses"}, {"id": "620e1f3e2e920f5f0b277078", "name": "active-sending-addresses"}, {"id": "620e1f432e920f5f0b27707b", "name": "active-receiving-addresses"}], "supply": [{"id": "620e1f022e920f5f0b277050", "name": "total-supply"}, {"id": "620e1f0d2e920f5f0b277057", "name": "velocity"}, {"id": "620e2e34cdc76f4e17ed21c6", "name": "minted-supply"}, {"id": "620e2e38cdc76f4e17ed21c9", "name": "burned-supply"}], "transactions": [{"id": "620e1f142e920f5f0b27705c", "name": "transaction-count-total"}, {"id": "620e1f182e920f5f0b27705f", "name": "transaction-count-mean"}, {"id": "620e1f1e2e920f5f0b277063", "name": "transfer-count-total"}, {"id": "620e1f232e920f5f0b277066", "name": "transfer-count-mean"}, {"id": "620e1f292e920f5f0b27706a", "name": "tokens-transferred-total"}, {"id": "620e1f2e2e920f5f0b27706d", "name": "tokens-transferred-mean"}, {"id": "620e1f332e920f5f0b277070", "name": "tokens-transferred-median"}]}