[{"metric_id": "61af10e556f85872fa84fc34", "metric_full_name": "STABLE_exchange-reserve", "chart_id": "61af11a0cd2e77148b8a0118", "chart_name": "All Stablecoins(ERC20) - Exchange Reserve - All Exchanges"}, {"metric_id": "61af13a556f85872fa84fc3d", "metric_full_name": "STABLE_exchange-inflow-total", "chart_id": "61af1b6856e8456e3457bc59", "chart_name": "All Stablecoins(ERC20) - Exchange Inflow (Total) - All Exchanges"}, {"metric_id": "61af13cb56f85872fa84fc41", "metric_full_name": "STABLE_exchange-outflow-total", "chart_id": "61af1b7956e8456e3457bd0d", "chart_name": "All Stablecoins(ERC20) - Exchange Outflow (Total) - All Exchanges"}, {"metric_id": "61af138856f85872fa84fc3c", "metric_full_name": "STABLE_exchange-netflow-total", "chart_id": "61af1b5056e8456e3457bc2c", "chart_name": "All Stablecoins(ERC20) - Exchange Netflow (Total) - All Exchanges"}, {"metric_id": "61af13b256f85872fa84fc3f", "metric_full_name": "STABLE_exchange-inflow-mean", "chart_id": "61af1b7256e8456e3457bcb3", "chart_name": "All Stablecoins(ERC20) - Exchange Inflow (Mean) - All Exchanges"}, {"metric_id": "61af13d756f85872fa84fc43", "metric_full_name": "STABLE_exchange-outflow-mean", "chart_id": "61af1b8056e8456e3457bd67", "chart_name": "All Stablecoins(ERC20) - Exchange Outflow (Mean) - All Exchanges"}, {"metric_id": "61af13ab56f85872fa84fc3e", "metric_full_name": "STABLE_exchange-inflow-top10", "chart_id": "61af1b6e56e8456e3457bc86", "chart_name": "All Stablecoins(ERC20) - Exchange Inflow (Top10) - All Exchanges"}, {"metric_id": "61af13d056f85872fa84fc42", "metric_full_name": "STABLE_exchange-outflow-top10", "chart_id": "61af1b7d56e8456e3457bd3a", "chart_name": "All Stablecoins(ERC20) - Exchange Outflow (Top10) - All Exchanges"}, {"metric_id": "61af13b756f85872fa84fc40", "metric_full_name": "STABLE_exchange-inflow-mean-ma7", "chart_id": "61af1b7656e8456e3457bce0", "chart_name": "All Stablecoins(ERC20) - Exchange Inflow (Mean, MA7) - All Exchanges"}, {"metric_id": "61af13f256f85872fa84fc44", "metric_full_name": "STABLE_exchange-outflow-mean-ma7", "chart_id": "61af1b8356e8456e3457bd94", "chart_name": "All Stablecoins(ERC20) - Exchange Outflow (Mean, MA7) - All Exchanges"}, {"metric_id": "61af140a56f85872fa84fc45", "metric_full_name": "STABLE_exchange-depositing-transactions", "chart_id": "61af1b8756e8456e3457bdc1", "chart_name": "All Stablecoins(ERC20) - Exchange Depositing Transactions - All Exchanges"}, {"metric_id": "61af141056f85872fa84fc46", "metric_full_name": "STABLE_exchange-withdrawing-transactions", "chart_id": "61af1b8b56e8456e3457bdee", "chart_name": "All Stablecoins(ERC20) - Exchange Withdrawing Transactions - All Exchanges"}, {"metric_id": "61af142356f85872fa84fc47", "metric_full_name": "STABLE_exchange-depositing-addresses", "chart_id": "61af1b8d56e8456e3457be1b", "chart_name": "All Stablecoins(ERC20) - Exchange Depositing Addresses - All Exchanges"}, {"metric_id": "61af142756f85872fa84fc48", "metric_full_name": "STABLE_exchange-withdrawing-addresses", "chart_id": "61af1b8f56e8456e3457be48", "chart_name": "All Stablecoins(ERC20) - Exchange Withdrawing Addresses - All Exchanges"}, {"metric_id": "625fb844a09f3d33d55ed35c", "metric_full_name": "STABLE_exchange-supply-ratio", "chart_id": "625fb854a09f3d33d55ed38b", "chart_name": "All Stablecoins(ERC20) - Exchange Supply Ratio - All Exchanges"}, {"metric_id": "61af1ea756e8456e3457be97", "metric_full_name": "STABLE_active-addresses", "chart_id": "61af1f8d56e8456e3457bea9", "chart_name": "All Stablecoins(ERC20) - Active Addresses"}, {"metric_id": "61af1eb156e8456e3457be98", "metric_full_name": "STABLE_active-sending-addresses", "chart_id": "61af1f9056e8456e3457beaa", "chart_name": "All Stablecoins(ERC20) - Active Sending Addresses"}, {"metric_id": "61af1ebb56e8456e3457be99", "metric_full_name": "STABLE_active-receiving-addresses", "chart_id": "61af1f9356e8456e3457beab", "chart_name": "All Stablecoins(ERC20) - Active Receiving Addresses"}, {"metric_id": "61af1ec456e8456e3457be9a", "metric_full_name": "STABLE_active-sending-addresses-percent", "chart_id": "61af1f9656e8456e3457beac", "chart_name": "All Stablecoins(ERC20) - Active Sending Addresses (%)"}, {"metric_id": "61af1ecc56e8456e3457be9b", "metric_full_name": "STABLE_active-receiving-addresses-percent", "chart_id": "61af1f9a56e8456e3457bead", "chart_name": "All Stablecoins(ERC20) - Active Receiving Addresses (%)"}, {"metric_id": "61af1df056e8456e3457be8b", "metric_full_name": "STABLE_total-supply", "chart_id": "61af201056e8456e3457beae", "chart_name": "All Stablecoins(ERC20) - Total Supply"}, {"metric_id": "61af1e0a56e8456e3457be8e", "metric_full_name": "STABLE_circulating-supply", "chart_id": "61af1f6e56e8456e3457be9f", "chart_name": "All Stablecoins(ERC20) - Circulating Supply"}, {"metric_id": "61af1df956e8456e3457be8c", "metric_full_name": "STABLE_minted-supply", "chart_id": "61af1f6756e8456e3457be9d", "chart_name": "All Stablecoins(ERC20) - Minted Supply"}, {"metric_id": "61af1e0a56e8456e3457be8d", "metric_full_name": "STABLE_burned-supply", "chart_id": "61af1f6b56e8456e3457be9e", "chart_name": "All Stablecoins(ERC20) - Burned Supply"}, {"metric_id": "61af1e1156e8456e3457be8f", "metric_full_name": "STABLE_issued-supply", "chart_id": "61af1f7256e8456e3457bea0", "chart_name": "All Stablecoins(ERC20) - Issued Supply"}, {"metric_id": "61af1e1956e8456e3457be8g", "metric_full_name": "STABLE_redeemed-supply", "chart_id": "61af1f7556e8456e3457bea1", "chart_name": "All Stablecoins(ERC20) - Redeemed Supply"}, {"metric_id": "61af1e3956e8456e3457be91", "metric_full_name": "STABLE_mint-event-count", "chart_id": "61af1f7b56e8456e3457bea3", "chart_name": "All Stablecoins(ERC20) - Mint Event Count"}, {"metric_id": "61af1e4156e8456e3457be92", "metric_full_name": "STABLE_issue-event-count", "chart_id": "61af1f7e56e8456e3457bea4", "chart_name": "All Stablecoins(ERC20) - Issue Event Count"}, {"metric_id": "61af1e4956e8456e3457be93", "metric_full_name": "STABLE_burn-event-count", "chart_id": "61af1f8056e8456e3457bea5", "chart_name": "All Stablecoins(ERC20) - Burn Event Count"}, {"metric_id": "61af1e5456e8456e3457be94", "metric_full_name": "STABLE_redeem-event-count", "chart_id": "61af1f8356e8456e3457bea6", "chart_name": "All Stablecoins(ERC20) - Redeem Event Count"}, {"metric_id": "61af1e3156e8456e3457be90", "metric_full_name": "STABLE_transfer-event-count", "chart_id": "61af1f7856e8456e3457bea2", "chart_name": "All Stablecoins(ERC20) - Transfer Event Count"}, {"metric_id": "61af1e8e56e8456e3457be95", "metric_full_name": "STABLE_tokens-transferred-total", "chart_id": "61af1f8656e8456e3457bea7", "chart_name": "All Stablecoins(ERC20) - Tokens Transferred (Total)"}, {"metric_id": "61af1e9456e8456e3457be96", "metric_full_name": "STABLE_tokens-transferred-mean", "chart_id": "61af1f8956e8456e3457bea8", "chart_name": "All Stablecoins(ERC20) - Tokens Transferred (Mean)"}]