{"exchange-flows": [{"id": "61af10e556f85872fa84fc34", "name": "exchange-reserve"}, {"id": "61af13a556f85872fa84fc3d", "name": "exchange-inflow-total"}, {"id": "61af13cb56f85872fa84fc41", "name": "exchange-outflow-total"}, {"id": "61af138856f85872fa84fc3c", "name": "exchange-netflow-total"}, {"id": "61af13b256f85872fa84fc3f", "name": "exchange-inflow-mean"}, {"id": "61af13d756f85872fa84fc43", "name": "exchange-outflow-mean"}, {"id": "61af13ab56f85872fa84fc3e", "name": "exchange-inflow-top10"}, {"id": "61af13d056f85872fa84fc42", "name": "exchange-outflow-top10"}, {"id": "61af13b756f85872fa84fc40", "name": "exchange-inflow-mean-ma7"}, {"id": "61af13f256f85872fa84fc44", "name": "exchange-outflow-mean-ma7"}, {"id": "61af140a56f85872fa84fc45", "name": "exchange-depositing-transactions"}, {"id": "61af141056f85872fa84fc46", "name": "exchange-withdrawing-transactions"}, {"id": "61af142356f85872fa84fc47", "name": "exchange-depositing-addresses"}, {"id": "61af142756f85872fa84fc48", "name": "exchange-withdrawing-addresses"}], "flow-indicator": [{"id": "625fb844a09f3d33d55ed35c", "name": "exchange-supply-ratio"}], "addresses": [{"id": "61af1ea756e8456e3457be97", "name": "active-addresses"}, {"id": "61af1eb156e8456e3457be98", "name": "active-sending-addresses"}, {"id": "61af1ebb56e8456e3457be99", "name": "active-receiving-addresses"}, {"id": "61af1ec456e8456e3457be9a", "name": "active-sending-addresses-percent"}, {"id": "61af1ecc56e8456e3457be9b", "name": "active-receiving-addresses-percent"}], "supply": [{"id": "61af1df056e8456e3457be8b", "name": "total-supply"}, {"id": "61af1e0a56e8456e3457be8e", "name": "circulating-supply"}, {"id": "61af1df956e8456e3457be8c", "name": "minted-supply"}, {"id": "61af1e0a56e8456e3457be8d", "name": "burned-supply"}, {"id": "61af1e1156e8456e3457be8f", "name": "issued-supply"}, {"id": "61af1e1956e8456e3457be8g", "name": "redeemed-supply"}, {"id": "61af1e3956e8456e3457be91", "name": "mint-event-count"}, {"id": "61af1e4156e8456e3457be92", "name": "issue-event-count"}, {"id": "61af1e4956e8456e3457be93", "name": "burn-event-count"}, {"id": "61af1e5456e8456e3457be94", "name": "redeem-event-count"}], "transactions": [{"id": "61af1e3156e8456e3457be90", "name": "transfer-event-count"}, {"id": "61af1e8e56e8456e3457be95", "name": "tokens-transferred-total"}, {"id": "61af1e9456e8456e3457be96", "name": "tokens-transferred-mean"}]}