{"exchange-flows": [{"id": "622a08271ef01949d467c52c", "name": "exchange-reserve"}, {"id": "622a08271ef01949d467c554", "name": "exchange-reserve-usd"}, {"id": "622a08271ef01949d467c5a6", "name": "exchange-inflow-total"}, {"id": "622a08281ef01949d467c647", "name": "exchange-outflow-total"}, {"id": "622a08271ef01949d467c57d", "name": "exchange-netflow-total"}, {"id": "622a08271ef01949d467c5f6", "name": "exchange-inflow-mean"}, {"id": "622a08281ef01949d467c697", "name": "exchange-outflow-mean"}, {"id": "622a08271ef01949d467c5ce", "name": "exchange-inflow-top10"}, {"id": "622a08281ef01949d467c66f", "name": "exchange-outflow-top10"}, {"id": "622a08281ef01949d467c6bf", "name": "exchange-outflow-mean-ma7"}, {"id": "622a08271ef01949d467c61e", "name": "exchange-inflow-mean-ma7"}, {"id": "622a08281ef01949d467c6e8", "name": "exchange-depositing-transactions"}, {"id": "622a08281ef01949d467c710", "name": "exchange-withdrawing-transactions"}, {"id": "622a08281ef01949d467c739", "name": "exchange-depositing-addresses"}, {"id": "622a08281ef01949d467c761", "name": "exchange-withdrawing-addresses"}], "market-data": [{"id": "61ca73d5def50741844a0dd7", "name": "price-volume"}], "addresses": [{"id": "625e23dee3a6f37be8d2cb78", "name": "active-addresses"}, {"id": "625e23dee3a6f37be8d2cb7b", "name": "active-sending-addresses"}, {"id": "625e23dee3a6f37be8d2cb7e", "name": "active-receiving-addresses"}], "supply": [{"id": "625e23dee3a6f37be8d2cb83", "name": "total-supply"}, {"id": "625e23dee3a6f37be8d2cb8d", "name": "velocity"}, {"id": "625e23dee3a6f37be8d2cb86", "name": "minted-supply"}, {"id": "625e23dee3a6f37be8d2cb89", "name": "burned-supply"}], "transactions": [{"id": "625e23dee3a6f37be8d2cb92", "name": "transaction-count-total"}, {"id": "625e23dee3a6f37be8d2cb95", "name": "transaction-count-mean"}, {"id": "625e23dee3a6f37be8d2cb99", "name": "transfer-count-total"}, {"id": "625e23dee3a6f37be8d2cb9c", "name": "transfer-count-mean"}, {"id": "625e23dee3a6f37be8d2cba0", "name": "tokens-transferred-total"}, {"id": "625e23dee3a6f37be8d2cba3", "name": "tokens-transferred-mean"}, {"id": "625e23dee3a6f37be8d2cba6", "name": "tokens-transferred-median"}]}