{"exchange-flows": [{"id": "61b1c7ec4f680e68001c71d0", "name": "exchange-reserve"}, {"id": "61b1c8294f680e68001c71d2", "name": "exchange-inflow-total"}, {"id": "61b1c8494f680e68001c71d6", "name": "exchange-outflow-total"}, {"id": "61b1c7f94f680e68001c71d1", "name": "exchange-netflow-total"}, {"id": "61b1c8354f680e68001c71d4", "name": "exchange-inflow-mean"}, {"id": "61b1c8554f680e68001c71d8", "name": "exchange-outflow-mean"}, {"id": "61b1c8304f680e68001c71d3", "name": "exchange-inflow-top10"}, {"id": "61b1c84f4f680e68001c71d7", "name": "exchange-outflow-top10"}, {"id": "61b1c83a4f680e68001c71d5", "name": "exchange-inflow-mean-ma7"}, {"id": "61b1c85a4f680e68001c71d9", "name": "exchange-outflow-mean-ma7"}, {"id": "61b1c8674f680e68001c71da", "name": "exchange-depositing-transactions"}, {"id": "61b1c86c4f680e68001c71db", "name": "exchange-withdrawing-transactions"}, {"id": "61b1c8824f680e68001c71dc", "name": "exchange-depositing-addresses"}, {"id": "61b1c8874f680e68001c71dd", "name": "exchange-withdrawing-addresses"}]}