{"exchange-flows": [{"id": "61b300dd1688d16782a874b6", "name": "exchange-reserve"}, {"id": "61b300e21688d16782a874b7", "name": "exchange-reserve-usd"}, {"id": "61b300f31688d16782a874b9", "name": "exchange-inflow-total"}, {"id": "61b3010f1688d16782a874bd", "name": "exchange-outflow-total"}, {"id": "61b300ea1688d16782a874b8", "name": "exchange-netflow-total"}, {"id": "61b300ff1688d16782a874bb", "name": "exchange-inflow-mean"}, {"id": "61b3011a1688d16782a874bf", "name": "exchange-outflow-mean"}, {"id": "61b300f81688d16782a874ba", "name": "exchange-inflow-top10"}, {"id": "61b301141688d16782a874be", "name": "exchange-outflow-top10"}, {"id": "61b301041688d16782a874bc", "name": "exchange-inflow-mean-ma7"}, {"id": "61b301201688d16782a874c0", "name": "exchange-outflow-mean-ma7"}, {"id": "61b3012b1688d16782a874c1", "name": "exchange-depositing-transactions"}, {"id": "61b3012f1688d16782a874c2", "name": "exchange-withdrawing-transactions"}, {"id": "61b301381688d16782a874c3", "name": "exchange-depositing-addresses"}, {"id": "61b3013d1688d16782a874c4", "name": "exchange-withdrawing-addresses"}], "flow-indicator": [{"id": "625fb900a09f3d33d55ed6d2", "name": "exchange-supply-ratio"}], "market-data": [{"id": "61c0125a62b04c1286a3feff", "name": "price-volume"}], "addresses": [{"id": "620e1e1b2e920f5f0b276fb5", "name": "active-addresses"}, {"id": "620e1e202e920f5f0b276fb8", "name": "active-sending-addresses"}, {"id": "620e1e252e920f5f0b276fbb", "name": "active-receiving-addresses"}], "supply": [{"id": "620e1de42e920f5f0b276f90", "name": "total-supply"}, {"id": "620e1def2e920f5f0b276f97", "name": "velocity"}, {"id": "620e2dffcdc76f4e17ed21ae", "name": "minted-supply"}, {"id": "620e2e04cdc76f4e17ed21b1", "name": "burned-supply"}], "transactions": [{"id": "620e1df62e920f5f0b276f9c", "name": "transaction-count-total"}, {"id": "620e1dfb2e920f5f0b276f9f", "name": "transaction-count-mean"}, {"id": "620e1e002e920f5f0b276fa3", "name": "transfer-count-total"}, {"id": "620e1e052e920f5f0b276fa6", "name": "transfer-count-mean"}, {"id": "620e1e0b2e920f5f0b276faa", "name": "tokens-transferred-total"}, {"id": "620e1e102e920f5f0b276fad", "name": "tokens-transferred-mean"}, {"id": "620e1e152e920f5f0b276fb0", "name": "tokens-transferred-median"}]}