{"addresses": [{"id": "625e23cfe3a6f37be8d2c369", "name": "active-addresses"}, {"id": "625e23cfe3a6f37be8d2c36c", "name": "active-sending-addresses"}, {"id": "625e23cfe3a6f37be8d2c36f", "name": "active-receiving-addresses"}], "supply": [{"id": "625e23cfe3a6f37be8d2c374", "name": "total-supply"}, {"id": "625e23cfe3a6f37be8d2c37e", "name": "velocity"}, {"id": "625e23cfe3a6f37be8d2c377", "name": "minted-supply"}, {"id": "625e23cfe3a6f37be8d2c37a", "name": "burned-supply"}], "transactions": [{"id": "625e23cfe3a6f37be8d2c383", "name": "transaction-count-total"}, {"id": "625e23cfe3a6f37be8d2c386", "name": "transaction-count-mean"}, {"id": "625e23cfe3a6f37be8d2c38a", "name": "transfer-count-total"}, {"id": "625e23cfe3a6f37be8d2c38d", "name": "transfer-count-mean"}, {"id": "625e23cfe3a6f37be8d2c391", "name": "tokens-transferred-total"}, {"id": "625e23cfe3a6f37be8d2c394", "name": "tokens-transferred-mean"}, {"id": "625e23cfe3a6f37be8d2c397", "name": "tokens-transferred-median"}]}