{"exchange-flows": [{"id": "622a084b1ef01949d467f120", "name": "exchange-reserve"}, {"id": "622a084b1ef01949d467f12f", "name": "exchange-reserve-usd"}, {"id": "622a084b1ef01949d467f14f", "name": "exchange-inflow-total"}, {"id": "622a084b1ef01949d467f18c", "name": "exchange-outflow-total"}, {"id": "622a084b1ef01949d467f13f", "name": "exchange-netflow-total"}, {"id": "622a084b1ef01949d467f16d", "name": "exchange-inflow-mean"}, {"id": "622a084b1ef01949d467f1aa", "name": "exchange-outflow-mean"}, {"id": "622a084b1ef01949d467f15e", "name": "exchange-inflow-top10"}, {"id": "622a084b1ef01949d467f19b", "name": "exchange-outflow-top10"}, {"id": "622a084b1ef01949d467f1b9", "name": "exchange-outflow-mean-ma7"}, {"id": "622a084b1ef01949d467f17c", "name": "exchange-inflow-mean-ma7"}, {"id": "622a084b1ef01949d467f1c9", "name": "exchange-depositing-transactions"}, {"id": "622a084b1ef01949d467f1d8", "name": "exchange-withdrawing-transactions"}, {"id": "622a084b1ef01949d467f1e8", "name": "exchange-depositing-addresses"}, {"id": "622a084c1ef01949d467f1f7", "name": "exchange-withdrawing-addresses"}], "flow-indicator": [{"id": "625fb984a09f3d33d55ed981", "name": "exchange-supply-ratio"}], "market-data": [{"id": "61ca73dadef50741844a0eef", "name": "price-volume"}], "addresses": [{"id": "620e21772e920f5f0b2771f5", "name": "active-addresses"}, {"id": "620e217c2e920f5f0b2771f8", "name": "active-sending-addresses"}, {"id": "620e21812e920f5f0b2771fb", "name": "active-receiving-addresses"}], "supply": [{"id": "620e21402e920f5f0b2771d0", "name": "total-supply"}, {"id": "620e214b2e920f5f0b2771d7", "name": "velocity"}, {"id": "620e2e9ccdc76f4e17ed21f6", "name": "minted-supply"}, {"id": "620e2ea1cdc76f4e17ed21f9", "name": "burned-supply"}], "transactions": [{"id": "620e21512e920f5f0b2771dc", "name": "transaction-count-total"}, {"id": "620e21562e920f5f0b2771df", "name": "transaction-count-mean"}, {"id": "620e215c2e920f5f0b2771e3", "name": "transfer-count-total"}, {"id": "620e21612e920f5f0b2771e6", "name": "transfer-count-mean"}, {"id": "620e21672e920f5f0b2771ea", "name": "tokens-transferred-total"}, {"id": "620e216c2e920f5f0b2771ed", "name": "tokens-transferred-mean"}, {"id": "620e21702e920f5f0b2771f0", "name": "tokens-transferred-median"}]}