{"exchange-flows": [{"id": "61b1731b9698b25f7f4c7540", "name": "exchange-reserve"}, {"id": "61b173369698b25f7f4c7542", "name": "exchange-inflow-total"}, {"id": "61b1735b9698b25f7f4c7546", "name": "exchange-outflow-total"}, {"id": "61b173289698b25f7f4c7541", "name": "exchange-netflow-total"}, {"id": "61b173419698b25f7f4c7544", "name": "exchange-inflow-mean"}, {"id": "61b173679698b25f7f4c7548", "name": "exchange-outflow-mean"}, {"id": "61b1733b9698b25f7f4c7543", "name": "exchange-inflow-top10"}, {"id": "61b173629698b25f7f4c7547", "name": "exchange-outflow-top10"}, {"id": "61b173479698b25f7f4c7545", "name": "exchange-inflow-mean-ma7"}, {"id": "61b1736d9698b25f7f4c7549", "name": "exchange-outflow-mean-ma7"}, {"id": "61b1737a9698b25f7f4c754a", "name": "exchange-depositing-transactions"}, {"id": "61b1737f9698b25f7f4c754b", "name": "exchange-withdrawing-transactions"}, {"id": "61b173949698b25f7f4c754c", "name": "exchange-depositing-addresses"}, {"id": "61b1739a9698b25f7f4c754d", "name": "exchange-withdrawing-addresses"}], "flow-indicator": [{"id": "625fb86ca09f3d33d55ed3e9", "name": "exchange-supply-ratio"}], "market-data": [{"id": "61b174b79698b25f7f4c7684", "name": "market-cap"}, {"id": "61bc5a25390ee207915d12c4", "name": "price-volume"}], "addresses": [{"id": "61b18c666b31f0774d30c75d", "name": "active-addresses"}, {"id": "61b18c6e6b31f0774d30c75e", "name": "active-sending-addresses"}, {"id": "61b18c736b31f0774d30c75f", "name": "active-receiving-addresses"}, {"id": "61b18c786b31f0774d30c760", "name": "active-sending-addresses-percent"}, {"id": "61b18c7d6b31f0774d30c761", "name": "active-receiving-addresses-percent"}], "supply": [{"id": "61b18bdf6b31f0774d30c750", "name": "total-supply"}, {"id": "61b18bf66b31f0774d30c753", "name": "circulating-supply"}, {"id": "61b18be66b31f0774d30c751", "name": "minted-supply"}, {"id": "61b18bee6b31f0774d30c752", "name": "burned-supply"}, {"id": "61b18bfd6b31f0774d30c754", "name": "issued-supply"}, {"id": "61b18c066b31f0774d30c755", "name": "redeemed-supply"}, {"id": "61b18c296b31f0774d30c757", "name": "mint-event-count"}, {"id": "61b18c316b31f0774d30c758", "name": "issue-event-count"}, {"id": "61b18c3c6b31f0774d30c759", "name": "burn-event-count"}, {"id": "61b18c446b31f0774d30c75a", "name": "redeem-event-count"}], "transactions": [{"id": "61b18c206b31f0774d30c756", "name": "transfer-event-count"}, {"id": "61b18c516b31f0774d30c75b", "name": "tokens-transferred-total"}, {"id": "61b18c576b31f0774d30c75c", "name": "tokens-transferred-mean"}]}