{"exchange-flows": [{"id": "61b6c7601688d16782a87cc7", "name": "exchange-reserve"}, {"id": "61b6c7661688d16782a87cc8", "name": "exchange-reserve-usd"}, {"id": "61b6c7761688d16782a87cca", "name": "exchange-inflow-total"}, {"id": "61b6c78d1688d16782a87cce", "name": "exchange-outflow-total"}, {"id": "61b6c76e1688d16782a87cc9", "name": "exchange-netflow-total"}, {"id": "61b6c7801688d16782a87ccc", "name": "exchange-inflow-mean"}, {"id": "61b6c7991688d16782a87cd0", "name": "exchange-outflow-mean"}, {"id": "61b6c77b1688d16782a87ccb", "name": "exchange-inflow-top10"}, {"id": "61b6c7931688d16782a87ccf", "name": "exchange-outflow-top10"}, {"id": "61b6c7851688d16782a87ccd", "name": "exchange-inflow-mean-ma7"}, {"id": "61b6c79e1688d16782a87cd1", "name": "exchange-outflow-mean-ma7"}, {"id": "61b6c7a91688d16782a87cd2", "name": "exchange-depositing-transactions"}, {"id": "61b6c7ad1688d16782a87cd3", "name": "exchange-withdrawing-transactions"}, {"id": "61b6c7b91688d16782a87cd4", "name": "exchange-depositing-addresses"}, {"id": "61b6c7be1688d16782a87cd5", "name": "exchange-withdrawing-addresses"}], "flow-indicator": [{"id": "625fb959a09f3d33d55ed897", "name": "exchange-supply-ratio"}], "market-data": [{"id": "61c0144a62b04c1286a3ff23", "name": "price-volume"}], "addresses": [{"id": "620e20102e920f5f0b277105", "name": "active-addresses"}, {"id": "620e20152e920f5f0b277108", "name": "active-sending-addresses"}, {"id": "620e20192e920f5f0b27710b", "name": "active-receiving-addresses"}], "supply": [{"id": "620e1fd92e920f5f0b2770e0", "name": "total-supply"}, {"id": "620e1fe32e920f5f0b2770e7", "name": "velocity"}, {"id": "620e2e5bcdc76f4e17ed21d8", "name": "minted-supply"}, {"id": "620e2e60cdc76f4e17ed21db", "name": "burned-supply"}], "transactions": [{"id": "620e1fea2e920f5f0b2770ec", "name": "transaction-count-total"}, {"id": "620e1fef2e920f5f0b2770ef", "name": "transaction-count-mean"}, {"id": "620e1ff52e920f5f0b2770f3", "name": "transfer-count-total"}, {"id": "620e1ff92e920f5f0b2770f6", "name": "transfer-count-mean"}, {"id": "620e1fff2e920f5f0b2770fa", "name": "tokens-transferred-total"}, {"id": "620e20042e920f5f0b2770fd", "name": "tokens-transferred-mean"}, {"id": "620e20092e920f5f0b277100", "name": "tokens-transferred-median"}]}