{"exchange-flows": [{"id": "61b2fc6b1688d16782a87267", "name": "exchange-reserve"}, {"id": "61b2fc721688d16782a87268", "name": "exchange-reserve-usd"}, {"id": "61b2fc871688d16782a8726a", "name": "exchange-inflow-total"}, {"id": "61b2fca21688d16782a8726e", "name": "exchange-outflow-total"}, {"id": "61b2fc7e1688d16782a87269", "name": "exchange-netflow-total"}, {"id": "61b2fc911688d16782a8726c", "name": "exchange-inflow-mean"}, {"id": "61b2fcad1688d16782a87270", "name": "exchange-outflow-mean"}, {"id": "61b2fc8b1688d16782a8726b", "name": "exchange-inflow-top10"}, {"id": "61b2fca71688d16782a8726f", "name": "exchange-outflow-top10"}, {"id": "61b2fc961688d16782a8726d", "name": "exchange-inflow-mean-ma7"}, {"id": "61b2fcb31688d16782a87271", "name": "exchange-outflow-mean-ma7"}, {"id": "61b2fcc41688d16782a87272", "name": "exchange-depositing-transactions"}, {"id": "61b2fcca1688d16782a87273", "name": "exchange-withdrawing-transactions"}, {"id": "61b2fcd41688d16782a87274", "name": "exchange-depositing-addresses"}, {"id": "61b2fcd91688d16782a87275", "name": "exchange-withdrawing-addresses"}], "flow-indicator": [{"id": "625fb8f6a09f3d33d55ed6a8", "name": "exchange-supply-ratio"}], "market-data": [{"id": "61c0120062b04c1286a3fef6", "name": "price-volume"}], "addresses": [{"id": "620e1dd42e920f5f0b276f85", "name": "active-addresses"}, {"id": "620e1dd92e920f5f0b276f88", "name": "active-sending-addresses"}, {"id": "620e1dde2e920f5f0b276f8b", "name": "active-receiving-addresses"}], "supply": [{"id": "620e1d9d2e920f5f0b276f60", "name": "total-supply"}, {"id": "620e1da72e920f5f0b276f67", "name": "velocity"}, {"id": "620e2df2cdc76f4e17ed21a8", "name": "minted-supply"}, {"id": "620e2df7cdc76f4e17ed21ab", "name": "burned-supply"}], "transactions": [{"id": "620e1dae2e920f5f0b276f6c", "name": "transaction-count-total"}, {"id": "620e1db32e920f5f0b276f6f", "name": "transaction-count-mean"}, {"id": "620e1db92e920f5f0b276f73", "name": "transfer-count-total"}, {"id": "620e1dbe2e920f5f0b276f76", "name": "transfer-count-mean"}, {"id": "620e1dc42e920f5f0b276f7a", "name": "tokens-transferred-total"}, {"id": "620e1dc82e920f5f0b276f7d", "name": "tokens-transferred-mean"}, {"id": "620e1dcd2e920f5f0b276f80", "name": "tokens-transferred-median"}]}