{"exchange-flows": [{"id": "61b16d329698b25f7f4c730e", "name": "exchange-reserve"}, {"id": "61b16d4e9698b25f7f4c7310", "name": "exchange-inflow-total"}, {"id": "61b16d729698b25f7f4c7314", "name": "exchange-outflow-total"}, {"id": "61b16d439698b25f7f4c730f", "name": "exchange-netflow-total"}, {"id": "61b16d5b9698b25f7f4c7312", "name": "exchange-inflow-mean"}, {"id": "61b16d809698b25f7f4c7316", "name": "exchange-outflow-mean"}, {"id": "61b16d569698b25f7f4c7311", "name": "exchange-inflow-top10"}, {"id": "61b16d799698b25f7f4c7315", "name": "exchange-outflow-top10"}, {"id": "61b16d619698b25f7f4c7313", "name": "exchange-inflow-mean-ma7"}, {"id": "61b16da19698b25f7f4c7317", "name": "exchange-outflow-mean-ma7"}, {"id": "61b16db29698b25f7f4c7318", "name": "exchange-depositing-transactions"}, {"id": "61b16db99698b25f7f4c7319", "name": "exchange-withdrawing-transactions"}, {"id": "61b16dc59698b25f7f4c731a", "name": "exchange-depositing-addresses"}, {"id": "61b16dcb9698b25f7f4c731b", "name": "exchange-withdrawing-addresses"}], "flow-indicator": [{"id": "625fb863a09f3d33d55ed3c3", "name": "exchange-supply-ratio"}], "market-data": [{"id": "61b16eb49698b25f7f4c74ec", "name": "market-cap"}, {"id": "61bc59c7390ee207915d12bc", "name": "price-volume"}], "addresses": [{"id": "61b171f69698b25f7f4c750d", "name": "active-addresses"}, {"id": "61b172019698b25f7f4c750e", "name": "active-sending-addresses"}, {"id": "61b172079698b25f7f4c750f", "name": "active-receiving-addresses"}, {"id": "61b1720e9698b25f7f4c7510", "name": "active-sending-addresses-percent"}, {"id": "61b172169698b25f7f4c7511", "name": "active-receiving-addresses-percent"}], "supply": [{"id": "61b16f1a9698b25f7f4c7500", "name": "total-supply"}, {"id": "61b16f349698b25f7f4c7503", "name": "circulating-supply"}, {"id": "61b16f239698b25f7f4c7501", "name": "minted-supply"}, {"id": "61b16f2b9698b25f7f4c7502", "name": "burned-supply"}, {"id": "61b16f3c9698b25f7f4c7504", "name": "issued-supply"}, {"id": "61b16f439698b25f7f4c7505", "name": "redeemed-supply"}, {"id": "61b16f649698b25f7f4c7507", "name": "mint-event-count"}, {"id": "61b16f6b9698b25f7f4c7508", "name": "issue-event-count"}, {"id": "61b16f779698b25f7f4c7509", "name": "burn-event-count"}, {"id": "61b16f7e9698b25f7f4c750a", "name": "redeem-event-count"}], "transactions": [{"id": "61b16f579698b25f7f4c7506", "name": "transfer-event-count"}, {"id": "61b16fa29698b25f7f4c750b", "name": "tokens-transferred-total"}, {"id": "61b16fb99698b25f7f4c750c", "name": "tokens-transferred-mean"}]}