{"exchange-flows": [{"id": "61b1c35d4f680e68001c709a", "name": "exchange-reserve"}, {"id": "61b1c3844f680e68001c709c", "name": "exchange-inflow-total"}, {"id": "61b1c3de4f680e68001c70a0", "name": "exchange-outflow-total"}, {"id": "61b1c36b4f680e68001c709b", "name": "exchange-netflow-total"}, {"id": "61b1c3c54f680e68001c709e", "name": "exchange-inflow-mean"}, {"id": "61b1c3ea4f680e68001c70a2", "name": "exchange-outflow-mean"}, {"id": "61b1c3894f680e68001c709d", "name": "exchange-inflow-top10"}, {"id": "61b1c3e54f680e68001c70a1", "name": "exchange-outflow-top10"}, {"id": "61b1c3cc4f680e68001c709f", "name": "exchange-inflow-mean-ma7"}, {"id": "61b1c3f04f680e68001c70a3", "name": "exchange-outflow-mean-ma7"}, {"id": "61b1c3ff4f680e68001c70a4", "name": "exchange-depositing-transactions"}, {"id": "61b1c4064f680e68001c70a5", "name": "exchange-withdrawing-transactions"}, {"id": "61b1c4154f680e68001c70a6", "name": "exchange-depositing-addresses"}, {"id": "61b1c41a4f680e68001c70a7", "name": "exchange-withdrawing-addresses"}]}