{"exchange-flows": [{"id": "61b070f19698b25f7f4c7159", "name": "exchange-reserve"}, {"id": "61b071579698b25f7f4c715b", "name": "exchange-inflow-total"}, {"id": "61b0717f9698b25f7f4c715f", "name": "exchange-outflow-total"}, {"id": "61b0713f9698b25f7f4c715a", "name": "exchange-netflow-total"}, {"id": "61b071639698b25f7f4c715d", "name": "exchange-inflow-mean"}, {"id": "61b0718c9698b25f7f4c7161", "name": "exchange-outflow-mean"}, {"id": "61b0715e9698b25f7f4c715c", "name": "exchange-inflow-top10"}, {"id": "61b071869698b25f7f4c7160", "name": "exchange-outflow-top10"}, {"id": "61b071699698b25f7f4c715e", "name": "exchange-inflow-mean-ma7"}, {"id": "61b071919698b25f7f4c7162", "name": "exchange-outflow-mean-ma7"}, {"id": "61b071c39698b25f7f4c7165", "name": "exchange-depositing-transactions"}, {"id": "61b071cf9698b25f7f4c7166", "name": "exchange-withdrawing-transactions"}, {"id": "61b071ab9698b25f7f4c7163", "name": "exchange-depositing-addresses"}, {"id": "61b071b09698b25f7f4c7164", "name": "exchange-withdrawing-addresses"}], "flow-indicator": [{"id": "625fb871a09f3d33d55ed404", "name": "exchange-supply-ratio"}], "market-data": [{"id": "61b072e29698b25f7f4c72b9", "name": "market-cap"}, {"id": "61bc5925390ee207915d12b4", "name": "price-volume"}], "addresses": [{"id": "61b073fd9698b25f7f4c72da", "name": "active-addresses"}, {"id": "61b074029698b25f7f4c72db", "name": "active-sending-addresses"}, {"id": "61b074089698b25f7f4c72dc", "name": "active-receiving-addresses"}, {"id": "61b0740e9698b25f7f4c72dd", "name": "active-sending-addresses-percent"}, {"id": "61b074149698b25f7f4c72de", "name": "active-receiving-addresses-percent"}], "supply": [{"id": "61b073779698b25f7f4c72cd", "name": "total-supply"}, {"id": "61b073909698b25f7f4c72d0", "name": "circulating-supply"}, {"id": "61b0737e9698b25f7f4c72ce", "name": "minted-supply"}, {"id": "61b073879698b25f7f4c72cf", "name": "burned-supply"}, {"id": "61b073969698b25f7f4c72d1", "name": "issued-supply"}, {"id": "61b0739d9698b25f7f4c72d2", "name": "redeemed-supply"}, {"id": "61b073bd9698b25f7f4c72d4", "name": "mint-event-count"}, {"id": "61b073c59698b25f7f4c72d5", "name": "issue-event-count"}, {"id": "61b073cc9698b25f7f4c72d6", "name": "burn-event-count"}, {"id": "61b073d79698b25f7f4c72d7", "name": "redeem-event-count"}], "transactions": [{"id": "61b073b59698b25f7f4c72d3", "name": "transfer-event-count"}, {"id": "61b073e79698b25f7f4c72d8", "name": "tokens-transferred-total"}, {"id": "61b073ee9698b25f7f4c72d9", "name": "tokens-transferred-mean"}]}