{"market-data": [{"id": "61b060263e5cff0e9105c682", "name": "market-cap"}, {"id": "61bc5888390ee207915d12ac", "name": "price-volume"}], "addresses": [{"id": "61b060f73e5cff0e9105c690", "name": "active-addresses"}, {"id": "61b060ff3e5cff0e9105c691", "name": "active-sending-addresses"}, {"id": "61b061063e5cff0e9105c692", "name": "active-receiving-addresses"}, {"id": "61b061123e5cff0e9105c693", "name": "active-sending-addresses-percent"}, {"id": "61b061183e5cff0e9105c694", "name": "active-receiving-addresses-percent"}], "supply": [{"id": "61b060563e5cff0e9105c683", "name": "total-supply"}, {"id": "61b0607e3e5cff0e9105c686", "name": "circulating-supply"}, {"id": "61b060653e5cff0e9105c684", "name": "minted-supply"}, {"id": "61b060713e5cff0e9105c685", "name": "burned-supply"}, {"id": "61b060843e5cff0e9105c687", "name": "issued-supply"}, {"id": "61b0608e3e5cff0e9105c688", "name": "redeemed-supply"}, {"id": "61b060b43e5cff0e9105c68a", "name": "mint-event-count"}, {"id": "61b060ba3e5cff0e9105c68b", "name": "issue-event-count"}, {"id": "61b060c63e5cff0e9105c68c", "name": "burn-event-count"}, {"id": "61b060cd3e5cff0e9105c68d", "name": "redeem-event-count"}], "transactions": [{"id": "61b060ae3e5cff0e9105c689", "name": "transfer-event-count"}, {"id": "61b060df3e5cff0e9105c68e", "name": "tokens-transferred-total"}, {"id": "61b060e53e5cff0e9105c68f", "name": "tokens-transferred-mean"}]}