{"exchange-flows": [{"id": "61b058493e5cff0e9105c3fe", "name": "exchange-reserve"}, {"id": "61b058c53e5cff0e9105c400", "name": "exchange-inflow-total"}, {"id": "61b058ed3e5cff0e9105c404", "name": "exchange-outflow-total"}, {"id": "61b058a33e5cff0e9105c3ff", "name": "exchange-netflow-total"}, {"id": "61b058d13e5cff0e9105c402", "name": "exchange-inflow-mean"}, {"id": "61b058fb3e5cff0e9105c406", "name": "exchange-outflow-mean"}, {"id": "61b058cb3e5cff0e9105c401", "name": "exchange-inflow-top10"}, {"id": "61b058f43e5cff0e9105c405", "name": "exchange-outflow-top10"}, {"id": "61b058d83e5cff0e9105c403", "name": "exchange-inflow-mean-ma7"}, {"id": "61b059023e5cff0e9105c407", "name": "exchange-outflow-mean-ma7"}, {"id": "61b059123e5cff0e9105c408", "name": "exchange-depositing-transactions"}, {"id": "61b059193e5cff0e9105c409", "name": "exchange-withdrawing-transactions"}, {"id": "61b0592a3e5cff0e9105c40a", "name": "exchange-depositing-addresses"}, {"id": "61b0592f3e5cff0e9105c40b", "name": "exchange-withdrawing-addresses"}], "flow-indicator": [{"id": "625fb857a09f3d33d55ed391", "name": "exchange-supply-ratio"}], "market-data": [{"id": "61b05adf3e5cff0e9105c630", "name": "market-cap"}, {"id": "61bc57d2390ee207915d12a4", "name": "price-volume"}], "addresses": [{"id": "61b05cbf3e5cff0e9105c651", "name": "active-addresses"}, {"id": "61b05cc83e5cff0e9105c652", "name": "active-sending-addresses"}, {"id": "61b05ccf3e5cff0e9105c653", "name": "active-receiving-addresses"}, {"id": "61b05cd93e5cff0e9105c654", "name": "active-sending-addresses-percent"}, {"id": "61b05ce03e5cff0e9105c655", "name": "active-receiving-addresses-percent"}], "supply": [{"id": "61b05bff3e5cff0e9105c644", "name": "total-supply"}, {"id": "61b05c1b3e5cff0e9105c647", "name": "circulating-supply"}, {"id": "61b05c0d3e5cff0e9105c645", "name": "minted-supply"}, {"id": "61b05c143e5cff0e9105c646", "name": "burned-supply"}, {"id": "61b05c313e5cff0e9105c648", "name": "issued-supply"}, {"id": "61b05c363e5cff0e9105c649", "name": "redeemed-supply"}, {"id": "61b05c663e5cff0e9105c64b", "name": "mint-event-count"}, {"id": "61b05c6c3e5cff0e9105c64c", "name": "issue-event-count"}, {"id": "61b05c733e5cff0e9105c64d", "name": "burn-event-count"}, {"id": "61b05c7a3e5cff0e9105c64e", "name": "redeem-event-count"}], "transactions": [{"id": "61b05c5e3e5cff0e9105c64a", "name": "transfer-event-count"}, {"id": "61b05ca33e5cff0e9105c64f", "name": "tokens-transferred-total"}, {"id": "61b05caa3e5cff0e9105c650", "name": "tokens-transferred-mean"}]}