{"exchange-flows": [{"id": "622a084d1ef01949d467f32c", "name": "exchange-reserve"}, {"id": "622a084d1ef01949d467f337", "name": "exchange-reserve-usd"}, {"id": "622a084d1ef01949d467f34f", "name": "exchange-inflow-total"}, {"id": "622a084d1ef01949d467f37c", "name": "exchange-outflow-total"}, {"id": "622a084d1ef01949d467f343", "name": "exchange-netflow-total"}, {"id": "622a084d1ef01949d467f365", "name": "exchange-inflow-mean"}, {"id": "622a084d1ef01949d467f392", "name": "exchange-outflow-mean"}, {"id": "622a084d1ef01949d467f35a", "name": "exchange-inflow-top10"}, {"id": "622a084d1ef01949d467f387", "name": "exchange-outflow-top10"}, {"id": "622a084d1ef01949d467f370", "name": "exchange-inflow-mean-ma7"}, {"id": "622a084d1ef01949d467f39d", "name": "exchange-outflow-mean-ma7"}, {"id": "622a084d1ef01949d467f3a9", "name": "exchange-depositing-transactions"}, {"id": "622a084d1ef01949d467f3b4", "name": "exchange-withdrawing-transactions"}, {"id": "622a084d1ef01949d467f3c0", "name": "exchange-depositing-addresses"}, {"id": "622a084d1ef01949d467f3cb", "name": "exchange-withdrawing-addresses"}], "flow-indicator": [{"id": "625fb8c5a09f3d33d55ed5a8", "name": "exchange-supply-ratio"}], "market-data": [{"id": "61e92c55c1f2674475ba31c2", "name": "price-volume"}], "addresses": [{"id": "620e1c6d2e920f5f0b276e95", "name": "active-addresses"}, {"id": "620e1c722e920f5f0b276e98", "name": "active-sending-addresses"}, {"id": "620e1c772e920f5f0b276e9b", "name": "active-receiving-addresses"}], "supply": [{"id": "620e1c362e920f5f0b276e70", "name": "total-supply"}, {"id": "620e1c402e920f5f0b276e77", "name": "velocity"}, {"id": "620e2db1cdc76f4e17ed218a", "name": "minted-supply"}, {"id": "620e2db6cdc76f4e17ed218d", "name": "burned-supply"}], "transactions": [{"id": "620e1c472e920f5f0b276e7c", "name": "transaction-count-total"}, {"id": "620e1c4c2e920f5f0b276e7f", "name": "transaction-count-mean"}, {"id": "620e1c522e920f5f0b276e83", "name": "transfer-count-total"}, {"id": "620e1c572e920f5f0b276e86", "name": "transfer-count-mean"}, {"id": "620e1c5d2e920f5f0b276e8a", "name": "tokens-transferred-total"}, {"id": "620e1c612e920f5f0b276e8d", "name": "tokens-transferred-mean"}, {"id": "620e1c662e920f5f0b276e90", "name": "tokens-transferred-median"}]}