{"addresses": [{"id": "625e23d6e3a6f37be8d2c741", "name": "active-addresses"}, {"id": "625e23d6e3a6f37be8d2c744", "name": "active-sending-addresses"}, {"id": "625e23d6e3a6f37be8d2c747", "name": "active-receiving-addresses"}], "supply": [{"id": "625e23d6e3a6f37be8d2c74c", "name": "total-supply"}, {"id": "625e23d6e3a6f37be8d2c756", "name": "velocity"}, {"id": "625e23d6e3a6f37be8d2c74f", "name": "minted-supply"}, {"id": "625e23d6e3a6f37be8d2c752", "name": "burned-supply"}], "transactions": [{"id": "625e23d6e3a6f37be8d2c75b", "name": "transaction-count-total"}, {"id": "625e23d7e3a6f37be8d2c75e", "name": "transaction-count-mean"}, {"id": "625e23d7e3a6f37be8d2c762", "name": "transfer-count-total"}, {"id": "625e23d7e3a6f37be8d2c765", "name": "transfer-count-mean"}, {"id": "625e23d7e3a6f37be8d2c769", "name": "tokens-transferred-total"}, {"id": "625e23d7e3a6f37be8d2c76c", "name": "tokens-transferred-mean"}, {"id": "625e23d7e3a6f37be8d2c76f", "name": "tokens-transferred-median"}]}