{"exchange-flows": [{"id": "61b6dc551688d16782a884c7", "name": "exchange-reserve"}, {"id": "61b6dc5b1688d16782a884c8", "name": "exchange-reserve-usd"}, {"id": "61b6dc6c1688d16782a884ca", "name": "exchange-inflow-total"}, {"id": "61b6dc881688d16782a884ce", "name": "exchange-outflow-total"}, {"id": "61b6dc641688d16782a884c9", "name": "exchange-netflow-total"}, {"id": "61b6dc781688d16782a884cc", "name": "exchange-inflow-mean"}, {"id": "61b6dc921688d16782a884d0", "name": "exchange-outflow-mean"}, {"id": "61b6dc721688d16782a884cb", "name": "exchange-inflow-top10"}, {"id": "61b6dc8d1688d16782a884cf", "name": "exchange-outflow-top10"}, {"id": "61b6dc7e1688d16782a884cd", "name": "exchange-inflow-mean-ma7"}, {"id": "61b6dc971688d16782a884d1", "name": "exchange-outflow-mean-ma7"}, {"id": "61b6dca01688d16782a884d2", "name": "exchange-depositing-transactions"}, {"id": "61b6dca61688d16782a884d3", "name": "exchange-withdrawing-transactions"}, {"id": "61b6dcae1688d16782a884d4", "name": "exchange-depositing-addresses"}, {"id": "61b6dcb31688d16782a884d5", "name": "exchange-withdrawing-addresses"}], "flow-indicator": [{"id": "625fb948a09f3d33d55ed836", "name": "exchange-supply-ratio"}], "market-data": [{"id": "61c0155462b04c1286a3ff47", "name": "price-volume"}], "addresses": [{"id": "620e1f812e920f5f0b2770a5", "name": "active-addresses"}, {"id": "620e1f852e920f5f0b2770a8", "name": "active-sending-addresses"}, {"id": "620e1f8a2e920f5f0b2770ab", "name": "active-receiving-addresses"}], "supply": [{"id": "620e1f4a2e920f5f0b277080", "name": "total-supply"}, {"id": "620e1f542e920f5f0b277087", "name": "velocity"}, {"id": "620e2e41cdc76f4e17ed21cc", "name": "minted-supply"}, {"id": "620e2e45cdc76f4e17ed21cf", "name": "burned-supply"}], "transactions": [{"id": "620e1f5b2e920f5f0b27708c", "name": "transaction-count-total"}, {"id": "620e1f602e920f5f0b27708f", "name": "transaction-count-mean"}, {"id": "620e1f662e920f5f0b277093", "name": "transfer-count-total"}, {"id": "620e1f6a2e920f5f0b277096", "name": "transfer-count-mean"}, {"id": "620e1f702e920f5f0b27709a", "name": "tokens-transferred-total"}, {"id": "620e1f752e920f5f0b27709d", "name": "tokens-transferred-mean"}, {"id": "620e1f7a2e920f5f0b2770a0", "name": "tokens-transferred-median"}]}