{"exchange-flows": [{"id": "622a08171ef01949d467b318", "name": "exchange-reserve"}, {"id": "622a08171ef01949d467b330", "name": "exchange-reserve-usd"}, {"id": "622a08171ef01949d467b362", "name": "exchange-inflow-total"}, {"id": "622a08171ef01949d467b3c3", "name": "exchange-outflow-total"}, {"id": "622a08171ef01949d467b349", "name": "exchange-netflow-total"}, {"id": "622a08171ef01949d467b392", "name": "exchange-inflow-mean"}, {"id": "622a08171ef01949d467b3f3", "name": "exchange-outflow-mean"}, {"id": "622a08171ef01949d467b37a", "name": "exchange-inflow-top10"}, {"id": "622a08171ef01949d467b3db", "name": "exchange-outflow-top10"}, {"id": "622a08171ef01949d467b40b", "name": "exchange-outflow-mean-ma7"}, {"id": "622a08171ef01949d467b3aa", "name": "exchange-inflow-mean-ma7"}, {"id": "622a08171ef01949d467b424", "name": "exchange-depositing-transactions"}, {"id": "622a08171ef01949d467b43c", "name": "exchange-withdrawing-transactions"}, {"id": "622a08171ef01949d467b455", "name": "exchange-depositing-addresses"}, {"id": "622a08171ef01949d467b46d", "name": "exchange-withdrawing-addresses"}], "flow-indicator": [{"id": "625fb9b5a09f3d33d55eda6e", "name": "exchange-supply-ratio"}], "market-data": [{"id": "61ca73d3def50741844a0d4b", "name": "price-volume"}], "addresses": [{"id": "620e234f2e920f5f0b277345", "name": "active-addresses"}, {"id": "620e23532e920f5f0b277348", "name": "active-sending-addresses"}, {"id": "620e23582e920f5f0b27734b", "name": "active-receiving-addresses"}], "supply": [{"id": "620e231a2e920f5f0b277320", "name": "total-supply"}, {"id": "620e23242e920f5f0b277327", "name": "velocity"}, {"id": "620e2ef8cdc76f4e17ed2220", "name": "minted-supply"}, {"id": "620e2efccdc76f4e17ed2223", "name": "burned-supply"}], "transactions": [{"id": "620e232b2e920f5f0b27732c", "name": "transaction-count-total"}, {"id": "620e232f2e920f5f0b27732f", "name": "transaction-count-mean"}, {"id": "620e23352e920f5f0b277333", "name": "transfer-count-total"}, {"id": "620e233a2e920f5f0b277336", "name": "transfer-count-mean"}, {"id": "620e233f2e920f5f0b27733a", "name": "tokens-transferred-total"}, {"id": "620e23442e920f5f0b27733d", "name": "tokens-transferred-mean"}, {"id": "620e23492e920f5f0b277340", "name": "tokens-transferred-median"}]}