{"exchange-flows": [{"id": "622a08311ef01949d467d1ba", "name": "exchange-reserve"}, {"id": "622a08311ef01949d467d1ef", "name": "exchange-reserve-usd"}, {"id": "622a08321ef01949d467d25b", "name": "exchange-inflow-total"}, {"id": "622a08321ef01949d467d330", "name": "exchange-outflow-total"}, {"id": "622a08321ef01949d467d225", "name": "exchange-netflow-total"}, {"id": "622a08321ef01949d467d2c5", "name": "exchange-inflow-mean"}, {"id": "622a08321ef01949d467d39a", "name": "exchange-outflow-mean"}, {"id": "622a08321ef01949d467d290", "name": "exchange-inflow-top10"}, {"id": "622a08321ef01949d467d365", "name": "exchange-outflow-top10"}, {"id": "622a08331ef01949d467d3cf", "name": "exchange-outflow-mean-ma7"}, {"id": "622a08321ef01949d467d2fa", "name": "exchange-inflow-mean-ma7"}, {"id": "622a08331ef01949d467d405", "name": "exchange-depositing-transactions"}, {"id": "622a08331ef01949d467d43a", "name": "exchange-withdrawing-transactions"}, {"id": "622a08331ef01949d467d470", "name": "exchange-depositing-addresses"}, {"id": "622a08331ef01949d467d4a5", "name": "exchange-withdrawing-addresses"}], "flow-indicator": [{"id": "625fb923a09f3d33d55ed76f", "name": "exchange-supply-ratio"}], "market-data": [{"id": "61ca73d7def50741844a0e1d", "name": "price-volume"}], "addresses": [{"id": "625e23d8e3a6f37be8d2c844", "name": "active-addresses"}, {"id": "625e23d8e3a6f37be8d2c847", "name": "active-sending-addresses"}, {"id": "625e23d8e3a6f37be8d2c84a", "name": "active-receiving-addresses"}], "supply": [{"id": "625e23d8e3a6f37be8d2c84f", "name": "total-supply"}, {"id": "625e23d8e3a6f37be8d2c859", "name": "velocity"}, {"id": "625e23d8e3a6f37be8d2c852", "name": "minted-supply"}, {"id": "625e23d8e3a6f37be8d2c855", "name": "burned-supply"}], "transactions": [{"id": "625e23d8e3a6f37be8d2c85e", "name": "transaction-count-total"}, {"id": "625e23d8e3a6f37be8d2c861", "name": "transaction-count-mean"}, {"id": "625e23d8e3a6f37be8d2c865", "name": "transfer-count-total"}, {"id": "625e23d8e3a6f37be8d2c868", "name": "transfer-count-mean"}, {"id": "625e23d8e3a6f37be8d2c86c", "name": "tokens-transferred-total"}, {"id": "625e23d8e3a6f37be8d2c86f", "name": "tokens-transferred-mean"}, {"id": "625e23d8e3a6f37be8d2c872", "name": "tokens-transferred-median"}]}